Date;Oil
Nov 15 2019;57,86
Nov 14 2019;56,95
Nov 13 2019;57,38
Nov 12 2019;56,62
Nov 11 2019;56,59
Nov 10 2019;57,06
Nov 08 2019;57,36
Nov 07 2019;56,88
Nov 06 2019;56,24
Nov 05 2019;57,01
Nov 04 2019;56,48
Nov 03 2019;56,11
Nov 01 2019;56,05
Oct 31 2019;53,97
Oct 30 2019;54,76
Oct 29 2019;55,36
Oct 28 2019;55,70
Oct 27 2019;56,56
Oct 25 2019;56,49
Oct 24 2019;55,95
Oct 23 2019;55,59
Oct 22 2019;54,05
Oct 21 2019;53,39
Oct 20 2019;53,56
Oct 18 2019;53,73
Oct 17 2019;53,95
Oct 16 2019;52,81
Oct 15 2019;52,99
Oct 14 2019;53,55
Oct 13 2019;54,80
Oct 11 2019;54,89
Oct 10 2019;53,92
Oct 09 2019;52,20
Oct 08 2019;52,41
Oct 07 2019;52,95
Oct 06 2019;52,64
Oct 04 2019;53,00
Oct 03 2019;52,38
Oct 02 2019;52,52
Oct 01 2019;54,05
Sep 30 2019;54,26
Sep 29 2019;56,08
Sep 27 2019;56,17
Sep 26 2019;56,30
Sep 25 2019;56,74
Sep 24 2019;56,83
Sep 23 2019;58,38
Sep 22 2019;58,72
Sep 20 2019;58,41
Sep 19 2019;58,87
Sep 18 2019;58,11
Sep 17 2019;58,91
Sep 16 2019;61,88
Sep 15 2019;61,34
Sep 13 2019;54,84
Sep 12 2019;55,17
Sep 11 2019;56,22
Sep 10 2019;57,97
Sep 09 2019;58,19
Sep 08 2019;56,88
Sep 06 2019;56,66
Sep 05 2019;56,28
Sep 04 2019;56,05
Sep 03 2019;53,88
Sep 02 2019;54,69
Sep 01 2019;54,83
Aug 30 2019;55,17
Aug 29 2019;56,61
Aug 28 2019;55,88
Aug 27 2019;55,63
Aug 26 2019;53,82
Aug 25 2019;53,15
Aug 23 2019;53,96
Aug 22 2019;55,55
Aug 21 2019;56,02
Aug 20 2019;56,23
Aug 19 2019;56,01
Aug 18 2019;55,22
Aug 16 2019;54,88
Aug 15 2019;54,76
Aug 14 2019;54,92
Aug 13 2019;56,76
Aug 12 2019;54,80
Aug 11 2019;54,20
Aug 09 2019;54,22
Aug 08 2019;52,77
Aug 07 2019;52,23
Aug 06 2019;53,31
Aug 05 2019;53,98
Aug 04 2019;55,27
Aug 02 2019;55,12
Aug 01 2019;54,34
Jul 31 2019;57,54
Jul 30 2019;58,16
Jul 29 2019;57,01
Jul 28 2019;55,88
Jul 26 2019;56,05
Jul 25 2019;55,95
Jul 24 2019;55,86
Jul 23 2019;56,91
Jul 22 2019;55,95
Jul 21 2019;56,09
Jul 19 2019;55,74
Jul 18 2019;55,66
Jul 17 2019;56,53
Jul 16 2019;57,56
Jul 15 2019;59,41
Jul 14 2019;60,06
Jul 12 2019;60,28
Jul 11 2019;60,34
Jul 10 2019;60,38
Jul 09 2019;58,57
Jul 08 2019;57,34
Jul 07 2019;57,55
Jul 05 2019;57,61
Jul 04 2019;56,66
Jul 03 2019;57,27
Jul 02 2019;56,40
Jul 01 2019;58,58
Jun 30 2019;59,38
Jun 28 2019;58,02
Jun 27 2019;59,17
Jun 26 2019;58,77
Jun 25 2019;58,59
Jun 24 2019;57,60
Jun 23 2019;57,61
Jun 21 2019;57,36
Jun 20 2019;57,18
Jun 19 2019;54,41
Jun 18 2019;54,20
Jun 17 2019;51,84
Jun 16 2019;52,66
Jun 14 2019;52,47
Jun 13 2019;52,05
Jun 12 2019;51,20
Jun 11 2019;52,77
Jun 10 2019;53,28
Jun 09 2019;54,38
Jun 07 2019;53,98
Jun 06 2019;53,20
Jun 05 2019;51,55
Jun 04 2019;52,98
Jun 03 2019;53,02
Jun 02 2019;52,74
May 31 2019;53,25
May 30 2019;55,79
May 29 2019;58,95
May 28 2019;58,80
May 27 2019;59,04
May 26 2019;58,66
May 24 2019;58,88
May 23 2019;58,05
May 22 2019;61,20
May 21 2019;62,63
May 20 2019;63,24
May 19 2019;63,41
May 17 2019;62,74
May 16 2019;63,16
May 15 2019;62,20
May 14 2019;61,27
May 13 2019;60,92
May 12 2019;61,30
May 10 2019;61,71
May 09 2019;61,84
May 08 2019;61,91
May 07 2019;61,51
May 06 2019;62,26
May 05 2019;60,45
May 03 2019;61,80
May 02 2019;61,62
May 01 2019;63,41
Apr 30 2019;63,48
Apr 29 2019;63,47
Apr 28 2019;62,78
Apr 26 2019;62,77
Apr 25 2019;64,89
Apr 24 2019;65,66
Apr 23 2019;65,94
Apr 22 2019;65,67
Apr 21 2019;64,39
Apr 18 2019;63,96
Apr 17 2019;63,71
Apr 16 2019;64,33
Apr 15 2019;63,46
Apr 14 2019;63,61
Apr 12 2019;63,73
Apr 11 2019;63,71
Apr 10 2019;64,27
Apr 09 2019;64,09
Apr 08 2019;64,35
Apr 07 2019;63,31
Apr 05 2019;63,16
Apr 04 2019;61,84
Apr 03 2019;62,26
Apr 02 2019;62,36
Apr 01 2019;61,58
Mar 31 2019;60,17
Mar 29 2019;59,98
Mar 28 2019;59,30
Mar 27 2019;59,12
Mar 26 2019;59,62
Mar 25 2019;58,92
Mar 24 2019;58,56
Mar 22 2019;58,69
Mar 21 2019;59,64
Mar 20 2019;59,80
Mar 19 2019;58,92
Mar 18 2019;59,05
Mar 17 2019;58,41
Mar 15 2019;58,34
Mar 14 2019;58,48
Mar 13 2019;58,23
Mar 12 2019;57,06
Mar 11 2019;56,87
Mar 10 2019;56,02
Mar 08 2019;55,86
Mar 07 2019;56,28
Mar 06 2019;55,95
Mar 05 2019;55,98
Mar 04 2019;56,22
Mar 03 2019;55,78
Mar 01 2019;55,50
Feb 28 2019;56,94
Feb 27 2019;56,70
Feb 26 2019;55,73
Feb 25 2019;55,15
Feb 24 2019;57,02
Feb 22 2019;56,74
Feb 21 2019;56,49
Feb 20 2019;56,83
Feb 19 2019;55,91
Feb 18 2019;55,86
Feb 17 2019;55,91
Feb 15 2019;55,76
Feb 14 2019;54,52
Feb 13 2019;53,92
Feb 12 2019;53,41
Feb 11 2019;52,34
Feb 10 2019;52,41
Feb 08 2019;52,60
Feb 07 2019;52,38
Feb 06 2019;53,83
Feb 05 2019;53,64
Feb 04 2019;54,59
Feb 03 2019;55,06
Feb 01 2019;55,17
Jan 31 2019;53,71
Jan 30 2019;54,28
Jan 29 2019;53,12
Jan 28 2019;51,86
Jan 27 2019;53,05
Jan 25 2019;53,30
Jan 24 2019;52,84
Jan 23 2019;52,20
Jan 22 2019;52,62
Jan 21 2019;53,95
Jan 20 2019;53,36
Jan 18 2019;53,67
Jan 17 2019;52,17
Jan 16 2019;52,23
Jan 15 2019;51,87
Jan 14 2019;50,64
Jan 13 2019;51,78
Jan 11 2019;51,64
Jan 10 2019;52,20
Jan 09 2019;52,08
Jan 08 2019;49,89
Jan 07 2019;48,66
Jan 06 2019;48,49
Jan 04 2019;48,18
Jan 03 2019;46,78
Jan 02 2019;45,66
Dec 31 2018;45,00
Dec 30 2018;45,34
Dec 28 2018;44,92
Dec 27 2018;45,23
Dec 26 2018;46,39
Dec 24 2018;42,27
Dec 23 2018;45,33
Dec 21 2018;45,08
Dec 20 2018;46,06
Dec 19 2018;47,08
Dec 18 2018;46,30
Dec 17 2018;49,32
Dec 16 2018;51,30
Dec 14 2018;51,17
Dec 13 2018;52,78
Dec 12 2018;51,31
Dec 11 2018;51,98
Dec 10 2018;50,89
Dec 09 2018;52,33
Dec 07 2018;52,05
Dec 06 2018;51,42
Dec 05 2018;52,59
Dec 04 2018;52,68
Dec 03 2018;53,16
Dec 02 2018;52,21
Nov 30 2018;50,60
Nov 29 2018;51,27
Nov 28 2018;50,47
Nov 27 2018;51,93
Nov 26 2018;51,45
Nov 25 2018;50,45
Nov 23 2018;50,89
Nov 22 2018;53,84
Nov 21 2018;54,47
Nov 20 2018;53,30
Nov 19 2018;57,19
Nov 18 2018;57,09
Nov 16 2018;56,81
Nov 15 2018;56,47
Nov 14 2018;55,89
Nov 13 2018;55,70
Nov 12 2018;58,94
Nov 11 2018;60,76
Nov 09 2018;59,80
Nov 08 2018;60,68
Nov 07 2018;61,62
Nov 06 2018;61,74
Nov 05 2018;62,80
Nov 04 2018;62,91
Nov 02 2018;62,77
Nov 01 2018;63,52
Oct 31 2018;64,95
Oct 30 2018;66,40
Oct 29 2018;66,61
Oct 28 2018;67,59
Oct 26 2018;67,50
Oct 25 2018;66,81
Oct 24 2018;66,06
Oct 23 2018;66,27
Oct 22 2018;69,47
Oct 21 2018;69,34
Oct 19 2018;69,39
Oct 18 2018;68,83
Oct 17 2018;69,95
Oct 16 2018;72,32
Oct 15 2018;71,92
Oct 14 2018;72,39
Oct 12 2018;71,56
Oct 11 2018;71,20
Oct 10 2018;72,80
Oct 09 2018;74,91
Oct 08 2018;74,42
Oct 07 2018;74,05
Oct 05 2018;74,50
Oct 04 2018;74,97
Oct 03 2018;76,39
Oct 02 2018;75,42
Oct 01 2018;75,77
Sep 30 2018;73,75
Sep 28 2018;73,78
Sep 27 2018;72,42
Sep 26 2018;72,42
Sep 25 2018;72,23
Sep 24 2018;72,50
Sep 23 2018;71,81
Sep 21 2018;71,09
Sep 20 2018;70,55
Sep 19 2018;71,42
Sep 18 2018;69,86
Sep 17 2018;68,61
Sep 16 2018;68,89
Sep 14 2018;69,17
Sep 13 2018;69,04
Sep 12 2018;70,39
Sep 11 2018;70,09
Sep 10 2018;67,86
Sep 09 2018;68,42
Sep 07 2018;68,17
Sep 06 2018;68,33
Sep 05 2018;69,02
Sep 04 2018;69,86
Sep 03 2018;70,61
Sep 02 2018;70,44
Aug 31 2018;70,49
Aug 30 2018;70,64
Aug 29 2018;70,30
Aug 28 2018;69,22
Aug 27 2018;69,67
Aug 26 2018;69,38
Aug 24 2018;69,34
Aug 23 2018;68,65
Aug 22 2018;68,81
Aug 21 2018;66,88
Aug 20 2018;66,31
Aug 19 2018;65,86
Aug 17 2018;66,08
Aug 16 2018;65,61
Aug 15 2018;65,11
Aug 14 2018;67,02
Aug 13 2018;67,72
Aug 12 2018;68,17
Aug 10 2018;68,23
Aug 09 2018;67,25
Aug 08 2018;67,31
Aug 07 2018;69,78
Aug 06 2018;69,50
Aug 05 2018;69,25
Aug 03 2018;69,42
Aug 02 2018;69,72
Aug 01 2018;68,64
Jul 31 2018;69,28
Jul 30 2018;71,04
Jul 29 2018;69,92
Jul 27 2018;70,07
Jul 26 2018;70,64
Jul 25 2018;70,58
Jul 24 2018;69,91
Jul 23 2018;69,02
Jul 22 2018;69,53
Jul 20 2018;69,47
Jul 19 2018;69,52
Jul 18 2018;68,94
Jul 17 2018;67,81
Jul 16 2018;68,08
Jul 15 2018;70,71
Jul 13 2018;70,59
Jul 12 2018;70,36
Jul 11 2018;70,64
Jul 10 2018;74,08
Jul 09 2018;74,03
Jul 08 2018;73,94
Jul 06 2018;74,00
Jul 05 2018;73,15
Jul 04 2018;74,22
Jul 03 2018;74,72
Jul 02 2018;74,06
Jul 01 2018;73,59
Jun 29 2018;74,39
Jun 28 2018;73,45
Jun 27 2018;72,61
Jun 26 2018;70,75
Jun 25 2018;68,16
Jun 24 2018;68,89
Jun 22 2018;69,35
Jun 21 2018;65,97
Jun 20 2018;65,67
Jun 19 2018;65,25
Jun 18 2018;65,61
Jun 17 2018;64,39
Jun 15 2018;64,35
Jun 14 2018;66,94
Jun 13 2018;66,62
Jun 12 2018;65,83
Jun 11 2018;66,11
Jun 10 2018;65,52
Jun 08 2018;65,55
Jun 07 2018;66,09
Jun 06 2018;65,11
Jun 05 2018;65,51
Jun 04 2018;64,92
Jun 03 2018;65,72
Jun 01 2018;65,71
May 31 2018;67,02
May 30 2018;68,04
May 29 2018;66,73
May 28 2018;66,97
May 27 2018;67,29
May 25 2018;67,42
May 24 2018;70,59
May 23 2018;71,75
May 22 2018;72,08
May 21 2018;72,44
May 20 2018;71,67
May 18 2018;71,39
May 17 2018;71,58
May 16 2018;71,55
May 15 2018;70,97
May 14 2018;71,06
May 13 2018;70,64
May 11 2018;70,52
May 10 2018;71,50
May 09 2018;71,42
May 08 2018;70,21
May 07 2018;70,02
May 06 2018;69,78
May 04 2018;69,78
May 03 2018;68,51
May 02 2018;67,66
May 01 2018;67,45
Apr 30 2018;68,53
Apr 29 2018;67,99
Apr 27 2018;67,98
Apr 26 2018;68,11
Apr 25 2018;68,22
Apr 24 2018;67,83
Apr 23 2018;68,98
Apr 22 2018;68,23
Apr 20 2018;68,09
Apr 19 2018;68,39
Apr 18 2018;68,75
Apr 17 2018;66,59
Apr 16 2018;66,42
Apr 15 2018;67,14
Apr 13 2018;67,31
Apr 12 2018;66,83
Apr 11 2018;66,80
Apr 10 2018;65,62
Apr 09 2018;63,26
Apr 08 2018;62,13
Apr 06 2018;61,89
Apr 05 2018;63,12
Apr 04 2018;63,61
Apr 03 2018;63,48
Apr 02 2018;63,02
Apr 01 2018;65,03
Mar 29 2018;64,86
Mar 28 2018;64,61
Mar 27 2018;64,75
Mar 26 2018;65,50
Mar 25 2018;66,33
Mar 23 2018;65,75
Mar 22 2018;64,47
Mar 21 2018;65,30
Mar 20 2018;63,66
Mar 19 2018;62,14
Mar 18 2018;62,12
Mar 16 2018;62,26
Mar 15 2018;61,26
Mar 14 2018;60,95
Mar 13 2018;60,89
Mar 12 2018;61,31
Mar 11 2018;62,18
Mar 09 2018;62,18
Mar 08 2018;60,32
Mar 07 2018;61,34
Mar 06 2018;62,08
Mar 05 2018;62,65
Mar 04 2018;61,62
Mar 02 2018;61,52
Mar 01 2018;61,30
Feb 28 2018;61,52
Feb 27 2018;62,89
Feb 26 2018;64,05
Feb 25 2018;63,64
Feb 23 2018;63,65
Feb 22 2018;62,73
Feb 21 2018;61,33
Feb 20 2018;61,73
Feb 19 2018;62,47
Feb 18 2018;61,83
Feb 16 2018;61,65
Feb 15 2018;61,49
Feb 14 2018;60,83
Feb 13 2018;58,97
Feb 12 2018;59,55
Feb 11 2018;59,39
Feb 09 2018;59,09
Feb 08 2018;60,52
Feb 07 2018;61,71
Feb 06 2018;63,91
Feb 05 2018;63,62
Feb 04 2018;65,06
Feb 02 2018;65,12
Feb 01 2018;66,11
Jan 31 2018;64,93
Jan 30 2018;63,83
Jan 29 2018;65,56
Jan 28 2018;66,31
Jan 26 2018;66,31
Jan 25 2018;65,22
Jan 24 2018;65,85
Jan 23 2018;64,51
Jan 22 2018;63,94
Jan 21 2018;63,49
Jan 19 2018;63,56
Jan 18 2018;63,66
Jan 17 2018;64,21
Jan 16 2018;63,87
Jan 15 2018;64,72
Jan 14 2018;64,28
Jan 12 2018;64,38
Jan 11 2018;63,51
Jan 10 2018;63,44
Jan 09 2018;63,34
Jan 08 2018;62,23
Jan 07 2018;61,64
Jan 05 2018;61,55
Jan 04 2018;61,92
Jan 03 2018;61,81
Jan 02 2018;60,40
Dec 29 2017;60,23
Dec 28 2017;59,81
Dec 27 2017;59,54
Dec 26 2017;59,78
Dec 22 2017;58,44
Dec 21 2017;58,14
Dec 20 2017;58,00
Dec 19 2017;57,65
Dec 18 2017;57,28
Dec 17 2017;57,38
Dec 15 2017;57,31
Dec 14 2017;57,05
Dec 13 2017;56,74
Dec 12 2017;57,41
Dec 11 2017;57,88
Dec 10 2017;57,12
Dec 08 2017;57,25
Dec 07 2017;56,50
Dec 06 2017;55,99
Dec 05 2017;57,34
Dec 04 2017;57,35
Dec 03 2017;58,09
Dec 01 2017;58,17
Nov 30 2017;57,24
Nov 29 2017;57,23
Nov 28 2017;57,56
Nov 27 2017;57,71
Nov 26 2017;58,71
Nov 24 2017;58,68
Nov 23 2017;58,22
Nov 22 2017;57,79
Nov 21 2017;56,88
Nov 20 2017;56,16
Nov 19 2017;56,58
Nov 17 2017;56,61
Nov 16 2017;55,17
Nov 15 2017;55,25
Nov 14 2017;55,02
Nov 13 2017;56,67
Nov 12 2017;56,84
Nov 10 2017;56,81
Nov 09 2017;56,96
Nov 08 2017;56,77
Nov 07 2017;56,91
Nov 06 2017;57,12
Nov 05 2017;55,72
Nov 03 2017;55,59
Nov 02 2017;54,79
Nov 01 2017;54,11
Oct 31 2017;54,43
Oct 30 2017;53,91
Oct 29 2017;53,91
Oct 27 2017;54,00
Oct 26 2017;52,50
Oct 25 2017;51,95
Oct 24 2017;52,27
Oct 23 2017;51,72
Oct 22 2017;51,91
Oct 20 2017;51,84
Oct 19 2017;51,39
Oct 18 2017;52,08
Oct 17 2017;51,98
Oct 16 2017;51,79
Oct 15 2017;51,82
Oct 13 2017;51,31
Oct 12 2017;50,60
Oct 11 2017;50,97
Oct 10 2017;50,74
Oct 09 2017;49,43
Oct 08 2017;49,28
Oct 06 2017;49,03
Oct 05 2017;50,56
Oct 04 2017;49,66
Oct 03 2017;49,83
Oct 02 2017;50,30
Oct 01 2017;51,36
Sep 29 2017;51,34
Sep 28 2017;51,28
Sep 27 2017;51,75
Sep 26 2017;51,74
Sep 25 2017;51,73
Sep 24 2017;50,27
Sep 22 2017;50,27
Sep 21 2017;50,31
Sep 20 2017;50,30
Sep 19 2017;49,79
Sep 18 2017;49,95
Sep 17 2017;49,79
Sep 15 2017;49,80
Sep 14 2017;49,72
Sep 13 2017;49,19
Sep 12 2017;48,25
Sep 11 2017;48,02
Sep 10 2017;47,62
Sep 08 2017;47,49
Sep 07 2017;49,04
Sep 06 2017;49,09
Sep 05 2017;48,50
Sep 04 2017;47,32
Sep 01 2017;47,33
Aug 31 2017;47,08
Aug 30 2017;45,94
Aug 29 2017;46,31
Aug 28 2017;46,78
Aug 25 2017;47,83
Aug 24 2017;47,59
Aug 23 2017;48,39
Aug 22 2017;47,64
Aug 21 2017;47,63
Aug 18 2017;48,63
Aug 17 2017;46,95
Aug 16 2017;46,78
Aug 15 2017;47,70
Aug 14 2017;47,52
Aug 11 2017;48,80
Aug 10 2017;48,52
Aug 09 2017;49,69
Aug 08 2017;48,97
Aug 07 2017;49,33
Aug 04 2017;49,52
Aug 03 2017;48,93
Aug 02 2017;49,58
Aug 01 2017;48,78
Jul 31 2017;50,19
Jul 28 2017;49,77
Jul 27 2017;49,14
Jul 26 2017;48,72
Jul 25 2017;48,58
Jul 24 2017;46,45
Jul 21 2017;45,59
Jul 20 2017;46,79
Jul 19 2017;47,16
Jul 18 2017;46,25
Jul 17 2017;45,98
Jul 14 2017;46,64
Jul 13 2017;46,08
Jul 12 2017;45,42
Jul 11 2017;45,76
Jul 10 2017;44,55
Jul 07 2017;44,33
Jul 06 2017;45,33
Jul 05 2017;45,62
Jul 03 2017;47,05
Jun 30 2017;46,34
Jun 29 2017;44,86
Jun 28 2017;44,87
Jun 27 2017;43,73
Jun 26 2017;43,48
Jun 23 2017;43,12
Jun 22 2017;42,77
Jun 21 2017;42,50
Jun 20 2017;43,23
Jun 19 2017;44,10
Jun 16 2017;44,70
Jun 15 2017;44,25
Jun 14 2017;44,66
Jun 13 2017;45,95
Jun 12 2017;46,00
Jun 09 2017;45,94
Jun 08 2017;45,69
Jun 07 2017;45,77
Jun 06 2017;47,98
Jun 05 2017;47,40
Jun 02 2017;47,77
Jun 01 2017;48,01
May 31 2017;48,63
May 30 2017;49,61
May 26 2017;49,84
May 25 2017;48,67
May 24 2017;51,30
May 23 2017;51,51
May 22 2017;50,73
May 19 2017;50,49
May 18 2017;49,36
May 17 2017;48,94
May 16 2017;48,25
May 15 2017;48,82
May 12 2017;47,86
May 11 2017;47,81
May 10 2017;47,34
May 09 2017;46,18
May 08 2017;46,50
May 05 2017;46,47
May 04 2017;45,48
May 03 2017;47,56
May 02 2017;48,06
May 01 2017;48,73
Apr 28 2017;49,20
Apr 27 2017;49,23
Apr 26 2017;49,18
Apr 25 2017;49,38
Apr 24 2017;49,20
Apr 21 2017;49,63
Apr 20 2017;50,27
Apr 19 2017;50,62
Apr 18 2017;52,33
Apr 17 2017;52,73
Apr 13 2017;52,93
Apr 12 2017;52,84
Apr 11 2017;53,41
Apr 10 2017;53,15
Apr 07 2017;52,33
Apr 06 2017;51,74
Apr 05 2017;50,84
Apr 04 2017;51,10
Apr 03 2017;50,24
Mar 31 2017;50,79
Mar 30 2017;50,36
Mar 29 2017;49,60
Mar 28 2017;48,45
Mar 27 2017;47,84
Mar 24 2017;48,13
Mar 23 2017;47,67
Mar 22 2017;48,12
Mar 21 2017;47,34
Mar 20 2017;48,20
Mar 17 2017;48,68
Mar 16 2017;48,80
Mar 15 2017;48,98
Mar 14 2017;48,48
Mar 13 2017;48,44
Mar 10 2017;48,38
Mar 09 2017;49,62
Mar 08 2017;50,19
Mar 07 2017;52,77
Mar 06 2017;53,18
Mar 03 2017;53,20
Mar 02 2017;52,59
Mar 01 2017;53,67
Feb 28 2017;53,99
Feb 27 2017;54,03
Feb 24 2017;54,00
Feb 23 2017;54,39
Feb 22 2017;53,88
Feb 21 2017;54,06
Feb 17 2017;53,38
Feb 16 2017;53,43
Feb 15 2017;53,01
Feb 14 2017;53,03
Feb 13 2017;52,88
Feb 10 2017;53,84
Feb 09 2017;53,16
Feb 08 2017;52,39
Feb 07 2017;51,69
Feb 06 2017;53,12
Feb 03 2017;53,84
Feb 02 2017;53,70
Feb 01 2017;53,55
Jan 31 2017;52,80
Jan 30 2017;52,60
Jan 27 2017;53,17
Jan 26 2017;53,73
Jan 25 2017;52,94
Jan 24 2017;52,92
Jan 23 2017;52,84
Jan 20 2017;52,48
Jan 19 2017;51,47
Jan 18 2017;51,44
Jan 17 2017;52,53
Jan 13 2017;52,53
Jan 12 2017;53,05
Jan 11 2017;52,39
Jan 10 2017;50,77
Jan 09 2017;51,77
Jan 06 2017;53,69
Jan 05 2017;53,76
Jan 04 2017;53,35
Jan 03 2017;52,48
Dec 30 2016;53,89
Dec 29 2016;53,86
Dec 28 2016;53,66
Dec 27 2016;53,85
Dec 23 2016;53,24
Dec 22 2016;52,64
Dec 21 2016;52,50
Dec 20 2016;52,23
Dec 19 2016;52,03
Dec 16 2016;52,03
Dec 15 2016;51,06
Dec 14 2016;50,78
Dec 13 2016;52,45
Dec 12 2016;52,42
Dec 09 2016;51,48
Dec 08 2016;50,93
Dec 07 2016;49,85
Dec 06 2016;50,91
Dec 05 2016;50,96
Dec 02 2016;51,67
Dec 01 2016;50,87
Nov 30 2016;49,00
Nov 29 2016;45,27
Nov 28 2016;46,92
Nov 25 2016;45,96
Nov 23 2016;47,94
Nov 22 2016;47,87
Nov 21 2016;47,49
Nov 18 2016;45,50
Nov 17 2016;44,94
Nov 16 2016;45,36
Nov 15 2016;45,77
Nov 14 2016;43,71
Nov 11 2016;43,16
Nov 10 2016;44,32
Nov 09 2016;45,34
Nov 08 2016;44,83
Nov 07 2016;44,95
Nov 04 2016;44,14
Nov 03 2016;44,65
Nov 02 2016;45,49
Nov 01 2016;46,39
Oct 31 2016;46,72
Oct 28 2016;48,66
Oct 27 2016;49,61
Oct 26 2016;49,19
Oct 25 2016;49,33
Oct 24 2016;50,46
Oct 21 2016;50,95
Oct 20 2016;50,43
Oct 19 2016;51,72
Oct 18 2016;50,75
Oct 17 2016;50,06
Oct 14 2016;50,33
Oct 13 2016;50,52
Oct 12 2016;50,03
Oct 11 2016;50,84
Oct 10 2016;51,14
Oct 07 2016;49,62
Oct 06 2016;50,59
Oct 05 2016;49,69
Oct 04 2016;49,20
Oct 03 2016;48,66
Sep 30 2016;48,05
Sep 29 2016;47,73
Sep 28 2016;47,17
Sep 27 2016;44,92
Sep 26 2016;45,64
Sep 23 2016;44,61
Sep 22 2016;46,09
Sep 21 2016;45,63
Sep 20 2016;43,44
Sep 19 2016;43,25
Sep 16 2016;43,14
Sep 15 2016;43,72
Sep 14 2016;43,62
Sep 13 2016;44,97
Sep 12 2016;46,05
Sep 09 2016;45,72
Sep 08 2016;47,31
Sep 07 2016;46,14
Sep 06 2016;44,88
Sep 02 2016;44,24
Sep 01 2016;43,51
Aug 31 2016;44,84
Aug 30 2016;46,27
Aug 29 2016;46,95
Aug 26 2016;47,30
Aug 25 2016;47,38
Aug 24 2016;46,78
Aug 23 2016;47,57
Aug 22 2016;47,05
Aug 19 2016;48,48
Aug 18 2016;48,34
Aug 17 2016;46,90
Aug 16 2016;46,39
Aug 15 2016;45,68
Aug 12 2016;44,73
Aug 11 2016;43,41
Aug 10 2016;41,48
Aug 09 2016;42,73
Aug 08 2016;42,87
Aug 05 2016;41,98
Aug 04 2016;41,78
Aug 03 2016;41,19
Aug 02 2016;39,72
Aug 01 2016;40,05
Jul 29 2016;41,38
Jul 28 2016;41,11
Jul 27 2016;41,89
Jul 26 2016;42,65
Jul 25 2016;43,05
Jul 22 2016;44,27
Jul 21 2016;44,53
Jul 20 2016;44,94
Jul 19 2016;44,47
Jul 18 2016;45,22
Jul 15 2016;46,26
Jul 14 2016;45,49
Jul 13 2016;45,11
Jul 12 2016;46,62
Jul 11 2016;44,54
Jul 08 2016;45,16
Jul 07 2016;45,20
Jul 06 2016;47,87
Jul 05 2016;46,85
Jul 01 2016;49,26
Jun 30 2016;48,38
Jun 29 2016;49,53
Jun 28 2016;48,08
Jun 27 2016;46,62
Jun 24 2016;47,61
Jun 23 2016;50,18
Jun 22 2016;48,98
Jun 21 2016;48,85
Jun 20 2016;49,30
Jun 17 2016;48,22
Jun 16 2016;46,01
Jun 15 2016;47,46
Jun 14 2016;47,88
Jun 13 2016;48,57
Jun 10 2016;48,92
Jun 09 2016;50,44
Jun 08 2016;51,50
Jun 07 2016;50,42
Jun 06 2016;49,73
Jun 03 2016;48,85
Jun 02 2016;49,02
Jun 01 2016;48,92
May 31 2016;48,87
May 27 2016;49,55
May 26 2016;49,37
May 25 2016;49,70
May 24 2016;49,14
May 23 2016;48,11
May 20 2016;47,47
May 19 2016;48,49
May 18 2016;47,98
May 17 2016;48,56
May 16 2016;47,89
May 13 2016;46,35
May 12 2016;46,43
May 11 2016;46,01
May 10 2016;44,55
May 09 2016;43,26
May 06 2016;44,61
May 05 2016;44,47
May 04 2016;44,05
May 03 2016;43,86
May 02 2016;44,92
Apr 29 2016;46,00
Apr 28 2016;45,87
Apr 27 2016;45,32
Apr 26 2016;44,67
Apr 25 2016;42,98
Apr 22 2016;43,72
Apr 21 2016;43,43
Apr 20 2016;42,63
Apr 19 2016;41,26
Apr 18 2016;40,05
Apr 15 2016;40,41
Apr 14 2016;41,45
Apr 13 2016;41,55
Apr 12 2016;41,66
Apr 11 2016;40,35
Apr 08 2016;39,67
Apr 07 2016;37,48
Apr 06 2016;37,73
Apr 05 2016;36,57
Apr 04 2016;35,48
Apr 01 2016;36,70
Mar 31 2016;38,12
Mar 30 2016;38,29
Mar 29 2016;38,49
Mar 28 2016;39,33
Mar 24 2016;39,52
Mar 23 2016;39,77
Mar 22 2016;41,24
Mar 21 2016;39,91
Mar 18 2016;40,53
Mar 17 2016;40,34
Mar 16 2016;38,55
Mar 15 2016;36,77
Mar 14 2016;37,36
Mar 11 2016;38,48
Mar 10 2016;38,02
Mar 09 2016;38,20
Mar 08 2016;36,36
Mar 07 2016;37,97
Mar 04 2016;36,31
Mar 03 2016;34,69
Mar 02 2016;34,74
Mar 01 2016;33,85
Feb 29 2016;33,91
Feb 26 2016;32,79
Feb 25 2016;33,07
Feb 24 2016;32,21
Feb 23 2016;31,40
Feb 22 2016;31,48
Feb 19 2016;29,87
Feb 18 2016;30,70
Feb 17 2016;31,43
Feb 16 2016;29,12
Feb 12 2016;29,12
Feb 11 2016;27,22
Feb 10 2016;27,30
Feb 09 2016;28,30
Feb 08 2016;30,16
Feb 05 2016;30,99
Feb 04 2016;31,66
Feb 03 2016;32,72
Feb 02 2016;29,66
Feb 01 2016;31,33
Jan 29 2016;33,75
Jan 28 2016;33,75
Jan 27 2016;32,17
Jan 26 2016;30,52
Jan 25 2016;29,80
Jan 22 2016;32,25
Jan 21 2016;29,85
Jan 20 2016;26,55
Jan 19 2016;28,38
Jan 15 2016;29,71
Jan 14 2016;31,22
Jan 13 2016;30,55
Jan 12 2016;30,57
Jan 11 2016;31,12
Jan 08 2016;32,91
Jan 07 2016;33,27
Jan 06 2016;34,04
Jan 05 2016;36,12
Jan 04 2016;36,89
Dec 31 2015;37,11
Dec 30 2015;36,80
Dec 29 2015;37,36
Dec 28 2015;36,69
Dec 24 2015;38,11
Dec 23 2015;37,89
Dec 22 2015;36,45
Dec 21 2015;34,74
Dec 18 2015;34,49
Dec 17 2015;34,72
Dec 16 2015;35,72
Dec 15 2015;36,74
Dec 14 2015;36,25
Dec 11 2015;35,36
Dec 10 2015;36,56
Dec 09 2015;37,23
Dec 08 2015;37,84
Dec 07 2015;37,64
Dec 04 2015;40,15
Dec 03 2015;41,28
Dec 02 2015;40,10
Dec 01 2015;41,66
Nov 30 2015;41,69
Nov 27 2015;41,76
Nov 25 2015;43,20
Nov 24 2015;42,64
Nov 23 2015;42,03
Nov 20 2015;40,39
Nov 19 2015;40,53
Nov 18 2015;40,59
Nov 17 2015;41,06
Nov 16 2015;42,04
Nov 13 2015;40,75
Nov 12 2015;41,61
Nov 11 2015;42,99
Nov 10 2015;43,65
Nov 09 2015;44,10
Nov 06 2015;44,55
Nov 05 2015;45,32
Nov 04 2015;46,54
Nov 03 2015;47,70
Nov 02 2015;46,08
Oct 30 2015;46,42
Oct 29 2015;45,72
Oct 28 2015;46,19
Oct 27 2015;43,42
Oct 26 2015;43,77
Oct 23 2015;44,72
Oct 22 2015;45,42
Oct 21 2015;45,20
Oct 20 2015;45,55
Oct 19 2015;46,08
Oct 16 2015;47,27
Oct 15 2015;46,95
Oct 14 2015;46,30
Oct 13 2015;46,60
Oct 12 2015;47,44
Oct 09 2015;49,53
Oct 08 2015;49,65
Oct 07 2015;48,13
Oct 06 2015;49,05
Oct 05 2015;46,25
Oct 02 2015;45,66
Oct 01 2015;45,05
Sep 30 2015;45,41
Sep 29 2015;44,86
Sep 28 2015;44,45
Sep 25 2015;45,44
Sep 24 2015;45,10
Sep 23 2015;44,62
Sep 22 2015;45,83
Sep 21 2015;45,57
Sep 18 2015;44,77
Sep 17 2015;46,86
Sep 16 2015;47,18
Sep 15 2015;45,16
Sep 14 2015;44,16
Sep 11 2015;44,78
Sep 10 2015;45,70
Sep 09 2015;44,09
Sep 08 2015;45,75
Sep 04 2015;45,70
Sep 03 2015;46,67
Sep 02 2015;46,06
Sep 01 2015;44,17
Aug 31 2015;48,16
Aug 28 2015;45,40
Aug 27 2015;42,81
Aug 26 2015;38,89
Aug 25 2015;39,58
Aug 24 2015;38,13
Aug 21 2015;40,35
Aug 20 2015;41,14
Aug 19 2015;40,50
Aug 18 2015;42,42
Aug 17 2015;41,86
Aug 14 2015;42,16
Aug 13 2015;42,22
Aug 12 2015;43,36
Aug 11 2015;43,23
Aug 10 2015;44,80
Aug 07 2015;43,79
Aug 06 2015;44,83
Aug 05 2015;45,16
Aug 04 2015;45,98
Aug 03 2015;45,31
Jul 31 2015;46,77
Jul 30 2015;48,45
Jul 29 2015;48,89
Jul 28 2015;47,80
Jul 27 2015;47,00
Jul 24 2015;47,97
Jul 23 2015;48,81
Jul 22 2015;49,19
Jul 21 2015;50,36
Jul 20 2015;49,88
Jul 17 2015;50,80
Jul 16 2015;50,98
Jul 15 2015;51,62
Jul 14 2015;53,37
Jul 13 2015;52,03
Jul 10 2015;52,81
Jul 09 2015;52,55
Jul 08 2015;51,86
Jul 07 2015;52,91
Jul 06 2015;52,68
Jul 02 2015;56,50
Jul 01 2015;56,84
Jun 30 2015;59,00
Jun 29 2015;58,25
Jun 26 2015;59,58
Jun 25 2015;59,65
Jun 24 2015;60,22
Jun 23 2015;61,11
Jun 22 2015;59,68
Jun 19 2015;59,28
Jun 18 2015;60,51
Jun 17 2015;59,80
Jun 16 2015;60,05
Jun 15 2015;59,61
Jun 12 2015;59,97
Jun 11 2015;60,53
Jun 10 2015;61,11
Jun 09 2015;60,53
Jun 08 2015;58,31
Jun 05 2015;58,92
Jun 04 2015;57,99
Jun 03 2015;59,62
Jun 02 2015;61,05
Jun 01 2015;60,21
May 29 2015;60,30
May 28 2015;57,98
May 27 2015;57,59
May 26 2015;58,33
May 22 2015;59,97
May 21 2015;60,67
May 20 2015;58,76
May 19 2015;57,26
May 18 2015;59,70
May 15 2015;59,84
May 14 2015;59,70
May 13 2015;60,11
May 12 2015;61,17
May 11 2015;59,30
May 08 2015;59,45
May 07 2015;58,98
May 06 2015;60,62
May 05 2015;60,67
May 04 2015;58,98
May 01 2015;59,24
Apr 30 2015;59,74
Apr 29 2015;58,60
Apr 28 2015;56,96
Apr 27 2015;56,68
Apr 24 2015;57,45
Apr 23 2015;57,47
Apr 22 2015;56,25
Apr 21 2015;55,26
Apr 20 2015;56,66
Apr 17 2015;56,12
Apr 16 2015;56,55
Apr 15 2015;55,96
Apr 14 2015;53,49
Apr 13 2015;52,00
Apr 10 2015;51,79
Apr 09 2015;50,73
Apr 08 2015;50,94
Apr 07 2015;53,27
Apr 06 2015;51,97
Apr 02 2015;49,52
Apr 01 2015;49,61
Mar 31 2015;47,52
Mar 30 2015;48,73
Mar 27 2015;48,34
Mar 26 2015;50,97
Mar 25 2015;48,98
Mar 24 2015;47,65
Mar 23 2015;47,41
Mar 20 2015;45,72
Mar 19 2015;44,30
Mar 18 2015;44,70
Mar 17 2015;42,44
Mar 16 2015;43,86
Mar 13 2015;44,98
Mar 12 2015;46,94
Mar 11 2015;48,40
Mar 10 2015;48,71
Mar 09 2015;50,03
Mar 06 2015;49,81
Mar 05 2015;50,92
Mar 04 2015;51,64
Mar 03 2015;50,63
Mar 02 2015;49,76
Feb 27 2015;49,41
Feb 26 2015;48,92
Feb 25 2015;51,07
Feb 24 2015;49,11
Feb 23 2015;49,41
Feb 20 2015;50,97
Feb 19 2015;51,70
Feb 18 2015;50,54
Feb 17 2015;53,23
Feb 13 2015;52,53
Feb 12 2015;51,25
Feb 11 2015;49,37
Feb 10 2015;50,97
Feb 09 2015;52,44
Feb 06 2015;52,20
Feb 05 2015;50,78
Feb 04 2015;48,70
Feb 03 2015;51,62
Feb 02 2015;49,84
Jan 30 2015;47,77
Jan 29 2015;44,60
Jan 28 2015;44,40
Jan 27 2015;45,78
Jan 26 2015;45,09
Jan 23 2015;45,33
Jan 22 2015;46,51
Jan 21 2015;47,35
Jan 20 2015;46,39
Jan 16 2015;48,47
Jan 15 2015;46,24
Jan 14 2015;48,62
Jan 13 2015;46,13
Jan 12 2015;45,70
Jan 09 2015;48,20
Jan 08 2015;48,97
Jan 07 2015;48,78
Jan 06 2015;48,03
Jan 05 2015;49,91
Jan 02 2015;52,69
Dec 31 2014;53,78
Dec 30 2014;53,89
Dec 29 2014;53,72
Dec 26 2014;55,13
Dec 24 2014;55,89
Dec 23 2014;56,77
Dec 22 2014;55,31
Dec 19 2014;56,52
Dec 18 2014;55,55
Dec 17 2014;55,81
Dec 16 2014;55,62
Dec 15 2014;55,40
Dec 12 2014;57,51
Dec 11 2014;59,11
Dec 10 2014;61,19
Dec 09 2014;63,36
Dec 08 2014;63,03
Dec 05 2014;65,68
Dec 04 2014;66,75
Dec 03 2014;67,37
Dec 02 2014;67,59
Dec 01 2014;69,24
Nov 28 2014;66,05
Nov 26 2014;73,47
Nov 25 2014;73,87
Nov 24 2014;75,49
Nov 21 2014;76,65
Nov 20 2014;75,58
Nov 19 2014;74,32
Nov 18 2014;74,25
Nov 17 2014;75,46
Nov 14 2014;75,96
Nov 13 2014;74,25
Nov 12 2014;76,89
Nov 11 2014;77,53
Nov 10 2014;77,19
Nov 07 2014;78,44
Nov 06 2014;77,84
Nov 05 2014;78,95
Nov 04 2014;77,36
Nov 03 2014;78,22
Oct 31 2014;80,65
Oct 30 2014;80,99
Oct 29 2014;81,95
Oct 28 2014;81,61
Oct 27 2014;80,65
Oct 24 2014;81,31
Oct 23 2014;81,91
Oct 22 2014;80,36
Oct 21 2014;82,81
Oct 20 2014;82,72
Oct 17 2014;83,00
Oct 16 2014;83,09
Oct 15 2014;80,92
Oct 14 2014;82,30
Oct 13 2014;85,01
Oct 10 2014;85,52
Oct 09 2014;84,33
Oct 08 2014;87,70
Oct 07 2014;88,44
Oct 06 2014;90,47
Oct 03 2014;89,72
Oct 02 2014;91,39
Oct 01 2014;90,77
Sep 30 2014;91,35
Sep 29 2014;94,31
Sep 26 2014;93,41
Sep 25 2014;92,47
Sep 24 2014;92,87
Sep 23 2014;91,74
Sep 22 2014;91,52
Sep 19 2014;92,42
Sep 18 2014;93,05
Sep 17 2014;94,00
Sep 16 2014;94,71
Sep 15 2014;92,81
Sep 12 2014;92,16
Sep 11 2014;93,06
Sep 10 2014;91,70
Sep 09 2014;92,75
Sep 08 2014;93,16
Sep 05 2014;93,42
Sep 04 2014;94,56
Sep 03 2014;95,09
Sep 02 2014;93,28
Aug 29 2014;95,86
Aug 28 2014;94,60
Aug 27 2014;93,69
Aug 26 2014;93,83
Aug 25 2014;93,38
Aug 22 2014;93,45
Aug 21 2014;93,91
Aug 20 2014;96,07
Aug 19 2014;94,66
Aug 18 2014;96,61
Aug 15 2014;97,19
Aug 14 2014;95,51
Aug 13 2014;97,36
Aug 12 2014;97,19
Aug 11 2014;97,84
Aug 08 2014;97,41
Aug 07 2014;97,63
Aug 06 2014;96,84
Aug 05 2014;97,58
Aug 04 2014;98,40
Aug 01 2014;97,59
Jul 31 2014;97,64
Jul 30 2014;99,45
Jul 29 2014;100,97
Jul 28 2014;101,62
Jul 25 2014;101,91
Jul 24 2014;102,02
Jul 23 2014;103,25
Jul 22 2014;104,42
Jul 21 2014;104,66
Jul 18 2014;102,94
Jul 17 2014;103,75
Jul 16 2014;101,52
Jul 15 2014;100,19
Jul 14 2014;101,02
Jul 11 2014;100,53
Jul 10 2014;102,87
Jul 09 2014;101,95
Jul 08 2014;103,47
Jul 07 2014;103,38
Jul 03 2014;104,02
Jul 02 2014;104,22
Jul 01 2014;105,22
Jun 30 2014;105,53
Jun 27 2014;105,75
Jun 26 2014;105,66
Jun 25 2014;106,81
Jun 24 2014;105,93
Jun 23 2014;106,03
Jun 20 2014;107,26
Jun 19 2014;106,60
Jun 18 2014;106,15
Jun 17 2014;106,62
Jun 16 2014;106,62
Jun 13 2014;106,67
Jun 12 2014;106,86
Jun 11 2014;104,48
Jun 10 2014;104,29
Jun 09 2014;104,51
Jun 06 2014;102,77
Jun 05 2014;102,45
Jun 04 2014;102,40
Jun 03 2014;102,81
Jun 02 2014;102,44
May 30 2014;102,89
May 29 2014;103,53
May 28 2014;103,08
May 27 2014;104,16
May 23 2014;104,39
May 22 2014;103,75
May 21 2014;103,85
May 20 2014;102,44
May 19 2014;102,77
May 16 2014;102,16
May 15 2014;101,55
May 14 2014;102,03
May 13 2014;101,95
May 12 2014;100,61
May 09 2014;100,04
May 08 2014;100,29
May 07 2014;100,84
May 06 2014;99,90
May 05 2014;99,38
May 02 2014;99,93
May 01 2014;99,23
Apr 30 2014;99,70
Apr 29 2014;100,73
Apr 28 2014;100,88
Apr 25 2014;100,69
Apr 24 2014;101,89
Apr 23 2014;101,57
Apr 22 2014;102,13
Apr 21 2014;104,17
Apr 17 2014;104,59
Apr 16 2014;103,81
Apr 15 2014;103,83
Apr 14 2014;103,60
Apr 11 2014;103,35
Apr 10 2014;103,38
Apr 09 2014;103,44
Apr 08 2014;102,34
Apr 07 2014;100,76
Apr 04 2014;101,10
Apr 03 2014;100,45
Apr 02 2014;99,30
Apr 01 2014;99,69
Mar 31 2014;101,53
Mar 28 2014;101,61
Mar 27 2014;101,38
Mar 26 2014;100,28
Mar 25 2014;99,19
Mar 24 2014;99,43
Mar 21 2014;99,62
Mar 20 2014;99,43
Mar 19 2014;100,31
Mar 18 2014;99,55
Mar 17 2014;97,99
Mar 14 2014;99,01
Mar 13 2014;98,25
Mar 12 2014;98,09
Mar 11 2014;99,51
Mar 10 2014;100,93
Mar 07 2014;102,69
Mar 06 2014;101,99
Mar 05 2014;100,95
Mar 04 2014;103,34
Mar 03 2014;104,86
Feb 28 2014;102,71
Feb 27 2014;102,11
Feb 26 2014;102,62
Feb 25 2014;102,03
Feb 24 2014;102,85
Feb 21 2014;102,31
Feb 20 2014;102,92
Feb 19 2014;103,38
Feb 18 2014;103,16
Feb 14 2014;100,38
Feb 13 2014;100,37
Feb 12 2014;100,28
Feb 11 2014;100,39
Feb 10 2014;99,97
Feb 07 2014;100,17
Feb 06 2014;97,95
Feb 05 2014;97,30
Feb 04 2014;97,73
Feb 03 2014;96,66
Jan 31 2014;97,47
Jan 30 2014;98,03
Jan 29 2014;97,45
Jan 28 2014;97,17
Jan 27 2014;95,66
Jan 24 2014;96,91
Jan 23 2014;97,35
Jan 22 2014;96,67
Jan 21 2014;94,99
Jan 17 2014;94,10
Jan 16 2014;94,12
Jan 15 2014;94,35
Jan 14 2014;92,62
Jan 13 2014;91,53
Jan 10 2014;92,85
Jan 09 2014;92,32
Jan 08 2014;92,52
Jan 07 2014;93,94
Jan 06 2014;93,65
Jan 03 2014;94,17
Jan 02 2014;95,41
Dec 31 2013;98,69
Dec 30 2013;99,17
Dec 27 2013;100,16
Dec 26 2013;99,64
Dec 24 2013;99,24
Dec 23 2013;98,72
Dec 20 2013;99,15
Dec 19 2013;98,77
Dec 18 2013;97,58
Dec 17 2013;97,19
Dec 16 2013;97,35
Dec 13 2013;96,46
Dec 12 2013;97,52
Dec 11 2013;97,43
Dec 10 2013;98,65
Dec 09 2013;97,19
Dec 06 2013;97,75
Dec 05 2013;97,43
Dec 04 2013;97,29
Dec 03 2013;96,90
Dec 02 2013;93,90
Nov 29 2013;92,79
Nov 27 2013;92,37
Nov 26 2013;93,50
Nov 25 2013;94,18
Nov 22 2013;94,79
Nov 21 2013;95,28
Nov 20 2013;93,33
Nov 19 2013;93,30
Nov 18 2013;93,03
Nov 15 2013;93,66
Nov 14 2013;93,96
Nov 13 2013;93,48
Nov 12 2013;93,05
Nov 11 2013;95,01
Nov 08 2013;94,34
Nov 07 2013;94,37
Nov 06 2013;94,93
Nov 05 2013;93,69
Nov 04 2013;94,47
Nov 01 2013;94,61
Oct 31 2013;96,27
Oct 30 2013;96,58
Oct 29 2013;97,77
Oct 28 2013;98,54
Oct 25 2013;97,97
Oct 24 2013;97,17
Oct 23 2013;97,13
Oct 22 2013;97,80
Oct 21 2013;99,27
Oct 18 2013;100,75
Oct 17 2013;100,72
Oct 16 2013;102,12
Oct 15 2013;100,95
Oct 14 2013;102,14
Oct 11 2013;101,81
Oct 10 2013;102,88
Oct 09 2013;101,44
Oct 08 2013;103,53
Oct 07 2013;103,18
Oct 04 2013;103,66
Oct 03 2013;102,94
Oct 02 2013;103,81
Oct 01 2013;101,64
Sep 30 2013;102,31
Sep 27 2013;102,83
Sep 26 2013;102,88
Sep 25 2013;102,30
Sep 24 2013;103,37
Sep 23 2013;103,38
Sep 20 2013;104,68
Sep 19 2013;106,16
Sep 18 2013;108,18
Sep 17 2013;105,50
Sep 16 2013;106,16
Sep 13 2013;108,58
Sep 12 2013;108,74
Sep 11 2013;107,72
Sep 10 2013;107,31
Sep 09 2013;108,96
Sep 06 2013;110,30
Sep 05 2013;108,50
Sep 04 2013;107,34
Sep 03 2013;108,47
Aug 30 2013;107,77
Aug 29 2013;108,19
Aug 28 2013;109,50
Aug 27 2013;109,05
Aug 26 2013;106,12
Aug 23 2013;106,36
Aug 22 2013;105,19
Aug 21 2013;103,88
Aug 20 2013;104,97
Aug 19 2013;106,94
Aug 16 2013;107,64
Aug 15 2013;107,28
Aug 14 2013;106,98
Aug 13 2013;106,56
Aug 12 2013;106,14
Aug 09 2013;106,09
Aug 08 2013;103,83
Aug 07 2013;104,22
Aug 06 2013;105,72
Aug 05 2013;106,45
Aug 02 2013;106,81
Aug 01 2013;107,80
Jul 31 2013;105,35
Jul 30 2013;103,10
Jul 29 2013;104,55
Jul 26 2013;104,56
Jul 25 2013;105,59
Jul 24 2013;105,29
Jul 23 2013;107,42
Jul 22 2013;106,91
Jul 19 2013;108,22
Jul 18 2013;108,14
Jul 17 2013;106,54
Jul 16 2013;105,86
Jul 15 2013;106,47
Jul 12 2013;106,22
Jul 11 2013;104,62
Jul 10 2013;106,12
Jul 09 2013;104,53
Jul 08 2013;103,05
Jul 05 2013;103,56
Jul 03 2013;101,16
Jul 02 2013;99,61
Jul 01 2013;98,06
Jun 28 2013;96,49
Jun 27 2013;96,82
Jun 26 2013;95,43
Jun 25 2013;95,20
Jun 24 2013;94,94
Jun 21 2013;93,87
Jun 20 2013;95,40
Jun 19 2013;97,92
Jun 18 2013;98,59
Jun 17 2013;97,91
Jun 14 2013;97,81
Jun 13 2013;96,69
Jun 12 2013;95,80
Jun 11 2013;94,89
Jun 10 2013;95,75
Jun 07 2013;96,27
Jun 06 2013;94,75
Jun 05 2013;93,78
Jun 04 2013;93,84
Jun 03 2013;93,34
May 31 2013;91,67
May 30 2013;93,59
May 29 2013;92,89
May 28 2013;95,10
May 24 2013;93,85
May 23 2013;94,41
May 22 2013;94,09
May 21 2013;96,16
May 20 2013;96,58
May 17 2013;96,02
May 16 2013;95,19
May 15 2013;94,38
May 14 2013;94,17
May 13 2013;94,95
May 10 2013;95,90
May 09 2013;96,18
May 08 2013;96,64
May 07 2013;95,47
May 06 2013;95,78
May 03 2013;95,58
May 02 2013;94,03
May 01 2013;90,97
Apr 30 2013;93,06
Apr 29 2013;94,45
Apr 26 2013;92,80
Apr 25 2013;93,28
Apr 24 2013;91,65
Apr 23 2013;89,50
Apr 22 2013;88,76
Apr 19 2013;87,98
Apr 18 2013;88,40
Apr 17 2013;86,40
Apr 16 2013;88,84
Apr 15 2013;87,44
Apr 12 2013;90,66
Apr 11 2013;93,50
Apr 10 2013;94,54
Apr 09 2013;93,97
Apr 08 2013;93,55
Apr 05 2013;93,01
Apr 04 2013;93,36
Apr 03 2013;94,50
Apr 02 2013;96,92
Apr 01 2013;96,95
Mar 28 2013;97,19
Mar 27 2013;96,72
Mar 26 2013;96,18
Mar 25 2013;94,65
Mar 22 2013;93,87
Mar 21 2013;92,38
Mar 20 2013;92,96
Mar 19 2013;92,20
Mar 18 2013;93,83
Mar 15 2013;93,50
Mar 14 2013;93,18
Mar 13 2013;92,48
Mar 12 2013;92,61
Mar 11 2013;91,97
Mar 08 2013;91,88
Mar 07 2013;91,41
Mar 06 2013;90,43
Mar 05 2013;90,83
Mar 04 2013;90,22
Mar 01 2013;90,97
Feb 28 2013;91,84
Feb 27 2013;92,84
Feb 26 2013;92,72
Feb 25 2013;92,10
Feb 22 2013;93,35
Feb 21 2013;92,92
Feb 20 2013;95,56
Feb 19 2013;96,67
Feb 15 2013;96,12
Feb 14 2013;97,33
Feb 13 2013;97,17
Feb 12 2013;97,57
Feb 11 2013;97,00
Feb 08 2013;95,75
Feb 07 2013;95,90
Feb 06 2013;96,81
Feb 05 2013;96,67
Feb 04 2013;96,12
Feb 01 2013;97,62
Jan 31 2013;97,42
Jan 30 2013;98,03
Jan 29 2013;97,34
Jan 28 2013;96,55
Jan 25 2013;96,09
Jan 24 2013;95,97
Jan 23 2013;95,56
Jan 22 2013;96,24
Jan 18 2013;95,31
Jan 17 2013;95,20
Jan 16 2013;94,16
Jan 15 2013;93,42
Jan 14 2013;94,19
Jan 11 2013;93,76
Jan 10 2013;93,88
Jan 09 2013;93,25
Jan 08 2013;93,16
Jan 07 2013;93,31
Jan 04 2013;93,17
Jan 03 2013;92,84
Jan 02 2013;92,94
Dec 31 2012;91,77
Dec 28 2012;90,76
Dec 27 2012;91,09
Dec 26 2012;91,14
Dec 24 2012;88,79
Dec 21 2012;88,91
Dec 20 2012;89,92
Dec 19 2012;89,91
Dec 18 2012;87,96
Dec 17 2012;87,45
Dec 14 2012;86,82
Dec 13 2012;86,14
Dec 12 2012;86,78
Dec 11 2012;85,71
Dec 10 2012;85,69
Dec 07 2012;85,92
Dec 06 2012;86,35
Dec 05 2012;87,89
Dec 04 2012;88,40
Dec 03 2012;88,89
Nov 30 2012;88,83
Nov 29 2012;87,71
Nov 28 2012;86,59
Nov 27 2012;87,34
Nov 26 2012;87,77
Nov 23 2012;88,27
Nov 21 2012;87,69
Nov 20 2012;87,27
Nov 19 2012;89,19
Nov 16 2012;86,60
Nov 15 2012;85,25
Nov 14 2012;86,41
Nov 13 2012;85,33
Nov 12 2012;85,59
Nov 09 2012;86,14
Nov 08 2012;84,97
Nov 07 2012;84,50
Nov 06 2012;88,41
Nov 05 2012;85,72
Nov 02 2012;84,76
Nov 01 2012;86,91
Oct 31 2012;86,06
Oct 30 2012;85,67
Oct 29 2012;85,25
Oct 26 2012;86,12
Oct 25 2012;85,99
Oct 24 2012;85,63
Oct 23 2012;86,49
Oct 22 2012;87,12
Oct 19 2012;89,90
Oct 18 2012;92,16
Oct 17 2012;92,03
Oct 16 2012;92,03
Oct 15 2012;91,81
Oct 12 2012;91,64
Oct 11 2012;92,42
Oct 10 2012;91,28
Oct 09 2012;92,25
Oct 08 2012;89,72
Oct 05 2012;89,89
Oct 04 2012;91,55
Oct 03 2012;88,02
Oct 02 2012;91,66
Oct 01 2012;92,41
Sep 28 2012;92,09
Sep 27 2012;92,30
Sep 26 2012;90,14
Sep 25 2012;90,78
Sep 24 2012;92,05
Sep 21 2012;92,98
Sep 20 2012;91,81
Sep 19 2012;91,56
Sep 18 2012;95,47
Sep 17 2012;96,52
Sep 14 2012;99,05
Sep 13 2012;98,06
Sep 12 2012;96,86
Sep 11 2012;96,91
Sep 10 2012;96,26
Sep 07 2012;96,28
Sep 06 2012;94,77
Sep 05 2012;96,03
Sep 04 2012;95,62
Aug 31 2012;96,54
Aug 30 2012;94,79
Aug 29 2012;95,19
Aug 28 2012;96,14
Aug 27 2012;95,67
Aug 24 2012;96,06
Aug 23 2012;95,97
Aug 22 2012;97,32
Aug 21 2012;96,44
Aug 20 2012;95,80
Aug 17 2012;96,03
Aug 16 2012;95,34
Aug 15 2012;94,28
Aug 14 2012;93,35
Aug 13 2012;92,81
Aug 10 2012;93,41
Aug 09 2012;93,65
Aug 08 2012;93,38
Aug 07 2012;93,62
Aug 06 2012;92,08
Aug 03 2012;91,34
Aug 02 2012;87,31
Aug 01 2012;88,80
Jul 31 2012;87,84
Jul 30 2012;89,55
Jul 27 2012;90,18
Jul 26 2012;89,34
Jul 25 2012;89,00
Jul 24 2012;88,19
Jul 23 2012;88,02
Jul 20 2012;88,90
Jul 19 2012;92,56
Jul 18 2012;89,97
Jul 17 2012;89,12
Jul 16 2012;88,23
Jul 13 2012;86,98
Jul 12 2012;85,76
Jul 11 2012;86,16
Jul 10 2012;83,98
Jul 09 2012;85,71
Jul 06 2012;84,12
Jul 05 2012;86,80
Jul 03 2012;87,72
Jul 02 2012;83,65
Jun 29 2012;84,88
Jun 28 2012;78,44
Jun 27 2012;80,53
Jun 26 2012;79,48
Jun 25 2012;79,17
Jun 22 2012;80,12
Jun 21 2012;78,25
Jun 20 2012;82,50
Jun 19 2012;83,98
Jun 18 2012;83,04
Jun 15 2012;84,19
Jun 14 2012;84,36
Jun 13 2012;82,39
Jun 12 2012;83,47
Jun 11 2012;81,12
Jun 08 2012;84,32
Jun 07 2012;83,62
Jun 06 2012;85,53
Jun 05 2012;84,06
Jun 04 2012;84,11
Jun 01 2012;83,28
May 31 2012;86,50
May 30 2012;87,47
May 29 2012;90,91
May 25 2012;90,72
May 24 2012;90,80
May 23 2012;90,57
May 22 2012;92,20
May 21 2012;92,58
May 18 2012;91,34
May 17 2012;92,91
May 16 2012;92,81
May 15 2012;93,09
May 14 2012;94,09
May 11 2012;95,57
May 10 2012;96,55
May 09 2012;96,38
May 08 2012;97,39
May 07 2012;97,98
May 04 2012;98,59
May 03 2012;102,44
May 02 2012;105,38
May 01 2012;105,98
Apr 30 2012;104,88
Apr 27 2012;104,78
Apr 26 2012;104,16
Apr 25 2012;103,95
Apr 24 2012;103,79
Apr 23 2012;103,07
Apr 20 2012;102,94
Apr 19 2012;102,64
Apr 18 2012;102,77
Apr 17 2012;104,27
Apr 16 2012;103,17
Apr 13 2012;102,84
Apr 12 2012;103,63
Apr 11 2012;102,56
Apr 10 2012;100,94
Apr 09 2012;102,17
Apr 05 2012;103,24
Apr 04 2012;102,04
Apr 03 2012;104,06
Apr 02 2012;105,05
Mar 30 2012;102,93
Mar 29 2012;103,28
Mar 28 2012;105,55
Mar 27 2012;106,77
Mar 26 2012;107,11
Mar 23 2012;106,75
Mar 22 2012;105,59
Mar 21 2012;106,91
Mar 20 2012;105,67
Mar 19 2012;107,86
Mar 16 2012;107,17
Mar 15 2012;105,45
Mar 14 2012;105,55
Mar 13 2012;106,71
Mar 12 2012;106,57
Mar 09 2012;107,43
Mar 08 2012;106,84
Mar 07 2012;106,16
Mar 06 2012;104,98
Mar 05 2012;107,13
Mar 02 2012;106,51
Mar 01 2012;108,60
Feb 29 2012;106,91
Feb 28 2012;106,49
Feb 27 2012;107,88
Feb 24 2012;109,62
Feb 23 2012;108,68
Feb 22 2012;105,95
Feb 21 2012;105,82
Feb 17 2012;104,03
Feb 16 2012;102,33
Feb 15 2012;101,87
Feb 14 2012;101,00
Feb 13 2012;100,79
Feb 10 2012;99,05
Feb 09 2012;99,80
Feb 08 2012;99,05
Feb 07 2012;98,75
Feb 06 2012;97,08
Feb 03 2012;97,77
Feb 02 2012;96,59
Feb 01 2012;97,16
Jan 31 2012;98,28
Jan 30 2012;98,95
Jan 27 2012;99,78
Jan 26 2012;99,88
Jan 25 2012;99,75
Jan 24 2012;99,23
Jan 23 2012;99,93
Jan 20 2012;98,14
Jan 19 2012;100,36
Jan 18 2012;101,14
Jan 17 2012;101,00
Jan 13 2012;99,05
Jan 12 2012;99,25
Jan 11 2012;100,98
Jan 10 2012;102,17
Jan 09 2012;101,31
Jan 06 2012;101,92
Jan 05 2012;101,34
Jan 04 2012;103,29
Jan 03 2012;102,91
Dec 30 2011;99,06
Dec 29 2011;99,82
Dec 28 2011;99,59
Dec 27 2011;101,28
Dec 23 2011;99,85
Dec 22 2011;99,47
Dec 21 2011;99,01
Dec 20 2011;95,55
Dec 19 2011;94,09
Dec 16 2011;93,79
Dec 15 2011;93,42
Dec 14 2011;94,81
Dec 13 2011;100,37
Dec 12 2011;97,92
Dec 09 2011;99,81
Dec 08 2011;97,97
Dec 07 2011;100,55
Dec 06 2011;101,18
Dec 05 2011;100,56
Dec 02 2011;101,11
Dec 01 2011;100,01
Nov 30 2011;100,51
Nov 29 2011;99,50
Nov 28 2011;97,75
Nov 25 2011;97,38
Nov 23 2011;95,83
Nov 22 2011;97,73
Nov 21 2011;97,07
Nov 18 2011;98,00
Nov 17 2011;98,62
Nov 16 2011;101,74
Nov 15 2011;99,30
Nov 14 2011;98,00
Nov 11 2011;99,22
Nov 10 2011;97,58
Nov 09 2011;95,78
Nov 08 2011;97,01
Nov 07 2011;95,94
Nov 04 2011;94,45
Nov 03 2011;94,28
Nov 02 2011;92,87
Nov 01 2011;91,56
Oct 31 2011;92,59
Oct 28 2011;93,48
Oct 27 2011;93,98
Oct 26 2011;90,90
Oct 25 2011;92,53
Oct 24 2011;91,62
Oct 21 2011;87,54
Oct 20 2011;86,66
Oct 19 2011;86,06
Oct 18 2011;88,42
Oct 17 2011;86,27
Oct 14 2011;87,27
Oct 13 2011;84,56
Oct 12 2011;84,92
Oct 11 2011;85,16
Oct 10 2011;85,79
Oct 07 2011;82,86
Oct 06 2011;82,55
Oct 05 2011;79,77
Oct 04 2011;78,23
Oct 03 2011;76,40
Sep 30 2011;78,75
Sep 29 2011;83,11
Sep 28 2011;80,64
Sep 27 2011;83,73
Sep 26 2011;81,48
Sep 23 2011;79,94
Sep 22 2011;80,53
Sep 21 2011;84,81
Sep 20 2011;86,29
Sep 19 2011;85,94
Sep 16 2011;87,88
Sep 15 2011;89,03
Sep 14 2011;88,56
Sep 13 2011;89,80
Sep 12 2011;88,91
Sep 09 2011;87,00
Sep 08 2011;88,64
Sep 07 2011;90,10
Sep 06 2011;86,53
Sep 02 2011;86,65
Sep 01 2011;88,77
Aug 31 2011;88,73
Aug 30 2011;88,73
Aug 29 2011;87,56
Aug 26 2011;85,56
Aug 25 2011;84,98
Aug 24 2011;85,24
Aug 23 2011;85,69
Aug 22 2011;82,31
Aug 19 2011;82,75
Aug 18 2011;81,31
Aug 17 2011;87,38
Aug 16 2011;87,17
Aug 15 2011;87,69
Aug 12 2011;85,32
Aug 11 2011;85,67
Aug 10 2011;82,08
Aug 09 2011;82,12
Aug 08 2011;81,07
Aug 05 2011;87,22
Aug 04 2011;86,43
Aug 03 2011;91,91
Aug 02 2011;93,27
Aug 01 2011;94,97
Jul 29 2011;95,87
Jul 28 2011;97,16
Jul 27 2011;97,24
Jul 26 2011;99,22
Jul 25 2011;99,08
Jul 22 2011;99,81
Jul 21 2011;99,12
Jul 20 2011;98,03
Jul 19 2011;97,97
Jul 18 2011;96,15
Jul 15 2011;97,48
Jul 14 2011;96,04
Jul 13 2011;97,62
Jul 12 2011;96,64
Jul 11 2011;95,13
Jul 08 2011;96,47
Jul 07 2011;98,77
Jul 06 2011;97,01
Jul 05 2011;97,02
Jul 01 2011;94,73
Jun 30 2011;95,11
Jun 29 2011;95,05
Jun 28 2011;93,36
Jun 27 2011;90,83
Jun 24 2011;91,22
Jun 23 2011;92,35
Jun 22 2011;94,44
Jun 21 2011;93,25
Jun 20 2011;93,33
Jun 17 2011;92,92
Jun 16 2011;95,15
Jun 15 2011;95,36
Jun 14 2011;99,64
Jun 13 2011;96,96
Jun 10 2011;98,94
Jun 09 2011;101,87
Jun 08 2011;100,80
Jun 07 2011;99,52
Jun 06 2011;98,78
Jun 03 2011;100,57
Jun 02 2011;100,87
Jun 01 2011;99,72
May 31 2011;102,58
May 27 2011;100,75
May 26 2011;100,11
May 25 2011;101,19
May 24 2011;99,38
May 23 2011;97,47
May 20 2011;98,76
May 19 2011;98,56
May 18 2011;99,81
May 17 2011;97,56
May 16 2011;97,01
May 13 2011;99,35
May 12 2011;98,78
May 11 2011;98,59
May 10 2011;103,63
May 09 2011;102,65
May 06 2011;98,05
May 05 2011;99,84
May 04 2011;108,82
May 03 2011;110,81
May 02 2011;112,98
Apr 29 2011;113,73
Apr 28 2011;112,76
Apr 27 2011;113,16
Apr 26 2011;111,94
Apr 25 2011;112,19
Apr 21 2011;112,35
Apr 20 2011;111,38
Apr 19 2011;108,00
Apr 18 2011;107,58
Apr 15 2011;109,39
Apr 14 2011;108,47
Apr 13 2011;107,38
Apr 12 2011;106,05
Apr 11 2011;108,88
Apr 08 2011;113,06
Apr 07 2011;110,39
Apr 06 2011;108,63
Apr 05 2011;107,97
Apr 04 2011;108,22
Apr 01 2011;108,31
Mar 31 2011;106,78
Mar 30 2011;104,35
Mar 29 2011;104,55
Mar 28 2011;103,86
Mar 25 2011;105,55
Mar 24 2011;105,41
Mar 23 2011;105,56
Mar 22 2011;102,57
Mar 21 2011;102,02
Mar 18 2011;101,61
Mar 17 2011;101,73
Mar 16 2011;98,14
Mar 15 2011;97,38
Mar 14 2011;101,70
Mar 11 2011;100,59
Mar 10 2011;102,58
Mar 09 2011;104,45
Mar 08 2011;105,03
Mar 07 2011;104,75
Mar 04 2011;104,91
Mar 03 2011;101,69
Mar 02 2011;102,44
Mar 01 2011;100,59
Feb 28 2011;96,88
Feb 25 2011;98,22
Feb 24 2011;96,81
Feb 23 2011;98,98
Feb 22 2011;93,36
Feb 18 2011;86,15
Feb 17 2011;86,39
Feb 16 2011;85,20
Feb 15 2011;84,36
Feb 14 2011;84,82
Feb 11 2011;85,31
Feb 10 2011;87,56
Feb 09 2011;86,80
Feb 08 2011;87,43
Feb 07 2011;87,44
Feb 04 2011;89,13
Feb 03 2011;90,55
Feb 02 2011;90,92
Feb 01 2011;90,47
Jan 31 2011;92,22
Jan 28 2011;89,49
Jan 27 2011;85,23
Jan 26 2011;87,61
Jan 25 2011;86,20
Jan 24 2011;87,73
Jan 21 2011;89,13
Jan 20 2011;89,90
Jan 19 2011;90,60
Jan 18 2011;91,26
Jan 14 2011;91,66
Jan 13 2011;90,95
Jan 12 2011;91,97
Jan 11 2011;91,22
Jan 10 2011;89,36
Jan 07 2011;88,48
Jan 06 2011;88,12
Jan 05 2011;90,38
Jan 04 2011;89,23
Jan 03 2011;91,56
Dec 31 2010;91,40
Dec 30 2010;89,60
Dec 29 2010;90,97
Dec 28 2010;91,25
Dec 27 2010;90,73
Dec 23 2010;91,47
Dec 22 2010;90,62
Dec 21 2010;90,03
Dec 20 2010;89,27
Dec 17 2010;88,22
Dec 16 2010;87,81
Dec 15 2010;88,32
Dec 14 2010;88,27
Dec 13 2010;88,19
Dec 10 2010;87,81
Dec 09 2010;88,53
Dec 08 2010;88,50
Dec 07 2010;88,25
Dec 06 2010;88,85
Dec 03 2010;89,44
Dec 02 2010;87,95
Dec 01 2010;86,83
Nov 30 2010;83,60
Nov 29 2010;85,89
Nov 26 2010;83,89
Nov 24 2010;84,23
Nov 23 2010;80,98
Nov 22 2010;81,57
Nov 19 2010;81,62
Nov 18 2010;82,25
Nov 17 2010;80,39
Nov 16 2010;82,30
Nov 15 2010;84,53
Nov 12 2010;84,75
Nov 11 2010;87,72
Nov 10 2010;87,89
Nov 09 2010;86,40
Nov 08 2010;86,70
Nov 05 2010;87,42
Nov 04 2010;86,61
Nov 03 2010;85,06
Nov 02 2010;84,44
Nov 01 2010;82,96
Oct 29 2010;81,43
Oct 28 2010;81,92
Oct 27 2010;81,97
Oct 26 2010;82,45
Oct 25 2010;82,39
Oct 22 2010;81,90
Oct 21 2010;80,73
Oct 20 2010;81,92
Oct 19 2010;79,35
Oct 18 2010;83,00
Oct 15 2010;81,45
Oct 14 2010;82,81
Oct 13 2010;83,19
Oct 12 2010;81,68
Oct 11 2010;81,95
Oct 08 2010;82,84
Oct 07 2010;81,41
Oct 06 2010;83,34
Oct 05 2010;82,61
Oct 04 2010;81,32
Oct 01 2010;81,73
Sep 30 2010;79,80
Sep 29 2010;77,92
Sep 28 2010;76,25
Sep 27 2010;76,22
Sep 24 2010;76,47
Sep 23 2010;74,95
Sep 22 2010;74,87
Sep 21 2010;72,84
Sep 20 2010;74,69
Sep 17 2010;73,50
Sep 16 2010;74,50
Sep 15 2010;75,81
Sep 14 2010;76,67
Sep 13 2010;77,14
Sep 10 2010;76,38
Sep 09 2010;74,25
Sep 08 2010;74,95
Sep 07 2010;73,81
Sep 03 2010;74,33
Sep 02 2010;74,92
Sep 01 2010;73,91
Aug 31 2010;71,66
Aug 30 2010;74,06
Aug 27 2010;75,56
Aug 26 2010;73,07
Aug 25 2010;72,91
Aug 24 2010;71,50
Aug 23 2010;72,89
Aug 20 2010;73,44
Aug 19 2010;74,44
Aug 18 2010;75,24
Aug 17 2010;75,50
Aug 16 2010;75,06
Aug 13 2010;75,56
Aug 12 2010;75,74
Aug 11 2010;77,34
Aug 10 2010;80,28
Aug 09 2010;81,43
Aug 06 2010;80,88
Aug 05 2010;82,19
Aug 04 2010;82,47
Aug 03 2010;82,50
Aug 02 2010;81,46
Jul 30 2010;78,97
Jul 29 2010;78,25
Jul 28 2010;76,84
Jul 27 2010;77,07
Jul 26 2010;78,87
Jul 23 2010;78,87
Jul 22 2010;79,23
Jul 21 2010;76,46
Jul 20 2010;76,95
Jul 19 2010;76,46
Jul 16 2010;75,78
Jul 15 2010;76,88
Jul 14 2010;76,77
Jul 13 2010;77,23
Jul 12 2010;75,02
Jul 09 2010;76,45
Jul 08 2010;75,92
Jul 07 2010;74,89
Jul 06 2010;72,03
Jul 02 2010;72,29
Jul 01 2010;72,60
Jun 30 2010;75,35
Jun 29 2010;75,44
Jun 28 2010;78,15
Jun 25 2010;79,16
Jun 24 2010;76,56
Jun 23 2010;76,06
Jun 22 2010;76,94
Jun 21 2010;77,08
Jun 18 2010;77,34
Jun 17 2010;76,59
Jun 16 2010;77,50
Jun 15 2010;77,07
Jun 14 2010;74,77
Jun 11 2010;74,23
Jun 10 2010;75,45
Jun 09 2010;73,89
Jun 08 2010;72,51
Jun 07 2010;71,14
Jun 04 2010;70,92
Jun 03 2010;74,62
Jun 02 2010;73,69
Jun 01 2010;71,94
May 28 2010;74,19
May 27 2010;74,92
May 26 2010;70,88
May 25 2010;69,95
May 24 2010;70,01
May 21 2010;70,42
May 20 2010;68,67
May 19 2010;71,10
May 18 2010;69,09
May 17 2010;70,48
May 14 2010;72,03
May 13 2010;73,87
May 12 2010;75,51
May 11 2010;76,03
May 10 2010;77,28
May 07 2010;75,44
May 06 2010;76,85
May 05 2010;79,56
May 04 2010;82,08
May 03 2010;85,99
Apr 30 2010;86,19
Apr 29 2010;85,60
Apr 28 2010;83,32
Apr 27 2010;81,84
Apr 26 2010;83,88
Apr 23 2010;85,06
Apr 22 2010;83,75
Apr 21 2010;83,44
Apr 20 2010;83,44
Apr 19 2010;81,91
Apr 16 2010;82,95
Apr 15 2010;85,31
Apr 14 2010;85,94
Apr 13 2010;83,81
Apr 12 2010;84,31
Apr 09 2010;84,87
Apr 08 2010;85,64
Apr 07 2010;85,64
Apr 06 2010;86,78
Apr 05 2010;86,83
Apr 01 2010;85,27
Mar 31 2010;83,38
Mar 30 2010;82,55
Mar 29 2010;82,52
Mar 26 2010;80,14
Mar 25 2010;80,16
Mar 24 2010;80,23
Mar 23 2010;81,64
Mar 22 2010;80,69
Mar 19 2010;80,68
Mar 18 2010;82,21
Mar 17 2010;82,87
Mar 16 2010;82,06
Mar 15 2010;79,86
Mar 12 2010;81,10
Mar 11 2010;82,27
Mar 10 2010;81,98
Mar 09 2010;81,38
Mar 08 2010;81,80
Mar 05 2010;81,79
Mar 04 2010;80,60
Mar 03 2010;81,03
Mar 02 2010;79,65
Mar 01 2010;78,84
Feb 26 2010;79,63
Feb 25 2010;78,34
Feb 24 2010;80,33
Feb 23 2010;79,13
Feb 22 2010;79,19
Feb 19 2010;80,09
Feb 18 2010;78,39
Feb 17 2010;77,35
Feb 16 2010;77,38
Feb 12 2010;74,20
Feb 11 2010;75,33
Feb 10 2010;74,67
Feb 09 2010;73,78
Feb 08 2010;71,69
Feb 05 2010;71,91
Feb 04 2010;73,00
Feb 03 2010;77,10
Feb 02 2010;77,00
Feb 01 2010;74,97
Jan 29 2010;72,67
Jan 28 2010;73,89
Jan 27 2010;73,75
Jan 26 2010;74,66
Jan 25 2010;75,22
Jan 22 2010;74,07
Jan 21 2010;75,84
Jan 20 2010;78,35
Jan 19 2010;78,83
Jan 15 2010;77,95
Jan 14 2010;79,19
Jan 13 2010;79,66
Jan 12 2010;80,11
Jan 11 2010;82,04
Jan 08 2010;82,91
Jan 07 2010;82,69
Jan 06 2010;83,25
Jan 05 2010;81,47
Jan 04 2010;81,64
Dec 31 2009;79,61
Dec 30 2009;79,41
Dec 29 2009;78,78
Dec 28 2009;78,66
Dec 24 2009;77,74
Dec 23 2009;76,59
Dec 22 2009;74,47
Dec 21 2009;72,73
Dec 18 2009;73,08
Dec 17 2009;72,71
Dec 16 2009;72,81
Dec 15 2009;70,85
Dec 14 2009;69,53
Dec 11 2009;69,59
Dec 10 2009;70,59
Dec 09 2009;70,67
Dec 08 2009;73,08
Dec 07 2009;74,06
Dec 04 2009;75,72
Dec 03 2009;75,74
Dec 02 2009;76,46
Dec 01 2009;77,90
Nov 30 2009;77,41
Nov 27 2009;75,97
Nov 25 2009;77,81
Nov 24 2009;75,83
Nov 23 2009;77,47
Nov 20 2009;76,69
Nov 19 2009;77,84
Nov 18 2009;79,74
Nov 17 2009;79,42
Nov 16 2009;78,89
Nov 13 2009;76,52
Nov 12 2009;76,75
Nov 11 2009;79,22
Nov 10 2009;78,83
Nov 09 2009;79,26
Nov 06 2009;77,46
Nov 05 2009;79,77
Nov 04 2009;80,24
Nov 03 2009;79,50
Nov 02 2009;78,17
Oct 30 2009;77,05
Oct 29 2009;80,02
Oct 28 2009;77,07
Oct 27 2009;79,43
Oct 26 2009;78,62
Oct 23 2009;80,19
Oct 22 2009;81,25
Oct 21 2009;81,03
Oct 20 2009;78,75
Oct 19 2009;79,59
Oct 16 2009;78,57
Oct 15 2009;77,78
Oct 14 2009;75,39
Oct 13 2009;74,42
Oct 12 2009;73,11
Oct 09 2009;72,01
Oct 08 2009;71,38
Oct 07 2009;69,81
Oct 06 2009;71,19
Oct 05 2009;70,25
Oct 02 2009;69,70
Oct 01 2009;70,28
Sep 30 2009;70,42
Sep 29 2009;66,70
Sep 28 2009;67,18
Sep 25 2009;66,01
Sep 24 2009;65,95
Sep 23 2009;68,31
Sep 22 2009;71,66
Sep 21 2009;69,48
Sep 18 2009;72,00
Sep 17 2009;72,41
Sep 16 2009;72,42
Sep 15 2009;70,32
Sep 14 2009;68,70
Sep 11 2009;69,34
Sep 10 2009;72,06
Sep 09 2009;71,67
Sep 08 2009;71,33
Sep 04 2009;67,98
Sep 03 2009;68,08
Sep 02 2009;68,07
Sep 01 2009;68,25
Aug 31 2009;69,55
Aug 28 2009;72,82
Aug 27 2009;72,81
Aug 26 2009;71,32
Aug 25 2009;71,35
Aug 24 2009;74,03
Aug 21 2009;73,85
Aug 20 2009;74,89
Aug 19 2009;72,31
Aug 18 2009;70,22
Aug 17 2009;66,78
Aug 14 2009;67,43
Aug 13 2009;70,95
Aug 12 2009;70,57
Aug 11 2009;69,57
Aug 10 2009;70,67
Aug 07 2009;70,59
Aug 06 2009;71,81
Aug 05 2009;71,82
Aug 04 2009;71,79
Aug 03 2009;71,39
Jul 31 2009;68,80
Jul 30 2009;66,69
Jul 29 2009;62,89
Jul 28 2009;66,72
Jul 27 2009;68,15
Jul 24 2009;68,00
Jul 23 2009;66,69
Jul 22 2009;65,43
Jul 21 2009;64,78
Jul 20 2009;64,26
Jul 17 2009;63,52
Jul 16 2009;62,23
Jul 15 2009;61,94
Jul 14 2009;59,79
Jul 13 2009;59,98
Jul 10 2009;59,80
Jul 09 2009;60,45
Jul 08 2009;60,40
Jul 07 2009;62,23
Jul 06 2009;64,08
Jul 02 2009;66,43
Jul 01 2009;69,16
Jun 30 2009;70,60
Jun 29 2009;71,56
Jun 26 2009;69,25
Jun 25 2009;70,42
Jun 24 2009;68,38
Jun 23 2009;68,50
Jun 22 2009;67,08
Jun 19 2009;69,62
Jun 18 2009;71,36
Jun 17 2009;70,85
Jun 16 2009;70,25
Jun 15 2009;70,27
Jun 12 2009;72,09
Jun 11 2009;72,45
Jun 10 2009;71,50
Jun 09 2009;70,62
Jun 08 2009;68,80
Jun 05 2009;68,45
Jun 04 2009;68,90
Jun 03 2009;66,00
Jun 02 2009;68,19
Jun 01 2009;68,07
May 29 2009;66,32
May 28 2009;64,79
May 27 2009;62,95
May 26 2009;62,52
May 22 2009;61,58
May 21 2009;61,06
May 20 2009;61,70
May 19 2009;58,80
May 18 2009;59,21
May 15 2009;56,52
May 14 2009;58,64
May 13 2009;57,73
May 12 2009;59,30
May 11 2009;58,13
May 08 2009;58,58
May 07 2009;56,45
May 06 2009;56,34
May 05 2009;54,14
May 04 2009;54,51
May 01 2009;52,88
Apr 30 2009;50,84
Apr 29 2009;50,77
Apr 28 2009;49,20
Apr 27 2009;50,11
Apr 24 2009;51,59
Apr 23 2009;49,64
Apr 22 2009;48,67
Apr 21 2009;46,61
Apr 20 2009;45,52
Apr 17 2009;50,22
Apr 16 2009;49,88
Apr 15 2009;49,88
Apr 14 2009;49,14
Apr 13 2009;49,95
Apr 09 2009;52,17
Apr 08 2009;50,07
Apr 07 2009;48,42
Apr 06 2009;51,32
Apr 03 2009;52,31
Apr 02 2009;52,42
Apr 01 2009;48,45
Mar 31 2009;48,89
Mar 30 2009;48,59
Mar 27 2009;52,36
Mar 26 2009;53,98
Mar 25 2009;52,84
Mar 24 2009;53,64
Mar 23 2009;53,83
Mar 20 2009;51,05
Mar 19 2009;51,19
Mar 18 2009;49,61
Mar 17 2009;48,78
Mar 16 2009;46,98
Mar 13 2009;46,08
Mar 12 2009;46,95
Mar 11 2009;42,81
Mar 10 2009;45,59
Mar 09 2009;47,23
Mar 06 2009;45,53
Mar 05 2009;43,70
Mar 04 2009;45,45
Mar 03 2009;41,53
Mar 02 2009;40,02
Feb 27 2009;44,61
Feb 26 2009;44,70
Feb 25 2009;42,36
Feb 24 2009;39,92
Feb 23 2009;38,02
Feb 20 2009;37,12
Feb 19 2009;38,91
Feb 18 2009;34,66
Feb 17 2009;34,94
Feb 13 2009;37,90
Feb 12 2009;34,38
Feb 11 2009;35,92
Feb 10 2009;38,17
Feb 09 2009;39,69
Feb 06 2009;40,30
Feb 05 2009;41,01
Feb 04 2009;40,21
Feb 03 2009;40,96
Feb 02 2009;40,30
Jan 30 2009;41,66
Jan 29 2009;41,59
Jan 28 2009;42,17
Jan 27 2009;42,02
Jan 26 2009;45,71
Jan 23 2009;46,02
Jan 22 2009;43,28
Jan 21 2009;44,30
Jan 20 2009;38,64
Jan 16 2009;36,03
Jan 15 2009;35,23
Jan 14 2009;37,40
Jan 13 2009;38,84
Jan 12 2009;37,60
Jan 09 2009;40,92
Jan 08 2009;42,58
Jan 07 2009;42,64
Jan 06 2009;48,53
Jan 05 2009;48,30
Jan 02 2009;46,16
Dec 31 2008;43,22
Dec 30 2008;39,12
Dec 29 2008;39,88
Dec 26 2008;37,59
Dec 24 2008;35,46
Dec 23 2008;39,10
Dec 22 2008;39,55
Dec 19 2008;35,89
Dec 18 2008;36,37
Dec 17 2008;40,33
Dec 16 2008;43,66
Dec 15 2008;44,77
Dec 12 2008;46,37
Dec 11 2008;47,31
Dec 10 2008;44,09
Dec 09 2008;42,40
Dec 08 2008;44,01
Dec 05 2008;41,50
Dec 04 2008;43,80
Dec 03 2008;46,81
Dec 02 2008;47,52
Dec 01 2008;48,75
Nov 28 2008;55,12
Nov 26 2008;54,61
Nov 25 2008;50,60
Nov 24 2008;54,25
Nov 21 2008;49,72
Nov 20 2008;49,25
Nov 19 2008;53,39
Nov 18 2008;54,48
Nov 17 2008;54,98
Nov 14 2008;57,30
Nov 13 2008;59,41
Nov 12 2008;55,56
Nov 11 2008;59,00
Nov 10 2008;62,05
Nov 07 2008;61,27
Nov 06 2008;60,50
Nov 05 2008;65,13
Nov 04 2008;70,09
Nov 03 2008;63,82
Oct 31 2008;67,86
Oct 30 2008;65,39
Oct 29 2008;68,16
Oct 28 2008;64,72
Oct 27 2008;62,17
Oct 24 2008;64,51
Oct 23 2008;69,38
Oct 22 2008;67,22
Oct 21 2008;71,42
Oct 20 2008;75,76
Oct 17 2008;72,31
Oct 16 2008;72,22
Oct 15 2008;73,62
Oct 14 2008;78,64
Oct 13 2008;81,87
Oct 10 2008;78,24
Oct 09 2008;84,93
Oct 08 2008;88,88
Oct 07 2008;89,42
Oct 06 2008;88,93
Oct 03 2008;93,76
Oct 02 2008;93,85
Oct 01 2008;98,69
Sep 30 2008;101,92
Sep 29 2008;95,39
Sep 26 2008;106,82
Sep 25 2008;107,64
Sep 24 2008;105,41
Sep 23 2008;106,95
Sep 22 2008;120,41
Sep 19 2008;103,95
Sep 18 2008;97,98
Sep 17 2008;97,17
Sep 16 2008;92,73
Sep 15 2008;94,03
Sep 12 2008;100,92
Sep 11 2008;101,06
Sep 10 2008;102,69
Sep 09 2008;102,41
Sep 08 2008;106,58
Sep 05 2008;106,53
Sep 04 2008;107,53
Sep 03 2008;109,31
Sep 02 2008;110,15
Aug 29 2008;115,61
Aug 28 2008;115,58
Aug 27 2008;118,07
Aug 26 2008;116,10
Aug 25 2008;115,49
Aug 22 2008;114,44
Aug 21 2008;121,63
Aug 20 2008;112,30
Aug 19 2008;115,20
Aug 18 2008;113,10
Aug 15 2008;113,49
Aug 14 2008;114,91
Aug 13 2008;116,37
Aug 12 2008;112,98
Aug 11 2008;114,44
Aug 08 2008;115,05
Aug 07 2008;119,91
Aug 06 2008;118,73
Aug 05 2008;118,58
Aug 04 2008;120,86
Aug 01 2008;125,04
Jul 31 2008;124,03
Jul 30 2008;126,87
Jul 29 2008;121,85
Jul 28 2008;125,06
Jul 25 2008;123,36
Jul 24 2008;125,50
Jul 23 2008;124,47
Jul 22 2008;131,05
Jul 21 2008;128,82
Jul 18 2008;128,86
Jul 17 2008;129,49
Jul 16 2008;135,05
Jul 15 2008;138,86
Jul 14 2008;145,18
Jul 11 2008;144,82
Jul 10 2008;141,87
Jul 09 2008;135,66
Jul 08 2008;135,91
Jul 07 2008;141,63
Jul 03 2008;145,41
Jul 02 2008;144,26
Jul 01 2008;141,44
Jun 30 2008;140,31
Jun 27 2008;140,73
Jun 26 2008;139,53
Jun 25 2008;134,66
Jun 24 2008;137,13
Jun 23 2008;137,37
Jun 20 2008;134,70
Jun 19 2008;131,90
Jun 18 2008;136,18
Jun 17 2008;133,53
Jun 16 2008;133,58
Jun 13 2008;134,84
Jun 12 2008;136,88
Jun 11 2008;136,33
Jun 10 2008;131,69
Jun 09 2008;135,01
Jun 06 2008;138,81
Jun 05 2008;128,26
Jun 04 2008;122,10
Jun 03 2008;124,35
Jun 02 2008;127,62
May 30 2008;127,44
May 29 2008;126,55
May 28 2008;130,83
May 27 2008;128,23
May 23 2008;131,92
May 22 2008;130,70
May 21 2008;134,07
May 20 2008;129,28
May 19 2008;127,31
May 16 2008;126,42
May 15 2008;124,53
May 14 2008;123,86
May 13 2008;126,00
May 12 2008;123,76
May 09 2008;125,97
May 08 2008;124,44
May 07 2008;123,91
May 06 2008;121,78
May 05 2008;119,96
May 02 2008;116,32
May 01 2008;112,18
Apr 30 2008;114,60
Apr 29 2008;115,44
Apr 28 2008;118,81
Apr 25 2008;118,50
Apr 24 2008;115,95
Apr 23 2008;117,92
Apr 22 2008;119,10
Apr 21 2008;117,61
Apr 18 2008;116,84
Apr 17 2008;115,03
Apr 16 2008;115,11
Apr 15 2008;113,86
Apr 14 2008;111,93
Apr 11 2008;110,25
Apr 10 2008;110,01
Apr 09 2008;110,81
Apr 08 2008;108,72
Apr 07 2008;108,89
Apr 04 2008;106,03
Apr 03 2008;104,24
Apr 02 2008;104,64
Apr 01 2008;100,82
Mar 31 2008;101,53
Mar 28 2008;105,35
Mar 27 2008;107,21
Mar 26 2008;106,22
Mar 25 2008;101,50
Mar 24 2008;100,34
Mar 20 2008;101,70
Mar 19 2008;103,66
Mar 18 2008;109,16
Mar 17 2008;105,94
Mar 14 2008;110,11
Mar 13 2008;110,15
Mar 12 2008;110,06
Mar 11 2008;108,68
Mar 10 2008;108,05
Mar 07 2008;105,16
Mar 06 2008;105,47
Mar 05 2008;104,66
Mar 04 2008;99,94
Mar 03 2008;102,39
Feb 29 2008;101,62
Feb 28 2008;102,59
Feb 27 2008;99,73
Feb 26 2008;101,28
Feb 25 2008;99,31
Feb 22 2008;98,81
Feb 21 2008;97,49
Feb 20 2008;100,36
Feb 19 2008;99,96
Feb 15 2008;95,53
Feb 14 2008;95,27
Feb 13 2008;93,32
Feb 12 2008;92,53
Feb 11 2008;93,64
Feb 08 2008;91,87
Feb 07 2008;88,34
Feb 06 2008;87,00
Feb 05 2008;88,23
Feb 04 2008;90,01
Feb 01 2008;89,19
Jan 31 2008;91,41
Jan 30 2008;91,79
Jan 29 2008;92,28
Jan 28 2008;91,05
Jan 25 2008;90,62
Jan 24 2008;89,42
Jan 23 2008;87,86
Jan 22 2008;88,97
Jan 18 2008;90,53
Jan 17 2008;89,86
Jan 16 2008;91,00
Jan 15 2008;91,63
Jan 14 2008;94,34
Jan 11 2008;92,69
Jan 10 2008;94,24
Jan 09 2008;95,81
Jan 08 2008;96,15
Jan 07 2008;95,31
Jan 04 2008;97,84
Jan 03 2008;99,23
Jan 02 2008;99,22
Dec 31 2007;96,00
Dec 28 2007;96,06
Dec 27 2007;96,87
Dec 26 2007;95,91
Dec 24 2007;94,05
Dec 21 2007;93,29
Dec 20 2007;90,99
Dec 19 2007;91,34
Dec 18 2007;89,18
Dec 17 2007;90,83
Dec 14 2007;91,23
Dec 13 2007;92,40
Dec 12 2007;89,28
Dec 11 2007;89,32
Dec 10 2007;88,33
Dec 07 2007;88,16
Dec 06 2007;90,59
Dec 05 2007;87,31
Dec 04 2007;88,10
Dec 03 2007;89,70
Nov 30 2007;88,50
Nov 29 2007;91,04
Nov 28 2007;91,41
Nov 27 2007;94,62
Nov 26 2007;96,89
Nov 23 2007;98,25
Nov 21 2007;97,34
Nov 20 2007;98,15
Nov 19 2007;94,89
Nov 16 2007;94,66
Nov 15 2007;93,72
Nov 14 2007;94,03
Nov 13 2007;91,34
Nov 12 2007;93,64
Nov 09 2007;96,38
Nov 08 2007;95,86
Nov 07 2007;95,84
Nov 06 2007;96,89
Nov 05 2007;94,62
Nov 02 2007;95,72
Nov 01 2007;93,62
Oct 31 2007;95,14
Oct 30 2007;89,62
Oct 29 2007;93,64
Oct 26 2007;91,72
Oct 25 2007;90,35
Oct 24 2007;87,68
Oct 23 2007;85,08
Oct 22 2007;87,11
Oct 19 2007;88,55
Oct 18 2007;89,75
Oct 17 2007;87,06
Oct 16 2007;87,47
Oct 15 2007;86,48
Oct 12 2007;83,71
Oct 11 2007;82,92
Oct 10 2007;81,28
Oct 09 2007;80,18
Oct 08 2007;79,20
Oct 05 2007;81,19
Oct 04 2007;81,46
Oct 03 2007;79,67
Oct 02 2007;80,31
Oct 01 2007;80,19
Sep 28 2007;81,64
Sep 27 2007;82,92
Sep 26 2007;80,60
Sep 25 2007;79,44
Sep 24 2007;80,67
Sep 21 2007;81,38
Sep 20 2007;83,78
Sep 19 2007;82,29
Sep 18 2007;82,22
Sep 17 2007;80,89
Sep 14 2007;79,06
Sep 13 2007;79,97
Sep 12 2007;79,62
Sep 11 2007;78,16
Sep 10 2007;77,88
Sep 07 2007;76,69
Sep 06 2007;76,46
Sep 05 2007;75,87
Sep 04 2007;75,16
Aug 31 2007;73,98
Aug 30 2007;73,55
Aug 29 2007;73,52
Aug 28 2007;71,68
Aug 27 2007;72,09
Aug 24 2007;71,10
Aug 23 2007;69,90
Aug 22 2007;69,40
Aug 21 2007;69,45
Aug 20 2007;71,24
Aug 17 2007;71,72
Aug 16 2007;71,68
Aug 15 2007;73,01
Aug 14 2007;72,69
Aug 13 2007;71,58
Aug 10 2007;71,56
Aug 09 2007;71,57
Aug 08 2007;72,32
Aug 07 2007;72,37
Aug 06 2007;72,10
Aug 03 2007;75,39
Aug 02 2007;76,92
Aug 01 2007;76,68
Jul 31 2007;78,05
Jul 30 2007;76,72
Jul 27 2007;77,00
Jul 26 2007;74,76
Jul 25 2007;76,30
Jul 24 2007;73,33
Jul 23 2007;74,97
Jul 20 2007;75,53
Jul 19 2007;76,00
Jul 18 2007;75,17
Jul 17 2007;74,28
Jul 16 2007;74,20
Jul 13 2007;73,84
Jul 12 2007;72,63
Jul 11 2007;72,50
Jul 10 2007;72,69
Jul 09 2007;72,05
Jul 06 2007;72,77
Jul 05 2007;71,78
Jul 03 2007;71,22
Jul 02 2007;71,19
Jun 29 2007;70,45
Jun 28 2007;69,71
Jun 27 2007;68,96
Jun 26 2007;67,91
Jun 25 2007;69,06
Jun 22 2007;69,15
Jun 21 2007;68,64
Jun 20 2007;68,56
Jun 19 2007;69,03
Jun 18 2007;69,03
Jun 15 2007;68,10
Jun 14 2007;67,73
Jun 13 2007;66,06
Jun 12 2007;65,23
Jun 11 2007;65,85
Jun 08 2007;64,68
Jun 07 2007;66,73
Jun 06 2007;65,89
Jun 05 2007;65,56
Jun 04 2007;66,10
Jun 01 2007;65,07
May 31 2007;64,16
May 30 2007;63,41
May 29 2007;63,30
May 25 2007;65,22
May 24 2007;64,39
May 23 2007;65,73
May 22 2007;65,00
May 21 2007;66,22
May 18 2007;64,95
May 17 2007;64,81
May 16 2007;62,54
May 15 2007;63,06
May 14 2007;62,39
May 11 2007;62,39
May 10 2007;61,81
May 09 2007;61,53
May 08 2007;62,22
May 07 2007;61,59
May 04 2007;61,80
May 03 2007;63,21
May 02 2007;63,49
May 01 2007;64,51
Apr 30 2007;65,63
Apr 27 2007;66,41
Apr 26 2007;65,30
Apr 25 2007;65,72
Apr 24 2007;64,59
Apr 23 2007;65,80
Apr 20 2007;63,48
Apr 19 2007;61,66
Apr 18 2007;62,85
Apr 17 2007;63,17
Apr 16 2007;63,52
Apr 13 2007;63,61
Apr 12 2007;63,86
Apr 11 2007;62,01
Apr 10 2007;61,88
Apr 09 2007;61,59
Apr 05 2007;64,07
Apr 04 2007;64,46
Apr 03 2007;64,47
Apr 02 2007;65,84
Mar 30 2007;65,89
Mar 29 2007;66,17
Mar 28 2007;64,03
Mar 27 2007;64,51
Mar 26 2007;62,91
Mar 23 2007;62,20
Mar 22 2007;61,95
Mar 21 2007;60,05
Mar 20 2007;56,50
Mar 19 2007;56,78
Mar 16 2007;57,01
Mar 15 2007;57,48
Mar 14 2007;58,25
Mar 13 2007;58,21
Mar 12 2007;59,01
Mar 09 2007;60,11
Mar 08 2007;61,73
Mar 07 2007;61,83
Mar 06 2007;60,75
Mar 05 2007;59,91
Mar 02 2007;61,48
Mar 01 2007;61,84
Feb 28 2007;61,75
Feb 27 2007;60,20
Feb 26 2007;61,50
Feb 23 2007;60,91
Feb 22 2007;60,80
Feb 21 2007;60,20
Feb 20 2007;58,29
Feb 16 2007;59,34
Feb 15 2007;57,92
Feb 14 2007;58,19
Feb 13 2007;58,99
Feb 12 2007;57,61
Feb 09 2007;59,88
Feb 08 2007;59,73
Feb 07 2007;57,70
Feb 06 2007;59,12
Feb 05 2007;58,84
Feb 02 2007;59,01
Feb 01 2007;57,36
Jan 31 2007;58,02
Jan 30 2007;56,95
Jan 29 2007;53,88
Jan 26 2007;55,48
Jan 25 2007;54,31
Jan 24 2007;55,33
Jan 23 2007;54,96
Jan 22 2007;51,13
Jan 19 2007;51,81
Jan 18 2007;50,32
Jan 17 2007;52,21
Jan 16 2007;51,19
Jan 12 2007;52,92
Jan 11 2007;51,99
Jan 10 2007;53,58
Jan 09 2007;55,76
Jan 08 2007;56,17
Jan 05 2007;56,24
Jan 04 2007;55,55
Jan 03 2007;58,05
Jan 02 2007;60,85
Dec 29 2006;61,07
Dec 28 2006;60,47
Dec 27 2006;60,36
Dec 26 2006;60,97
Dec 22 2006;62,41
Dec 21 2006;62,67
Dec 20 2006;63,59
Dec 19 2006;62,83
Dec 18 2006;62,23
Dec 15 2006;63,31
Dec 14 2006;62,55
Dec 13 2006;61,50
Dec 12 2006;60,90
Dec 11 2006;61,29
Dec 08 2006;62,20
Dec 07 2006;62,60
Dec 06 2006;62,20
Dec 05 2006;62,61
Dec 04 2006;62,42
Dec 01 2006;63,54
Nov 30 2006;62,94
Nov 29 2006;62,38
Nov 28 2006;60,91
Nov 27 2006;60,30
Nov 22 2006;59,30
Nov 21 2006;60,15
Nov 20 2006;58,89
Nov 17 2006;55,92
Nov 16 2006;55,62
Nov 15 2006;58,74
Nov 14 2006;58,36
Nov 13 2006;58,57
Nov 10 2006;59,58
Nov 09 2006;61,05
Nov 08 2006;59,89
Nov 07 2006;59,12
Nov 06 2006;60,10
Nov 03 2006;59,09
Nov 02 2006;57,83
Nov 01 2006;58,53
Oct 31 2006;58,60
Oct 30 2006;58,45
Oct 27 2006;60,78
Oct 26 2006;60,28
Oct 25 2006;61,55
Oct 24 2006;59,45
Oct 23 2006;58,84
Oct 20 2006;57,39
Oct 19 2006;58,75
Oct 18 2006;57,80
Oct 17 2006;58,98
Oct 16 2006;60,21
Oct 13 2006;58,69
Oct 12 2006;58,27
Oct 11 2006;57,43
Oct 10 2006;58,65
Oct 09 2006;59,92
Oct 06 2006;59,73
Oct 05 2006;60,00
Oct 04 2006;59,50
Oct 03 2006;58,52
Oct 02 2006;60,84
Sep 29 2006;62,98
Sep 28 2006;62,70
Sep 27 2006;63,01
Sep 26 2006;61,20
Sep 25 2006;61,47
Sep 22 2006;60,57
Sep 21 2006;61,64
Sep 20 2006;60,12
Sep 19 2006;61,62
Sep 18 2006;63,88
Sep 15 2006;63,34
Sep 14 2006;63,38
Sep 13 2006;64,23
Sep 12 2006;63,88
Sep 11 2006;65,55
Sep 08 2006;66,31
Sep 07 2006;67,28
Sep 06 2006;67,53
Sep 05 2006;68,55
Sep 01 2006;70,34
Aug 31 2006;70,32
Aug 30 2006;70,47
Aug 29 2006;69,75
Aug 28 2006;70,43
Aug 25 2006;73,39
Aug 24 2006;72,88
Aug 23 2006;71,67
Aug 22 2006;72,38
Aug 21 2006;72,47
Aug 18 2006;70,59
Aug 17 2006;70,53
Aug 16 2006;71,64
Aug 15 2006;72,89
Aug 14 2006;73,36
Aug 11 2006;74,36
Aug 10 2006;74,05
Aug 09 2006;76,27
Aug 08 2006;76,35
Aug 07 2006;77,06
Aug 04 2006;75,34
Aug 03 2006;75,03
Aug 02 2006;75,55
Aug 01 2006;74,68
Jul 31 2006;73,56
Jul 28 2006;74,00
Jul 27 2006;74,54
Jul 26 2006;73,59
Jul 25 2006;75,25
Jul 24 2006;73,75
Jul 21 2006;74,82
Jul 20 2006;73,25
Jul 19 2006;73,19
Jul 18 2006;76,10
Jul 17 2006;75,53
Jul 14 2006;77,74
Jul 13 2006;76,09
Jul 12 2006;74,40
Jul 11 2006;74,09
Jul 10 2006;73,52
Jul 07 2006;75,53
Jul 06 2006;74,83
Jul 05 2006;73,93
Jun 30 2006;73,59
Jun 29 2006;72,39
Jun 28 2006;71,91
Jun 27 2006;72,11
Jun 26 2006;71,00
Jun 23 2006;70,53
Jun 22 2006;70,63
Jun 21 2006;69,34
Jun 20 2006;69,53
Jun 19 2006;69,42
Jun 16 2006;69,38
Jun 15 2006;69,90
Jun 14 2006;68,92
Jun 13 2006;69,25
Jun 12 2006;71,79
Jun 09 2006;71,61
Jun 08 2006;69,84
Jun 07 2006;73,20
Jun 06 2006;71,66
Jun 05 2006;73,34
Jun 02 2006;71,17
Jun 01 2006;70,81
May 31 2006;71,38
May 30 2006;72,31
May 26 2006;71,03
May 25 2006;70,37
May 24 2006;70,85
May 23 2006;72,46
May 22 2006;67,80
May 19 2006;68,54
May 18 2006;68,63
May 17 2006;69,47
May 16 2006;69,72
May 15 2006;70,06
May 12 2006;72,85
May 11 2006;73,69
May 10 2006;70,47
May 09 2006;70,09
May 08 2006;69,03
May 05 2006;70,09
May 04 2006;71,39
May 03 2006;73,80
May 02 2006;73,97
May 01 2006;72,36
Apr 28 2006;71,59
Apr 27 2006;71,11
Apr 26 2006;72,30
Apr 25 2006;74,02
Apr 24 2006;74,18
Apr 21 2006;75,18
Apr 20 2006;72,06
Apr 19 2006;71,43
Apr 18 2006;70,38
Apr 17 2006;69,57
Apr 13 2006;69,44
Apr 12 2006;68,84
Apr 11 2006;69,07
Apr 10 2006;68,17
Apr 07 2006;67,44
Apr 06 2006;67,90
Apr 05 2006;66,36
Apr 04 2006;66,08
Apr 03 2006;67,12
Mar 31 2006;66,45
Mar 30 2006;66,66
Mar 29 2006;67,33
Mar 28 2006;64,94
Mar 27 2006;63,82
Mar 24 2006;64,40
Mar 23 2006;62,99
Mar 22 2006;62,13
Mar 21 2006;60,42
Mar 20 2006;62,63
Mar 17 2006;63,50
Mar 16 2006;62,01
Mar 15 2006;64,09
Mar 14 2006;62,03
Mar 13 2006;60,04
Mar 10 2006;59,97
Mar 09 2006;60,55
Mar 08 2006;59,67
Mar 07 2006;62,36
Mar 06 2006;63,19
Mar 03 2006;63,20
Mar 02 2006;62,51
Mar 01 2006;61,72
Feb 28 2006;61,20
Feb 27 2006;62,06
Feb 24 2006;62,80
Feb 23 2006;60,77
Feb 22 2006;62,75
Feb 21 2006;61,00
Feb 17 2006;59,61
Feb 16 2006;58,32
Feb 15 2006;57,66
Feb 14 2006;59,95
Feb 13 2006;61,17
Feb 10 2006;62,34
Feb 09 2006;63,00
Feb 08 2006;62,66
Feb 07 2006;63,35
Feb 06 2006;65,93
Feb 03 2006;65,19
Feb 02 2006;66,13
Feb 01 2006;67,87
Jan 31 2006;68,25
Jan 30 2006;67,53
Jan 27 2006;67,19
Jan 26 2006;65,92
Jan 25 2006;66,02
Jan 24 2006;67,25
Jan 23 2006;67,84
Jan 20 2006;68,45
Jan 19 2006;65,52
Jan 18 2006;66,50
Jan 17 2006;65,24
Jan 13 2006;63,46
Jan 12 2006;64,61
Jan 11 2006;63,98
Jan 10 2006;63,83
Jan 09 2006;63,81
Jan 06 2006;63,64
Jan 05 2006;63,05
Jan 04 2006;62,63
Jan 03 2006;62,42
Dec 30 2005;59,88
Dec 29 2005;59,55
Dec 28 2005;58,38
Dec 27 2005;57,80
Dec 23 2005;57,86
Dec 22 2005;58,58
Dec 21 2005;58,22
Dec 20 2005;57,75
Dec 19 2005;57,63
Dec 16 2005;58,73
Dec 15 2005;60,72
Dec 14 2005;61,38
Dec 13 2005;61,70
Dec 12 2005;60,16
Dec 09 2005;60,89
Dec 08 2005;59,56
Dec 07 2005;59,95
Dec 06 2005;59,65
Dec 05 2005;60,03
Dec 02 2005;58,88
Dec 01 2005;58,27
Nov 30 2005;56,41
Nov 29 2005;57,52
Nov 28 2005;58,08
Nov 23 2005;58,47
Nov 22 2005;58,57
Nov 21 2005;57,73
Nov 18 2005;55,80
Nov 17 2005;56,51
Nov 16 2005;56,95
Nov 15 2005;57,57
Nov 14 2005;57,96
Nov 11 2005;57,52
Nov 10 2005;58,20
Nov 09 2005;59,52
Nov 08 2005;59,54
Nov 07 2005;59,09
Nov 04 2005;61,17
Nov 03 2005;60,55
Nov 02 2005;59,66
Nov 01 2005;59,28
Oct 31 2005;60,60
Oct 28 2005;61,24
Oct 27 2005;61,30
Oct 26 2005;62,02
Oct 25 2005;62,15
Oct 24 2005;59,69
Oct 21 2005;59,36
Oct 20 2005;60,58
Oct 19 2005;62,33
Oct 18 2005;63,76
Oct 17 2005;63,38
Oct 14 2005;61,94
Oct 13 2005;63,87
Oct 12 2005;63,48
Oct 11 2005;62,59
Oct 10 2005;61,47
Oct 07 2005;61,59
Oct 06 2005;61,20
Oct 05 2005;64,12
Oct 04 2005;64,50
Oct 03 2005;66,12
Sep 30 2005;66,37
Sep 29 2005;67,00
Sep 28 2005;66,36
Sep 27 2005;65,81
Sep 26 2005;63,59
Sep 23 2005;66,08
Sep 22 2005;67,58
Sep 21 2005;67,25
Sep 20 2005;66,59
Sep 19 2005;64,41
Sep 16 2005;63,72
Sep 15 2005;65,34
Sep 14 2005;64,53
Sep 13 2005;63,72
Sep 12 2005;63,62
Sep 09 2005;65,00
Sep 08 2005;64,47
Sep 07 2005;65,50
Sep 06 2005;67,39
Sep 02 2005;68,03
Sep 01 2005;68,77
Aug 31 2005;69,31
Aug 30 2005;69,95
Aug 29 2005;67,94
Aug 26 2005;67,59
Aug 25 2005;66,84
Aug 24 2005;67,50
Aug 23 2005;65,98
Aug 22 2005;67,05
Aug 19 2005;64,38
Aug 18 2005;63,17
Aug 17 2005;65,16
Aug 16 2005;65,93
Aug 15 2005;66,50
Aug 12 2005;66,06
Aug 11 2005;65,00
Aug 10 2005;64,96
Aug 09 2005;63,67
Aug 08 2005;63,13
Aug 05 2005;61,91
Aug 04 2005;61,22
Aug 03 2005;62,39
Aug 02 2005;61,34
Aug 01 2005;61,18
Jul 29 2005;60,34
Jul 28 2005;59,41
Jul 27 2005;59,52
Jul 26 2005;58,87
Jul 25 2005;58,30
Jul 22 2005;57,95
Jul 21 2005;57,66
Jul 20 2005;58,05
Jul 19 2005;57,50
Jul 18 2005;57,81
Jul 15 2005;58,13
Jul 14 2005;59,00
Jul 13 2005;60,52
Jul 12 2005;60,78
Jul 11 2005;54,81
Jul 08 2005;61,55
Jul 07 2005;60,00
Jul 06 2005;60,38
Jul 05 2005;59,53
Jul 01 2005;56,73
Jun 30 2005;56,84
Jun 29 2005;57,34
Jun 28 2005;59,11
Jun 27 2005;60,37
Jun 24 2005;59,72
Jun 23 2005;58,55
Jun 22 2005;59,06
Jun 21 2005;59,09
Jun 20 2005;58,84
Jun 17 2005;57,72
Jun 16 2005;55,71
Jun 15 2005;55,62
Jun 14 2005;55,37
Jun 13 2005;53,47
Jun 10 2005;54,31
Jun 09 2005;53,02
Jun 08 2005;53,44
Jun 07 2005;54,19
Jun 06 2005;55,27
Jun 03 2005;54,25
Jun 02 2005;53,77
Jun 01 2005;52,37
May 31 2005;51,48
May 27 2005;51,30
May 26 2005;51,10
May 25 2005;49,70
May 24 2005;49,28
May 23 2005;49,22
May 20 2005;46,92
May 19 2005;47,18
May 18 2005;49,07
May 17 2005;48,35
May 16 2005;48,03
May 13 2005;48,55
May 12 2005;50,05
May 11 2005;51,48
May 10 2005;52,34
May 09 2005;52,01
May 06 2005;51,43
May 05 2005;50,70
May 04 2005;49,98
May 03 2005;50,36
May 02 2005;49,50
Apr 29 2005;50,41
Apr 28 2005;50,62
Apr 27 2005;53,98
Apr 26 2005;54,01
Apr 25 2005;55,72
Apr 22 2005;55,05
Apr 21 2005;53,29
Apr 20 2005;52,83
Apr 19 2005;52,14
Apr 18 2005;50,34
Apr 15 2005;50,70
Apr 14 2005;50,52
Apr 13 2005;51,17
Apr 12 2005;53,21
Apr 11 2005;52,73
Apr 08 2005;53,60
Apr 07 2005;56,59
Apr 06 2005;56,08
Apr 05 2005;56,79
Apr 04 2005;57,55
Apr 01 2005;56,53
Mar 31 2005;55,07
Mar 30 2005;53,66
Mar 29 2005;54,34
Mar 28 2005;54,32
Mar 24 2005;54,31
Mar 23 2005;55,12
Mar 22 2005;57,14
Mar 21 2005;56,73
Mar 18 2005;56,69
Mar 17 2005;56,79
Mar 16 2005;55,22
Mar 15 2005;54,59
Mar 14 2005;54,52
Mar 11 2005;53,72
Mar 10 2005;53,78
Mar 09 2005;54,78
Mar 08 2005;53,74
Mar 07 2005;53,27
Mar 04 2005;53,21
Mar 03 2005;53,13
Mar 02 2005;51,67
Mar 01 2005;51,46
Feb 28 2005;51,93
Feb 25 2005;51,00
Feb 24 2005;51,06
Feb 23 2005;51,06
Feb 22 2005;50,83
Feb 18 2005;48,10
Feb 17 2005;48,55
Feb 16 2005;48,38
Feb 15 2005;47,63
Feb 14 2005;47,14
Feb 11 2005;47,90
Feb 10 2005;47,03
Feb 09 2005;45,07
Feb 08 2005;45,72
Feb 07 2005;45,72
Feb 04 2005;46,87
Feb 03 2005;46,31
Feb 02 2005;47,42
Feb 01 2005;47,58
Jan 31 2005;47,10
Jan 28 2005;48,22
Jan 27 2005;49,26
Jan 26 2005;48,62
Jan 25 2005;48,81
Jan 24 2005;49,01
Jan 21 2005;47,77
Jan 20 2005;47,17
Jan 19 2005;48,02
Jan 18 2005;48,72
Jan 14 2005;48,41
Jan 13 2005;46,84
Jan 12 2005;45,99
Jan 11 2005;45,33
Jan 10 2005;46,28
Jan 07 2005;45,52
Jan 06 2005;43,17
Jan 05 2005;43,34
Jan 04 2005;42,28
Jan 03 2005;42,22
Dec 30 2004;42,76
Dec 29 2004;42,83
Dec 28 2004;41,62
Dec 27 2004;41,97
Dec 23 2004;43,91
Dec 22 2004;44,88
Dec 21 2004;45,60
Dec 20 2004;45,91
Dec 17 2004;45,55
Dec 16 2004;44,25
Dec 15 2004;42,27
Dec 14 2004;41,43
Dec 13 2004;40,73
Dec 10 2004;43,12
Dec 09 2004;42,52
Dec 08 2004;40,59
Dec 07 2004;42,59
Dec 06 2004;43,32
Dec 03 2004;43,14
Dec 02 2004;43,80
Dec 01 2004;47,92
Nov 30 2004;49,98
Nov 29 2004;49,59
Nov 24 2004;48,64
Nov 23 2004;48,89
Nov 22 2004;49,12
Nov 19 2004;48,25
Nov 18 2004;46,61
Nov 17 2004;42,47
Nov 16 2004;47,08
Nov 15 2004;46,10
Nov 12 2004;47,28
Nov 11 2004;47,83
Nov 10 2004;47,30
Nov 09 2004;47,78
Nov 08 2004;49,04
Nov 05 2004;49,02
Nov 04 2004;50,20
Nov 03 2004;49,75
Nov 02 2004;49,92
Nov 01 2004;52,27
Oct 29 2004;51,49
Oct 28 2004;52,09
Oct 27 2004;54,99
Oct 26 2004;54,63
Oct 25 2004;55,42
Oct 22 2004;55,32
Oct 21 2004;54,48
Oct 20 2004;54,09
Oct 19 2004;52,77
Oct 18 2004;54,22
Oct 15 2004;54,40
Oct 14 2004;54,33
Oct 13 2004;51,91
Oct 12 2004;52,29
Oct 11 2004;53,67
Oct 08 2004;52,87
Oct 07 2004;52,62
Oct 06 2004;51,05
Oct 05 2004;50,67
Oct 04 2004;49,63
Oct 01 2004;49,41
Sep 30 2004;49,55
Sep 29 2004;49,61
Sep 28 2004;50,03
Sep 27 2004;49,70
Sep 24 2004;48,26
Sep 23 2004;48,34
Sep 22 2004;46,73
Sep 21 2004;46,58
Sep 20 2004;45,83
Sep 17 2004;44,64
Sep 16 2004;43,28
Sep 15 2004;43,98
Sep 14 2004;44,43
Sep 13 2004;43,62
Sep 10 2004;43,52
Sep 09 2004;43,41
Sep 08 2004;43,01
Sep 07 2004;43,00
Sep 03 2004;43,88
Sep 02 2004;44,32
Sep 01 2004;42,68
Aug 31 2004;41,80
Aug 30 2004;41,79
Aug 27 2004;43,49
Aug 26 2004;42,91
Aug 25 2004;45,45
Aug 24 2004;45,77
Aug 23 2004;46,73
Aug 20 2004;47,65
Aug 19 2004;47,80
Aug 18 2004;47,17
Aug 17 2004;45,75
Aug 16 2004;46,38
Aug 13 2004;45,67
Aug 12 2004;45,08
Aug 11 2004;44,13
Aug 10 2004;44,60
Aug 09 2004;44,34
Aug 06 2004;44,25
Aug 05 2004;43,88
Aug 04 2004;44,17
Aug 03 2004;43,55
Aug 02 2004;43,56
Jul 30 2004;43,50
Jul 29 2004;42,29
Jul 28 2004;42,42
Jul 27 2004;41,61
Jul 26 2004;41,53
Jul 23 2004;41,62
Jul 22 2004;41,05
Jul 21 2004;40,67
Jul 20 2004;40,61
Jul 19 2004;41,39
Jul 16 2004;41,10
Jul 15 2004;40,77
Jul 14 2004;40,53
Jul 13 2004;39,51
Jul 12 2004;40,14
Jul 09 2004;40,17
Jul 08 2004;39,50
Jul 07 2004;39,20
Jul 06 2004;39,33
Jul 02 2004;38,52
Jul 01 2004;37,53
Jun 30 2004;35,76
Jun 29 2004;35,94
Jun 28 2004;36,20
Jun 25 2004;37,50
Jun 24 2004;37,63
Jun 23 2004;38,25
Jun 22 2004;37,67
Jun 21 2004;38,92
Jun 18 2004;38,53
Jun 17 2004;37,91
Jun 16 2004;37,47
Jun 15 2004;38,01
Jun 14 2004;38,07
Jun 10 2004;37,68
Jun 09 2004;36,87
Jun 08 2004;39,08
Jun 07 2004;38,05
Jun 04 2004;38,70
Jun 03 2004;40,41
Jun 02 2004;42,09
Jun 01 2004;41,17
May 28 2004;39,41
May 27 2004;39,47
May 26 2004;41,19
May 25 2004;41,58
May 24 2004;40,16
May 21 2004;40,53
May 20 2004;41,41
May 19 2004;40,30
May 18 2004;40,97
May 17 2004;41,42
May 14 2004;41,46
May 13 2004;40,95
May 12 2004;40,38
May 11 2004;39,43
May 10 2004;38,55
May 07 2004;39,87
May 06 2004;39,38
May 05 2004;38,83
May 04 2004;38,36
May 03 2004;37,55
Apr 30 2004;37,74
Apr 29 2004;37,25
Apr 28 2004;37,03
Apr 27 2004;37,33
Apr 26 2004;36,80
Apr 23 2004;36,78
Apr 22 2004;36,04
Apr 21 2004;35,97
Apr 20 2004;37,13
Apr 19 2004;37,95
Apr 16 2004;37,70
Apr 15 2004;36,63
Apr 14 2004;36,60
Apr 13 2004;37,53
Apr 12 2004;37,39
Apr 08 2004;36,49
Apr 07 2004;35,27
Apr 06 2004;34,34
Apr 05 2004;34,47
Apr 02 2004;33,82
Apr 01 2004;34,08
Mar 31 2004;36,13
Mar 30 2004;35,92
Mar 29 2004;35,44
Mar 26 2004;35,69
Mar 25 2004;36,01
Mar 24 2004;37,34
Mar 23 2004;36,70
Mar 22 2004;37,52
Mar 19 2004;38,01
Mar 18 2004;37,91
Mar 17 2004;37,59
Mar 16 2004;37,21
Mar 15 2004;36,38
Mar 12 2004;36,56
Mar 11 2004;36,67
Mar 10 2004;35,95
Mar 09 2004;36,59
Mar 08 2004;37,23
Mar 05 2004;37,20
Mar 04 2004;36,30
Mar 03 2004;36,46
Mar 02 2004;36,66
Mar 01 2004;36,23
Feb 27 2004;35,56
Feb 26 2004;35,73
Feb 25 2004;34,59
Feb 24 2004;34,77
Feb 23 2004;34,16
Feb 20 2004;35,72
Feb 19 2004;35,84
Feb 18 2004;35,13
Feb 17 2004;35,12
Feb 13 2004;34,20
Feb 12 2004;33,93
Feb 11 2004;33,61
Feb 10 2004;33,69
Feb 09 2004;32,63
Feb 06 2004;32,78
Feb 05 2004;32,66
Feb 04 2004;33,73
Feb 03 2004;35,06
Feb 02 2004;32,88
Jan 30 2004;33,26
Jan 29 2004;32,94
Jan 28 2004;34,02
Jan 27 2004;34,64
Jan 26 2004;34,52
Jan 23 2004;34,94
Jan 22 2004;34,80
Jan 21 2004;34,55
Jan 20 2004;36,25
Jan 16 2004;34,83
Jan 15 2004;34,44
Jan 14 2004;34,39
Jan 13 2004;34,43
Jan 12 2004;34,72
Jan 09 2004;34,57
Jan 08 2004;33,73
Jan 07 2004;33,61
Jan 06 2004;34,26
Jan 05 2004;32,91
Dec 31 2003;32,89
Dec 30 2003;32,59
Dec 29 2003;32,33
Dec 24 2003;32,08
Dec 23 2003;31,62
Dec 22 2003;32,20
Dec 19 2003;33,29
Dec 18 2003;33,65
Dec 17 2003;33,70
Dec 16 2003;33,03
Dec 15 2003;32,73
Dec 12 2003;32,50
Dec 11 2003;31,94
Dec 10 2003;32,30
Dec 09 2003;31,86
Dec 08 2003;31,48
Dec 05 2003;31,02
Dec 04 2003;30,76
Dec 03 2003;30,88
Dec 02 2003;30,25
Dec 01 2003;29,93
Nov 26 2003;29,95
Nov 25 2003;29,85
Nov 24 2003;30,89
Nov 21 2003;31,75
Nov 20 2003;32,73
Nov 19 2003;32,88
Nov 18 2003;31,66
Nov 17 2003;31,77
Nov 14 2003;32,12
Nov 13 2003;31,86
Nov 12 2003;31,15
Nov 11 2003;30,84
Nov 10 2003;31,00
Nov 07 2003;30,56
Nov 06 2003;30,55
Nov 05 2003;29,54
Nov 04 2003;28,64
Nov 03 2003;29,32
Oct 31 2003;28,77
Oct 30 2003;28,64
Oct 29 2003;28,91
Oct 28 2003;29,70
Oct 27 2003;29,94
Oct 24 2003;30,16
Oct 23 2003;29,73
Oct 22 2003;30,54
Oct 21 2003;30,56
Oct 20 2003;30,07
Oct 17 2003;30,90
Oct 16 2003;31,76
Oct 15 2003;31,77
Oct 14 2003;32,01
Oct 13 2003;31,80
Oct 10 2003;32,09
Oct 09 2003;30,98
Oct 08 2003;29,62
Oct 07 2003;30,27
Oct 06 2003;30,64
Oct 03 2003;29,59
Oct 02 2003;29,70
Oct 01 2003;29,07
Sep 30 2003;28,89
Sep 29 2003;28,39
Sep 26 2003;28,16
Sep 25 2003;28,37
Sep 24 2003;28,38
Sep 23 2003;27,30
Sep 22 2003;27,04
Sep 19 2003;26,90
Sep 18 2003;27,18
Sep 17 2003;26,87
Sep 16 2003;27,70
Sep 15 2003;28,34
Sep 12 2003;28,12
Sep 11 2003;28,97
Sep 10 2003;29,23
Sep 09 2003;29,12
Sep 08 2003;28,66
Sep 05 2003;28,87
Sep 04 2003;29,12
Sep 03 2003;29,51
Sep 02 2003;30,29
Aug 29 2003;31,78
Aug 28 2003;31,46
Aug 27 2003;31,53
Aug 26 2003;31,59
Aug 25 2003;31,77
Aug 22 2003;31,84
Aug 21 2003;31,72
Aug 20 2003;30,98
Aug 19 2003;30,56
Aug 18 2003;31,20
Aug 15 2003;30,98
Aug 14 2003;31,02
Aug 13 2003;31,36
Aug 12 2003;31,69
Aug 11 2003;31,98
Aug 08 2003;32,12
Aug 07 2003;32,33
Aug 06 2003;32,15
Aug 05 2003;32,21
Aug 04 2003;31,95
Aug 01 2003;31,99
Jul 31 2003;30,61
Jul 30 2003;30,39
Jul 29 2003;29,88
Jul 28 2003;29,98
Jul 25 2003;30,20
Jul 24 2003;30,05
Jul 23 2003;29,26
Jul 22 2003;30,27
Jul 21 2003;31,60
Jul 18 2003;31,88
Jul 17 2003;31,21
Jul 16 2003;31,09
Jul 15 2003;31,41
Jul 14 2003;31,13
Jul 11 2003;31,67
Jul 10 2003;31,27
Jul 09 2003;30,37
Jul 08 2003;29,75
Jul 07 2003;29,98
Jul 03 2003;30,52
Jul 02 2003;30,15
Jul 01 2003;29,98
Jun 30 2003;30,06
Jun 27 2003;29,00
Jun 26 2003;29,14
Jun 25 2003;29,87
Jun 24 2003;28,97
Jun 23 2003;29,17
Jun 20 2003;30,63
Jun 19 2003;29,91
Jun 18 2003;30,53
Jun 17 2003;31,07
Jun 16 2003;30,81
Jun 13 2003;30,32
Jun 12 2003;31,56
Jun 11 2003;32,30
Jun 10 2003;31,71
Jun 09 2003;30,96
Jun 06 2003;31,08
Jun 05 2003;30,33
Jun 04 2003;30,28
Jun 03 2003;30,52
Jun 02 2003;30,59
May 30 2003;29,32
May 29 2003;28,59
May 28 2003;28,81
May 27 2003;29,43
May 23 2003;29,27
May 22 2003;28,79
May 21 2003;29,28
May 20 2003;29,32
May 19 2003;28,71
May 16 2003;28,82
May 15 2003;29,01
May 14 2003;28,76
May 13 2003;28,06
May 12 2003;27,79
May 09 2003;27,66
May 08 2003;26,57
May 07 2003;25,86
May 06 2003;25,96
May 05 2003;26,02
May 02 2003;25,81
May 01 2003;26,06
Apr 30 2003;26,13
Apr 29 2003;25,31
Apr 28 2003;25,52
Apr 25 2003;26,27
Apr 24 2003;26,64
Apr 23 2003;27,68
Apr 22 2003;29,91
Apr 21 2003;31,00
Apr 17 2003;30,37
Apr 16 2003;29,17
Apr 15 2003;29,08
Apr 14 2003;27,77
Apr 11 2003;27,77
Apr 10 2003;27,45
Apr 09 2003;28,85
Apr 08 2003;27,91
Apr 07 2003;27,99
Apr 04 2003;28,06
Apr 03 2003;28,59
Apr 02 2003;28,62
Apr 01 2003;30,01
Mar 31 2003;31,02
Mar 28 2003;30,24
Mar 27 2003;30,35
Mar 26 2003;28,60
Mar 25 2003;29,40
Mar 24 2003;28,45
Mar 21 2003;27,32
Mar 20 2003;28,75
Mar 19 2003;29,98
Mar 18 2003;31,77
Mar 17 2003;35,97
Mar 14 2003;34,60
Mar 13 2003;36,80
Mar 12 2003;37,67
Mar 11 2003;36,50
Mar 10 2003;37,26
Mar 07 2003;37,55
Mar 06 2003;36,86
Mar 05 2003;36,73
Mar 04 2003;36,92
Mar 03 2003;35,82
Feb 28 2003;37,05
Feb 27 2003;37,70
Feb 26 2003;37,76
Feb 25 2003;36,83
Feb 24 2003;36,47
Feb 21 2003;35,31
Feb 20 2003;36,35
Feb 19 2003;36,95
Feb 18 2003;36,75
Feb 14 2003;36,49
Feb 13 2003;36,31
Feb 12 2003;35,30
Feb 11 2003;35,06
Feb 10 2003;34,56
Feb 07 2003;35,05
Feb 06 2003;34,34
Feb 05 2003;33,49
Feb 04 2003;33,66
Feb 03 2003;32,93
Jan 31 2003;33,56
Jan 30 2003;33,60
Jan 29 2003;33,82
Jan 28 2003;32,61
Jan 27 2003;32,74
Jan 24 2003;33,27
Jan 23 2003;31,23
Jan 22 2003;32,83
Jan 21 2003;34,95
Jan 17 2003;33,91
Jan 16 2003;33,65
Jan 15 2003;33,22
Jan 14 2003;32,41
Jan 13 2003;31,86
Jan 10 2003;31,50
Jan 09 2003;31,89
Jan 08 2003;30,15
Jan 07 2003;31,13
Jan 06 2003;32,10
Jan 03 2003;32,71
Jan 02 2003;31,75
Dec 31 2002;30,45
Dec 30 2002;31,97
Dec 27 2002;32,55
Dec 26 2002;32,05
Dec 24 2002;31,68
Dec 23 2002;31,66
Dec 20 2002;30,02
Dec 19 2002;30,44
Dec 18 2002;30,54
Dec 17 2002;29,95
Dec 16 2002;29,60
Dec 13 2002;28,48
Dec 12 2002;27,64
Dec 11 2002;27,56
Dec 10 2002;27,42
Dec 09 2002;27,27
Dec 06 2002;27,12
Dec 05 2002;27,30
Dec 04 2002;26,92
Dec 03 2002;27,58
Dec 02 2002;27,13
Nov 27 2002;26,79
Nov 26 2002;26,27
Nov 25 2002;26,75
Nov 22 2002;26,57
Nov 21 2002;26,37
Nov 20 2002;26,98
Nov 19 2002;26,82
Nov 18 2002;25,91
Nov 15 2002;25,38
Nov 14 2002;25,19
Nov 13 2002;25,44
Nov 12 2002;26,00
Nov 11 2002;26,09
Nov 08 2002;25,60
Nov 07 2002;25,88
Nov 06 2002;26,09
Nov 05 2002;26,56
Nov 04 2002;26,88
Nov 01 2002;27,28
Oct 31 2002;27,22
Oct 30 2002;26,86
Oct 29 2002;27,23
Oct 28 2002;27,05
Oct 25 2002;27,50
Oct 24 2002;28,26
Oct 23 2002;28,21
Oct 22 2002;27,93
Oct 21 2002;28,77
Oct 18 2002;29,51
Oct 17 2002;29,11
Oct 16 2002;29,84
Oct 15 2002;30,06
Oct 14 2002;29,63
Oct 11 2002;29,24
Oct 10 2002;28,84
Oct 09 2002;29,44
Oct 08 2002;29,27
Oct 07 2002;29,85
Oct 04 2002;29,60
Oct 03 2002;29,77
Oct 02 2002;30,58
Oct 01 2002;30,87
Sep 30 2002;30,52
Sep 27 2002;30,55
Sep 26 2002;30,61
Sep 25 2002;30,50
Sep 24 2002;30,94
Sep 23 2002;30,48
Sep 20 2002;29,62
Sep 19 2002;29,49
Sep 18 2002;29,48
Sep 17 2002;28,98
Sep 16 2002;29,64
Sep 13 2002;29,43
Sep 12 2002;29,46
Sep 11 2002;29,67
Sep 10 2002;29,83
Sep 09 2002;29,70
Sep 06 2002;29,82
Sep 05 2002;28,77
Sep 04 2002;27,94
Sep 03 2002;27,76
Aug 30 2002;28,99
Aug 29 2002;28,59
Aug 28 2002;28,58
Aug 27 2002;29,14
Aug 26 2002;28,99
Aug 23 2002;28,62
Aug 22 2002;28,94
Aug 21 2002;28,80
Aug 20 2002;30,00
Aug 19 2002;29,73
Aug 16 2002;29,29
Aug 15 2002;29,06
Aug 14 2002;28,12
Aug 13 2002;27,98
Aug 12 2002;27,82
Aug 09 2002;26,74
Aug 08 2002;26,66
Aug 07 2002;26,60
Aug 06 2002;27,12
Aug 05 2002;26,49
Aug 02 2002;26,23
Aug 01 2002;27,18
Jul 31 2002;27,21
Jul 30 2002;27,02
Jul 29 2002;26,10
Jul 26 2002;26,55
Jul 25 2002;26,77
Jul 24 2002;26,68
Jul 23 2002;25,40
Jul 22 2002;26,52
Jul 19 2002;27,56
Jul 18 2002;27,66
Jul 17 2002;27,52
Jul 16 2002;27,73
Jul 15 2002;27,05
Jul 12 2002;27,48
Jul 11 2002;26,78
Jul 10 2002;26,66
Jul 09 2002;25,66
Jul 08 2002;26,23
Jul 03 2002;26,59
Jul 02 2002;26,88
Jul 01 2002;26,80
Jun 28 2002;26,80
Jun 27 2002;26,88
Jun 26 2002;26,40
Jun 25 2002;26,52
Jun 24 2002;25,95
Jun 21 2002;25,62
Jun 20 2002;25,59
Jun 19 2002;25,31
Jun 18 2002;25,84
Jun 17 2002;26,33
Jun 14 2002;25,92
Jun 13 2002;24,95
Jun 12 2002;24,61
Jun 11 2002;24,14
Jun 10 2002;24,65
Jun 07 2002;24,75
Jun 06 2002;24,87
Jun 05 2002;24,89
Jun 04 2002;25,13
Jun 03 2002;25,20
May 31 2002;25,02
May 30 2002;24,55
May 29 2002;24,87
May 28 2002;25,50
May 24 2002;25,77
May 23 2002;26,37
May 22 2002;26,50
May 21 2002;27,54
May 20 2002;28,25
May 17 2002;28,05
May 16 2002;27,90
May 15 2002;28,53
May 14 2002;29,06
May 13 2002;27,95
May 10 2002;27,69
May 09 2002;27,74
May 08 2002;27,34
May 07 2002;26,21
May 06 2002;25,90
May 03 2002;26,48
May 02 2002;26,39
May 01 2002;26,91
Apr 30 2002;27,36
Apr 29 2002;27,02
Apr 26 2002;27,01
Apr 25 2002;26,65
Apr 24 2002;26,11
Apr 23 2002;26,38
Apr 22 2002;26,16
Apr 19 2002;26,32
Apr 18 2002;26,28
Apr 17 2002;25,34
Apr 16 2002;24,96
Apr 15 2002;24,23
Apr 12 2002;1,017361111
Apr 11 2002;25,31
Apr 10 2002;25,93
Apr 09 2002;25,99
Apr 08 2002;26,73
Apr 05 2002;26,24
Apr 04 2002;26,80
Apr 03 2002;27,52
Apr 02 2002;27,40
Apr 01 2002;26,83
Mar 28 2002;26,12
Mar 27 2002;25,82
Mar 26 2002;24,88
Mar 25 2002;24,92
Mar 22 2002;25,43
Mar 21 2002;25,27
Mar 20 2002;25,15
Mar 19 2002;24,91
Mar 18 2002;24,77
Mar 15 2002;24,48
Mar 14 2002;24,02
Mar 13 2002;24,05
Mar 12 2002;24,20
Mar 11 2002;24,16
Mar 08 2002;1,003472222
Mar 07 2002;24,29
Mar 06 2002;0,978472222
Mar 05 2002;0,968055556
Mar 04 2002;22,27
Mar 01 2002;22,18
Feb 28 2002;21,48
Feb 27 2002;21,46
Feb 26 2002;0,899305556
Feb 25 2002;0,884722222
Feb 22 2002;0,901388889
Feb 21 2002;0,895833333
Feb 20 2002;20,42
Feb 19 2002;0,902083333
Feb 15 2002;21,51
Feb 14 2002;21,30
Feb 13 2002;21,18
Feb 12 2002;0,895138889
Feb 11 2002;20,40
Feb 08 2002;0,860416667
Feb 07 2002;19,54
Feb 06 2002;0,859722222
Feb 05 2002;0,853472222
Feb 04 2002;20,18
Feb 01 2002;20,38
Jan 31 2002;19,20
Jan 30 2002;19,30
Jan 29 2002;0,840972222
Jan 28 2002;20,05
Jan 25 2002;0,850694444
Jan 24 2002;19,37
Jan 23 2002;19,32
Jan 22 2002;18,41
Jan 18 2002;18,48
Jan 17 2002;0,775694444
Jan 16 2002;0,797222222
Jan 15 2002;0,816666667
Jan 14 2002;19,12
Jan 11 2002;20,34
Jan 10 2002;20,16
Jan 09 2002;20,47
Jan 08 2002;21,23
Jan 07 2002;21,38
Jan 04 2002;21,18
Jan 03 2002;0,886805556
Jan 02 2002;20,06
Dec 31 2001;0,85
Dec 28 2001;20,41
Dec 27 2001;0,895833333
Dec 26 2001;21,27
Dec 21 2001;0,834722222
Dec 20 2001;19,28
Dec 19 2001;0,847222222
Dec 18 2001;19,36
Dec 17 2001;19,22
Dec 14 2001;19,23
Dec 13 2001;18,12
Dec 12 2001;18,36
Dec 11 2001;18,08
Dec 10 2001;18,37
Dec 07 2001;19,04
Dec 06 2001;18,54
Dec 05 2001;19,49
Dec 04 2001;0,836805556
Dec 03 2001;20,09
Nov 30 2001;19,44
Nov 29 2001;0,793055556
Nov 28 2001;19,22
Nov 27 2001;19,48
Nov 26 2001;0,797916667
Nov 21 2001;0,816666667
Nov 20 2001;19,37
Nov 19 2001;0,774305556
Nov 16 2001;0,770833333
Nov 15 2001;0,767361111
Nov 14 2001;0,855555556
Nov 13 2001;21,52
Nov 12 2001;0,925694444
Nov 09 2001;22,25
Nov 08 2001;0,895138889
Nov 07 2001;20,04
Nov 06 2001;0,845138889
Nov 05 2001;20,29
Nov 02 2001;20,02
Nov 01 2001;0,892361111
Oct 31 2001;21,07
Oct 30 2001;22,15
Oct 29 2001;22,25
Oct 26 2001;22
Oct 25 2001;22,27
Oct 24 2001;22,22
Oct 23 2001;0,934722222
Oct 22 2001;0,928472222
Oct 19 2001;0,923611111
Oct 18 2001;21,39
Oct 17 2001;22,31
Oct 16 2001;22,20
Oct 15 2001;22,41
Oct 12 2001;23,06
Oct 11 2001;0,971527778
Oct 10 2001;0,972916667
Oct 09 2001;22,48
Oct 08 2001;22,30
Oct 05 2001;23,05
Oct 04 2001;22,54
Oct 03 2001;22,01
Oct 02 2001;0,982638889
Oct 01 2001;0,967361111
Sep 28 2001;23,36
Sep 27 2001;0,964583333
Sep 26 2001;21,20
Sep 25 2001;0,939583333
Sep 24 2001;1,019444444
Sep 21 2001;25,97
Sep 20 2001;26,59
Sep 19 2001;26,72
Sep 18 2001;27,70
Sep 17 2001;28,81
Sep 14 2001;30,23
Sep 10 2001;27,63
Sep 07 2001;28,03
Sep 06 2001;27,58
Sep 05 2001;26,95
Sep 04 2001;26,93
Aug 31 2001;27,20
Aug 30 2001;26,55
Aug 29 2001;27,05
Aug 28 2001;27,17
Aug 27 2001;26,67
Aug 24 2001;26,90
Aug 23 2001;26,63
Aug 22 2001;26,37
Aug 21 2001;27,91
Aug 20 2001;27,18
Aug 17 2001;26,68
Aug 16 2001;27,40
Aug 15 2001;27,56
Aug 14 2001;28,01
Aug 13 2001;27,82
Aug 10 2001;28,05
Aug 09 2001;27,64
Aug 08 2001;27,54
Aug 07 2001;27,94
Aug 06 2001;27,74
Aug 03 2001;27,62
Aug 02 2001;27,71
Aug 01 2001;26,77
Jul 31 2001;26,35
Jul 30 2001;26,63
Jul 27 2001;27,02
Jul 26 2001;26,73
Jul 25 2001;26,84
Jul 24 2001;26,31
Jul 23 2001;26,12
Jul 20 2001;25,72
Jul 19 2001;24,70
Jul 18 2001;24,89
Jul 17 2001;25,57
Jul 16 2001;26,06
Jul 13 2001;26,59
Jul 12 2001;26,80
Jul 11 2001;27,11
Jul 10 2001;27,49
Jul 09 2001;27,59
Jul 06 2001;28,21
Jul 05 2001;27,02
Jul 03 2001;26,24
Jul 02 2001;25,95
Jun 29 2001;26,25
Jun 28 2001;25,56
Jun 27 2001;25,61
Jun 26 2001;26,98
Jun 25 2001;27,25
Jun 22 2001;26,83
Jun 21 2001;26,56
Jun 20 2001;26,50
Jun 19 2001;27,48
Jun 18 2001;27,55
Jun 15 2001;28,51
Jun 14 2001;29,04
Jun 13 2001;28,84
Jun 12 2001;29,18
Jun 11 2001;29,04
Jun 08 2001;28,33
Jun 07 2001;27,75
Jun 06 2001;27,72
Jun 05 2001;28,24
Jun 04 2001;28,20
Jun 01 2001;27,93
May 31 2001;28,37
May 30 2001;28,55
May 29 2001;28,66
May 25 2001;28,38
May 24 2001;28,41
May 23 2001;29,58
May 22 2001;29,74
May 21 2001;29,98
May 18 2001;29,91
May 17 2001;28,91
May 16 2001;28,86
May 15 2001;28,98
May 14 2001;28,71
May 11 2001;28,55
May 10 2001;28,52
May 09 2001;28,23
May 08 2001;27,39
May 07 2001;27,77
May 04 2001;28,36
May 03 2001;28,45
May 02 2001;27,80
May 01 2001;28,94
Apr 30 2001;28,46
Apr 27 2001;28,27
Apr 26 2001;28,44
Apr 25 2001;27,29
Apr 24 2001;26,86
Apr 23 2001;27,61
Apr 20 2001;27,28
Apr 19 2001;27,82
Apr 18 2001;27,95
Apr 17 2001;28,24
Apr 16 2001;28,79
Apr 12 2001;28,25
Apr 11 2001;28,18
Apr 10 2001;28,48
Apr 09 2001;27,28
Apr 06 2001;27,06
Apr 05 2001;27,26
Apr 04 2001;27,12
Apr 03 2001;26,19
Apr 02 2001;25,59
Mar 30 2001;26,29
Mar 29 2001;26,32
Mar 28 2001;26,31
Mar 27 2001;27,75
Mar 26 2001;27,48
Mar 23 2001;27,30
Mar 22 2001;26,54
Mar 21 2001;26,80
Mar 20 2001;25,96
Mar 19 2001;26,15
Mar 16 2001;26,74
Mar 15 2001;26,55
Mar 14 2001;26,41
Mar 13 2001;27,59
Mar 12 2001;28,00
Mar 09 2001;27,95
Mar 08 2001;28,39
Mar 07 2001;29,00
Mar 06 2001;28,32
Mar 05 2001;28,60
Mar 02 2001;27,84
Mar 01 2001;27,62
Feb 28 2001;27,39
Feb 27 2001;28,13
Feb 26 2001;28,42
Feb 23 2001;29,04
Feb 22 2001;28,82
Feb 21 2001;28,53
Feb 20 2001;28,58
Feb 16 2001;29,16
Feb 15 2001;28,80
Feb 14 2001;29,71
Feb 13 2001;30,36
Feb 12 2001;30,51
Feb 09 2001;31,03
Feb 08 2001;31,59
Feb 07 2001;31,27
Feb 06 2001;30,35
Feb 05 2001;30,55
Feb 02 2001;31,19
Feb 01 2001;29,82
Jan 31 2001;28,66
Jan 30 2001;29,06
Jan 29 2001;29,06
Jan 26 2001;29,77
Jan 25 2001;29,36
Jan 24 2001;29,05
Jan 23 2001;29,57
Jan 22 2001;32,19
Jan 19 2001;32,19
Jan 18 2001;30,45
Jan 17 2001;29,60
Jan 16 2001;30,29
Jan 12 2001;30,05
Jan 11 2001;29,41
Jan 10 2001;29,48
Jan 09 2001;27,64
Jan 08 2001;27,32
Jan 05 2001;27,95
Jan 04 2001;28,14
Jan 03 2001;28,00
Jan 02 2001;27,21