Date;Silver
Nov 15 2019;16,96
Nov 14 2019;17,02
Nov 13 2019;16,96
Nov 12 2019;16,78
Nov 11 2019;16,87
Nov 08 2019;16,81
Nov 07 2019;17,12
Nov 06 2019;17,63
Nov 05 2019;17,60
Nov 04 2019;18,06
Nov 01 2019;18,13
Oct 31 2019;18,14
Oct 30 2019;17,88
Oct 29 2019;17,81
Oct 28 2019;17,87
Oct 25 2019;18,05
Oct 24 2019;17,81
Oct 23 2019;17,57
Oct 22 2019;17,53
Oct 21 2019;17,58
Oct 18 2019;17,55
Oct 17 2019;17,55
Oct 16 2019;17,40
Oct 15 2019;17,42
Oct 14 2019;17,66
Oct 11 2019;17,57
Oct 10 2019;17,51
Oct 09 2019;17,74
Oct 08 2019;17,74
Oct 07 2019;17,45
Oct 04 2019;17,56
Oct 03 2019;17,57
Oct 02 2019;17,57
Oct 01 2019;17,25
Sep 30 2019;17,01
Sep 27 2019;17,55
Sep 26 2019;17,81
Sep 25 2019;17,92
Sep 24 2019;18,61
Sep 23 2019;18,64
Sep 20 2019;18,00
Sep 19 2019;17,79
Sep 18 2019;17,75
Sep 17 2019;18,03
Sep 16 2019;17,86
Sep 13 2019;17,44
Sep 12 2019;18,11
Sep 11 2019;18,10
Sep 10 2019;18,02
Sep 09 2019;18,01
Sep 06 2019;18,18
Sep 05 2019;18,66
Sep 04 2019;19,59
Sep 03 2019;19,27
Sep 02 2019;18,48
Aug 30 2019;18,38
Aug 29 2019;18,27
Aug 28 2019;18,36
Aug 27 2019;18,20
Aug 26 2019;17,66
Aug 23 2019;17,44
Aug 22 2019;17,04
Aug 21 2019;17,12
Aug 20 2019;17,17
Aug 19 2019;16,88
Aug 16 2019;17,11
Aug 15 2019;17,28
Aug 14 2019;17,22
Aug 13 2019;16,98
Aug 12 2019;17,07
Aug 09 2019;16,97
Aug 08 2019;16,91
Aug 07 2019;17,11
Aug 06 2019;16,46
Aug 05 2019;16,40
Aug 02 2019;16,22
Aug 01 2019;16,34
Jul 31 2019;16,27
Jul 30 2019;16,59
Jul 29 2019;16,47
Jul 26 2019;16,40
Jul 25 2019;16,41
Jul 24 2019;16,60
Jul 23 2019;16,41
Jul 22 2019;16,37
Jul 19 2019;16,22
Jul 18 2019;16,35
Jul 17 2019;15,98
Jul 16 2019;15,57
Jul 15 2019;15,39
Jul 12 2019;15,23
Jul 11 2019;15,13
Jul 10 2019;15,25
Jul 09 2019;15,11
Jul 08 2019;15,04
Jul 05 2019;15,00
Jul 04 2019;15,29
Jul 03 2019;15,31
Jul 02 2019;15,32
Jul 01 2019;15,15
Jun 28 2019;15,32
Jun 27 2019;15,27
Jun 26 2019;15,26
Jun 25 2019;15,38
Jun 24 2019;15,44
Jun 21 2019;15,36
Jun 20 2019;15,43
Jun 19 2019;15,17
Jun 18 2019;15,02
Jun 17 2019;14,85
Jun 14 2019;14,88
Jun 13 2019;14,95
Jun 12 2019;14,77
Jun 11 2019;14,74
Jun 10 2019;14,70
Jun 07 2019;15,02
Jun 06 2019;14,90
Jun 05 2019;14,81
Jun 04 2019;14,83
Jun 03 2019;14,79
May 31 2019;14,58
May 30 2019;14,53
May 29 2019;14,43
May 28 2019;14,36
May 27 2019;14,60
May 24 2019;14,57
May 23 2019;14,60
May 22 2019;14,46
May 21 2019;14,46
May 20 2019;14,48
May 17 2019;14,40
May 16 2019;14,57
May 15 2019;14,81
May 14 2019;14,80
May 13 2019;14,78
May 10 2019;14,78
May 09 2019;14,77
May 08 2019;14,85
May 07 2019;14,92
May 06 2019;14,93
May 03 2019;14,94
May 02 2019;14,64
May 01 2019;14,69
Apr 30 2019;14,95
Apr 29 2019;14,92
Apr 26 2019;15,09
Apr 25 2019;14,95
Apr 24 2019;14,94
Apr 23 2019;14,83
Apr 22 2019;15,01
Apr 19 2019;14,96
Apr 18 2019;15,01
Apr 17 2019;15,01
Apr 16 2019;14,98
Apr 15 2019;15,01
Apr 12 2019;14,98
Apr 11 2019;14,97
Apr 10 2019;15,22
Apr 09 2019;15,23
Apr 08 2019;15,26
Apr 05 2019;15,11
Apr 04 2019;15,16
Apr 03 2019;15,15
Apr 02 2019;15,13
Apr 01 2019;15,12
Mar 29 2019;15,15
Mar 28 2019;15,02
Mar 27 2019;15,30
Mar 26 2019;15,44
Mar 25 2019;15,55
Mar 22 2019;15,43
Mar 21 2019;15,48
Mar 20 2019;15,46
Mar 19 2019;15,37
Mar 18 2019;15,46
Mar 15 2019;15,29
Mar 14 2019;15,19
Mar 13 2019;15,46
Mar 12 2019;15,45
Mar 11 2019;15,33
Mar 08 2019;15,33
Mar 07 2019;15,03
Mar 06 2019;15,08
Mar 05 2019;15,13
Mar 04 2019;15,08
Mar 01 2019;15,21
Feb 28 2019;15,61
Feb 27 2019;15,74
Feb 26 2019;15,94
Feb 25 2019;15,89
Feb 22 2019;15,92
Feb 21 2019;15,82
Feb 20 2019;16,06
Feb 19 2019;15,99
Feb 18 2019;15,81
Feb 15 2019;15,78
Feb 14 2019;15,63
Feb 13 2019;15,57
Feb 12 2019;15,71
Feb 11 2019;15,71
Feb 08 2019;15,83
Feb 07 2019;15,74
Feb 06 2019;15,68
Feb 05 2019;15,86
Feb 04 2019;15,87
Feb 01 2019;15,91
Jan 31 2019;16,07
Jan 30 2019;16,07
Jan 29 2019;15,84
Jan 28 2019;15,75
Jan 25 2019;15,75
Jan 24 2019;15,32
Jan 23 2019;15,35
Jan 22 2019;15,34
Jan 21 2019;15,27
Jan 18 2019;15,35
Jan 17 2019;15,52
Jan 16 2019;15,59
Jan 15 2019;15,58
Jan 14 2019;15,65
Jan 11 2019;15,60
Jan 10 2019;15,56
Jan 09 2019;15,75
Jan 08 2019;15,66
Jan 07 2019;15,65
Jan 04 2019;15,69
Jan 03 2019;15,74
Jan 02 2019;15,52
Jan 01 2019;15,49
Dec 31 2018;15,50
Dec 28 2018;15,39
Dec 27 2018;15,24
Dec 26 2018;15,03
Dec 25 2018;14,78
Dec 24 2018;14,78
Dec 21 2018;14,62
Dec 20 2018;14,76
Dec 19 2018;14,60
Dec 18 2018;14,64
Dec 17 2018;14,66
Dec 14 2018;14,57
Dec 13 2018;14,76
Dec 12 2018;14,75
Dec 11 2018;14,55
Dec 10 2018;14,53
Dec 07 2018;14,62
Dec 06 2018;14,48
Dec 05 2018;14,51
Dec 04 2018;14,52
Dec 03 2018;14,39
Nov 30 2018;14,18
Nov 29 2018;14,31
Nov 28 2018;14,32
Nov 27 2018;14,14
Nov 26 2018;14,23
Nov 23 2018;14,29
Nov 22 2018;14,51
Nov 21 2018;14,49
Nov 20 2018;14,32
Nov 19 2018;14,43
Nov 16 2018;14,41
Nov 15 2018;14,29
Nov 14 2018;14,14
Nov 13 2018;14,00
Nov 12 2018;13,99
Nov 09 2018;14,16
Nov 08 2018;14,43
Nov 07 2018;14,57
Nov 06 2018;14,54
Nov 05 2018;14,65
Nov 02 2018;14,75
Nov 01 2018;14,79
Oct 31 2018;14,26
Oct 30 2018;14,47
Oct 29 2018;14,48
Oct 26 2018;14,64
Oct 25 2018;14,64
Oct 24 2018;14,69
Oct 23 2018;14,73
Oct 22 2018;14,64
Oct 19 2018;14,64
Oct 18 2018;14,58
Oct 17 2018;14,61
Oct 16 2018;14,68
Oct 15 2018;14,69
Oct 12 2018;14,60
Oct 11 2018;14,59
Oct 10 2018;14,30
Oct 09 2018;14,40
Oct 08 2018;14,37
Oct 05 2018;14,63
Oct 04 2018;14,59
Oct 03 2018;14,63
Oct 02 2018;14,69
Oct 01 2018;14,50
Sep 28 2018;14,65
Sep 27 2018;14,24
Sep 26 2018;14,34
Sep 25 2018;14,46
Sep 24 2018;14,26
Sep 21 2018;14,30
Sep 20 2018;14,31
Sep 19 2018;14,25
Sep 18 2018;14,15
Sep 17 2018;14,20
Sep 14 2018;14,07
Sep 13 2018;14,20
Sep 12 2018;14,25
Sep 11 2018;14,14
Sep 10 2018;14,19
Sep 07 2018;14,14
Sep 06 2018;14,16
Sep 05 2018;14,19
Sep 04 2018;14,13
Sep 03 2018;14,51
Aug 31 2018;14,53
Aug 30 2018;14,57
Aug 29 2018;14,76
Aug 28 2018;14,71
Aug 27 2018;14,90
Aug 24 2018;14,82
Aug 23 2018;14,50
Aug 22 2018;14,77
Aug 21 2018;14,78
Aug 20 2018;14,76
Aug 17 2018;14,80
Aug 16 2018;14,66
Aug 15 2018;14,45
Aug 14 2018;14,99
Aug 13 2018;15,00
Aug 10 2018;15,31
Aug 09 2018;15,46
Aug 08 2018;15,42
Aug 07 2018;15,38
Aug 06 2018;15,31
Aug 03 2018;15,42
Aug 02 2018;15,34
Aug 01 2018;15,39
Jul 31 2018;15,54
Jul 30 2018;15,51
Jul 27 2018;15,50
Jul 26 2018;15,40
Jul 25 2018;15,60
Jul 24 2018;15,48
Jul 23 2018;15,40
Jul 20 2018;15,52
Jul 19 2018;15,31
Jul 18 2018;15,57
Jul 17 2018;15,59
Jul 16 2018;15,79
Jul 13 2018;15,82
Jul 12 2018;15,95
Jul 11 2018;15,79
Jul 10 2018;16,08
Jul 09 2018;16,12
Jul 06 2018;16,04
Jul 05 2018;16,02
Jul 04 2018;16,08
Jul 03 2018;16,05
Jul 02 2018;15,86
Jun 29 2018;16,12
Jun 28 2018;16,00
Jun 27 2018;16,05
Jun 26 2018;16,30
Jun 25 2018;16,34
Jun 22 2018;16,48
Jun 21 2018;16,36
Jun 20 2018;16,29
Jun 19 2018;16,32
Jun 18 2018;16,43
Jun 15 2018;16,56
Jun 14 2018;17,18
Jun 13 2018;17,04
Jun 12 2018;16,86
Jun 11 2018;16,93
Jun 08 2018;16,78
Jun 07 2018;16,71
Jun 06 2018;16,69
Jun 05 2018;16,50
Jun 04 2018;16,41
Jun 01 2018;16,40
May 31 2018;16,38
May 30 2018;16,51
May 29 2018;16,42
May 28 2018;16,48
May 25 2018;16,51
May 24 2018;16,66
May 23 2018;16,45
May 22 2018;16,55
May 21 2018;16,52
May 18 2018;16,46
May 17 2018;16,44
May 16 2018;16,39
May 15 2018;16,27
May 14 2018;16,53
May 11 2018;16,67
May 10 2018;16,72
May 09 2018;16,53
May 08 2018;16,48
May 07 2018;16,49
May 04 2018;16,52
May 03 2018;16,45
May 02 2018;16,37
May 01 2018;16,16
Apr 30 2018;16,34
Apr 27 2018;16,53
Apr 26 2018;16,52
Apr 25 2018;16,55
Apr 24 2018;16,74
Apr 23 2018;16,56
Apr 20 2018;17,14
Apr 19 2018;17,25
Apr 18 2018;17,20
Apr 17 2018;16,78
Apr 16 2018;16,65
Apr 13 2018;16,66
Apr 12 2018;16,46
Apr 11 2018;16,66
Apr 10 2018;16,57
Apr 09 2018;16,49
Apr 06 2018;16,39
Apr 05 2018;16,40
Apr 04 2018;16,32
Apr 03 2018;16,42
Apr 02 2018;16,64
Mar 29 2018;16,37
Mar 28 2018;16,31
Mar 27 2018;16,53
Mar 26 2018;16,70
Mar 23 2018;16,57
Mar 22 2018;16,40
Mar 21 2018;16,57
Mar 20 2018;16,20
Mar 19 2018;16,34
Mar 16 2018;16,35
Mar 15 2018;16,40
Mar 14 2018;16,54
Mar 13 2018;16,59
Mar 12 2018;16,54
Mar 09 2018;16,60
Mar 08 2018;16,50
Mar 07 2018;16,50
Mar 06 2018;16,76
Mar 05 2018;16,43
Mar 02 2018;16,51
Mar 01 2018;16,47
Feb 28 2018;16,41
Feb 27 2018;16,42
Feb 26 2018;16,66
Feb 23 2018;16,54
Feb 22 2018;16,62
Feb 21 2018;16,49
Feb 20 2018;16,47
Feb 19 2018;16,66
Feb 16 2018;16,67
Feb 15 2018;16,88
Feb 14 2018;16,87
Feb 13 2018;16,57
Feb 12 2018;16,55
Feb 09 2018;16,36
Feb 08 2018;16,42
Feb 07 2018;16,38
Feb 06 2018;16,64
Feb 05 2018;16,74
Feb 02 2018;16,60
Feb 01 2018;17,25
Jan 31 2018;17,33
Jan 30 2018;17,13
Jan 29 2018;17,16
Jan 26 2018;17,42
Jan 25 2018;17,30
Jan 24 2018;17,57
Jan 23 2018;17,05
Jan 22 2018;17,01
Jan 19 2018;17,03
Jan 18 2018;16,95
Jan 17 2018;17,01
Jan 16 2018;17,20
Jan 15 2018;17,36
Jan 12 2018;17,26
Jan 11 2018;17,00
Jan 10 2018;16,97
Jan 09 2018;16,97
Jan 08 2018;17,14
Jan 05 2018;17,23
Jan 04 2018;17,23
Jan 03 2018;17,13
Jan 02 2018;17,19
Jan 01 2018;17,01
Dec 29 2017;16,95
Dec 28 2017;16,84
Dec 27 2017;16,69
Dec 26 2017;16,54
Dec 25 2017;16,38
Dec 22 2017;16,37
Dec 21 2017;16,13
Dec 20 2017;16,18
Dec 19 2017;16,15
Dec 18 2017;16,14
Dec 15 2017;16,06
Dec 14 2017;15,90
Dec 13 2017;16,07
Dec 12 2017;15,73
Dec 11 2017;15,71
Dec 08 2017;15,84
Dec 07 2017;15,73
Dec 06 2017;15,97
Dec 05 2017;16,12
Dec 04 2017;16,35
Dec 01 2017;16,44
Nov 30 2017;16,45
Nov 29 2017;16,53
Nov 28 2017;16,85
Nov 27 2017;17,05
Nov 24 2017;17,01
Nov 23 2017;17,09
Nov 22 2017;17,15
Nov 21 2017;16,97
Nov 20 2017;16,93
Nov 17 2017;17,31
Nov 16 2017;17,08
Nov 15 2017;16,99
Nov 14 2017;17,04
Nov 13 2017;17,05
Nov 10 2017;16,90
Nov 09 2017;17,00
Nov 08 2017;17,04
Nov 07 2017;16,96
Nov 06 2017;17,23
Nov 03 2017;16,85
Nov 02 2017;17,11
Nov 01 2017;17,15
Oct 31 2017;16,71
Oct 30 2017;16,86
Oct 27 2017;16,86
Oct 26 2017;16,79
Oct 25 2017;16,96
Oct 24 2017;16,97
Oct 23 2017;17,09
Oct 20 2017;17,04
Oct 19 2017;17,25
Oct 18 2017;17,01
Oct 17 2017;17,03
Oct 16 2017;17,23
Oct 13 2017;17,40
Oct 12 2017;17,22
Oct 11 2017;17,17
Oct 10 2017;17,12
Oct 09 2017;16,96
Oct 06 2017;16,82
Oct 05 2017;16,62
Oct 04 2017;16,63
Oct 03 2017;16,64
Oct 02 2017;16,59
Sep 29 2017;16,65
Sep 28 2017;16,86
Sep 27 2017;16,77
Sep 26 2017;16,77
Sep 25 2017;17,19
Sep 22 2017;17,00
Sep 21 2017;16,98
Sep 20 2017;17,17
Sep 19 2017;17,33
Sep 18 2017;17,22
Sep 15 2017;17,59
Sep 14 2017;17,79
Sep 13 2017;17,77
Sep 12 2017;17,93
Sep 11 2017;17,81
Sep 08 2017;17,97
Sep 07 2017;18,12
Sep 06 2017;17,87
Sep 05 2017;17,90
Sep 04 2017;17,92
Sep 01 2017;17,73
Aug 31 2017;17,61
Aug 30 2017;17,42
Aug 29 2017;17,39
Aug 28 2017;17,45
Aug 25 2017;17,07
Aug 24 2017;16,98
Aug 23 2017;17,07
Aug 22 2017;17,00
Aug 21 2017;17,02
Aug 18 2017;16,98
Aug 17 2017;17,04
Aug 16 2017;17,12
Aug 15 2017;16,64
Aug 14 2017;17,06
Aug 11 2017;17,11
Aug 10 2017;17,12
Aug 09 2017;16,94
Aug 08 2017;16,46
Aug 07 2017;16,27
Aug 04 2017;16,28
Aug 03 2017;16,66
Aug 02 2017;16,59
Aug 01 2017;16,72
Jul 31 2017;16,83
Jul 28 2017;16,71
Jul 27 2017;16,57
Jul 26 2017;16,66
Jul 25 2017;16,50
Jul 24 2017;16,49
Jul 21 2017;16,51
Jul 20 2017;16,33
Jul 19 2017;16,28
Jul 18 2017;16,29
Jul 17 2017;16,11
Jul 14 2017;15,99
Jul 13 2017;15,70
Jul 12 2017;15,92
Jul 11 2017;15,82
Jul 10 2017;15,66
Jul 07 2017;15,62
Jul 06 2017;16,05
Jul 05 2017;16,09
Jul 04 2017;16,10
Jul 03 2017;16,14
Jun 30 2017;16,61
Jun 29 2017;16,63
Jun 28 2017;16,81
Jun 27 2017;16,70
Jun 26 2017;16,60
Jun 23 2017;16,73
Jun 22 2017;16,57
Jun 21 2017;16,48
Jun 20 2017;16,51
Jun 19 2017;16,50
Jun 16 2017;16,62
Jun 15 2017;16,75
Jun 14 2017;16,91
Jun 13 2017;16,90
Jun 12 2017;16,99
Jun 09 2017;17,20
Jun 08 2017;17,42
Jun 07 2017;17,59
Jun 06 2017;17,71
Jun 05 2017;17,55
Jun 02 2017;17,55
Jun 01 2017;17,30
May 31 2017;17,33
May 30 2017;17,40
May 29 2017;17,40
May 26 2017;17,37
May 25 2017;17,16
May 24 2017;17,23
May 23 2017;17,07
May 22 2017;17,16
May 19 2017;16,87
May 18 2017;16,58
May 17 2017;16,88
May 16 2017;16,86
May 15 2017;16,63
May 12 2017;16,47
May 11 2017;16,33
May 10 2017;16,19
May 09 2017;16,19
May 08 2017;16,27
May 05 2017;16,34
May 04 2017;16,33
May 03 2017;16,44
May 02 2017;16,84
May 01 2017;16,88
Apr 28 2017;17,23
Apr 27 2017;17,26
Apr 26 2017;17,50
Apr 25 2017;17,60
Apr 24 2017;17,94
Apr 21 2017;17,93
Apr 20 2017;18,04
Apr 19 2017;18,12
Apr 18 2017;18,30
Apr 17 2017;18,42
Apr 14 2017;18,55
Apr 13 2017;18,54
Apr 12 2017;18,50
Apr 11 2017;18,34
Apr 10 2017;17,95
Apr 07 2017;18,01
Apr 06 2017;18,27
Apr 05 2017;18,31
Apr 04 2017;18,32
Apr 03 2017;18,26
Mar 31 2017;18,26
Mar 30 2017;18,12
Mar 29 2017;18,25
Mar 28 2017;18,19
Mar 27 2017;18,11
Mar 24 2017;17,77
Mar 23 2017;17,58
Mar 22 2017;17,54
Mar 21 2017;17,54
Mar 20 2017;17,45
Mar 17 2017;17,36
Mar 16 2017;17,32
Mar 15 2017;17,34
Mar 14 2017;16,88
Mar 13 2017;16,98
Mar 10 2017;17,03
Mar 09 2017;16,95
Mar 08 2017;17,24
Mar 07 2017;17,49
Mar 06 2017;17,79
Mar 03 2017;17,97
Mar 02 2017;17,76
Mar 01 2017;18,42
Feb 28 2017;18,31
Feb 27 2017;18,26
Feb 24 2017;18,36
Feb 23 2017;18,19
Feb 22 2017;18,03
Feb 21 2017;17,97
Feb 20 2017;18,04
Feb 17 2017;17,99
Feb 16 2017;18,09
Feb 15 2017;17,98
Feb 14 2017;17,96
Feb 13 2017;17,82
Feb 10 2017;17,95
Feb 09 2017;17,67
Feb 08 2017;17,80
Feb 07 2017;17,71
Feb 06 2017;17,75
Feb 03 2017;17,50
Feb 02 2017;17,47
Feb 01 2017;17,53
Jan 31 2017;17,57
Jan 30 2017;17,13
Jan 27 2017;17,14
Jan 26 2017;16,79
Jan 25 2017;16,99
Jan 24 2017;17,11
Jan 23 2017;17,23
Jan 20 2017;17,08
Jan 19 2017;17,01
Jan 18 2017;17,05
Jan 17 2017;17,19
Jan 16 2017;16,81
Jan 13 2017;16,81
Jan 12 2017;16,77
Jan 11 2017;16,74
Jan 10 2017;16,79
Jan 09 2017;16,57
Jan 06 2017;16,50
Jan 05 2017;16,59
Jan 04 2017;16,45
Jan 03 2017;16,29
Jan 02 2017;15,98
Dec 30 2016;15,94
Dec 29 2016;16,18
Dec 28 2016;16,03
Dec 27 2016;15,97
Dec 26 2016;15,74
Dec 23 2016;15,78
Dec 22 2016;15,80
Dec 21 2016;15,95
Dec 20 2016;16,08
Dec 19 2016;15,98
Dec 16 2016;16,10
Dec 15 2016;15,99
Dec 14 2016;16,83
Dec 13 2016;16,91
Dec 12 2016;17,07
Dec 09 2016;16,86
Dec 08 2016;17,01
Dec 07 2016;17,13
Dec 06 2016;16,72
Dec 05 2016;16,76
Dec 02 2016;16,75
Dec 01 2016;16,51
Nov 30 2016;16,50
Nov 29 2016;16,62
Nov 28 2016;16,65
Nov 25 2016;16,54
Nov 24 2016;16,28
Nov 23 2016;16,36
Nov 22 2016;16,64
Nov 21 2016;16,59
Nov 18 2016;16,59
Nov 17 2016;16,67
Nov 16 2016;16,97
Nov 15 2016;17,08
Nov 14 2016;16,91
Nov 11 2016;17,34
Nov 10 2016;18,59
Nov 09 2016;18,48
Nov 08 2016;18,35
Nov 07 2016;18,21
Nov 04 2016;18,43
Nov 03 2016;18,36
Nov 02 2016;18,48
Nov 01 2016;18,36
Oct 31 2016;17,91
Oct 28 2016;17,77
Oct 27 2016;17,63
Oct 26 2016;17,62
Oct 25 2016;17,82
Oct 24 2016;17,60
Oct 21 2016;17,52
Oct 20 2016;17,55
Oct 19 2016;17,68
Oct 18 2016;17,63
Oct 17 2016;17,47
Oct 14 2016;17,41
Oct 13 2016;17,50
Oct 12 2016;17,49
Oct 11 2016;17,48
Oct 10 2016;17,65
Oct 07 2016;17,55
Oct 06 2016;17,32
Oct 05 2016;17,74
Oct 04 2016;17,81
Oct 03 2016;18,75
Sep 30 2016;19,18
Sep 29 2016;19,12
Sep 28 2016;19,19
Sep 27 2016;19,15
Sep 26 2016;19,45
Sep 23 2016;19,68
Sep 22 2016;19,88
Sep 21 2016;19,85
Sep 20 2016;19,30
Sep 19 2016;19,16
Sep 16 2016;18,79
Sep 15 2016;18,98
Sep 14 2016;18,97
Sep 13 2016;18,87
Sep 12 2016;19,10
Sep 09 2016;19,06
Sep 08 2016;19,62
Sep 07 2016;19,79
Sep 06 2016;20,05
Sep 05 2016;19,52
Sep 02 2016;19,44
Sep 01 2016;18,89
Aug 31 2016;18,66
Aug 30 2016;18,61
Aug 29 2016;18,88
Aug 26 2016;18,65
Aug 25 2016;18,54
Aug 24 2016;18,55
Aug 23 2016;18,83
Aug 22 2016;18,91
Aug 19 2016;19,32
Aug 18 2016;19,75
Aug 17 2016;19,71
Aug 16 2016;19,80
Aug 15 2016;19,82
Aug 12 2016;19,73
Aug 11 2016;19,97
Aug 10 2016;20,10
Aug 09 2016;19,86
Aug 08 2016;19,74
Aug 05 2016;19,71
Aug 04 2016;20,33
Aug 03 2016;20,41
Aug 02 2016;20,63
Aug 01 2016;20,45
Jul 29 2016;20,34
Jul 28 2016;20,17
Jul 27 2016;20,36
Jul 26 2016;19,64
Jul 25 2016;19,55
Jul 22 2016;19,63
Jul 21 2016;19,79
Jul 20 2016;19,41
Jul 19 2016;19,91
Jul 18 2016;20,04
Jul 15 2016;20,23
Jul 14 2016;20,33
Jul 13 2016;20,36
Jul 12 2016;20,16
Jul 11 2016;20,29
Jul 08 2016;20,29
Jul 07 2016;19,69
Jul 06 2016;20,10
Jul 05 2016;19,94
Jul 04 2016;20,34
Jul 01 2016;19,76
Jun 30 2016;18,71
Jun 29 2016;18,30
Jun 28 2016;17,77
Jun 27 2016;17,74
Jun 24 2016;17,74
Jun 23 2016;17,29
Jun 22 2016;17,26
Jun 21 2016;17,28
Jun 20 2016;17,50
Jun 17 2016;17,49
Jun 16 2016;17,17
Jun 15 2016;17,52
Jun 14 2016;17,39
Jun 13 2016;17,45
Jun 10 2016;17,34
Jun 09 2016;17,31
Jun 08 2016;17,04
Jun 07 2016;16,39
Jun 06 2016;16,48
Jun 03 2016;16,41
Jun 02 2016;15,99
Jun 01 2016;15,96
May 31 2016;15,99
May 30 2016;16,00
May 27 2016;16,23
May 26 2016;16,32
May 25 2016;16,29
May 24 2016;16,22
May 23 2016;16,38
May 20 2016;16,53
May 19 2016;16,49
May 18 2016;16,87
May 17 2016;17,25
May 16 2016;17,14
May 13 2016;17,11
May 12 2016;16,98
May 11 2016;17,41
May 10 2016;17,12
May 09 2016;17,03
May 06 2016;17,47
May 05 2016;17,34
May 04 2016;17,37
May 03 2016;17,43
May 02 2016;17,54
Apr 29 2016;17,84
Apr 28 2016;17,56
Apr 27 2016;17,24
Apr 26 2016;17,17
Apr 25 2016;17,00
Apr 22 2016;16,96
Apr 21 2016;17,00
Apr 20 2016;16,96
Apr 19 2016;16,94
Apr 18 2016;16,23
Apr 15 2016;16,24
Apr 14 2016;16,16
Apr 13 2016;16,22
Apr 12 2016;16,19
Apr 11 2016;15,93
Apr 08 2016;15,36
Apr 07 2016;15,24
Apr 06 2016;15,07
Apr 05 2016;15,14
Apr 04 2016;14,89
Apr 01 2016;15,05
Mar 31 2016;15,44
Mar 30 2016;15,22
Mar 29 2016;15,36
Mar 28 2016;15,24
Mar 25 2016;15,17
Mar 24 2016;15,19
Mar 23 2016;15,25
Mar 22 2016;15,88
Mar 21 2016;15,84
Mar 18 2016;15,80
Mar 17 2016;15,91
Mar 16 2016;15,62
Mar 15 2016;15,28
Mar 14 2016;15,34
Mar 11 2016;15,47
Mar 10 2016;15,59
Mar 09 2016;15,29
Mar 08 2016;15,33
Mar 07 2016;15,65
Mar 04 2016;15,52
Mar 03 2016;15,24
Mar 02 2016;14,95
Mar 01 2016;14,84
Feb 29 2016;14,89
Feb 26 2016;14,71
Feb 25 2016;15,16
Feb 24 2016;15,25
Feb 23 2016;15,31
Feb 22 2016;15,19
Feb 19 2016;15,36
Feb 18 2016;15,41
Feb 17 2016;15,29
Feb 16 2016;15,23
Feb 15 2016;15,33
Feb 12 2016;15,73
Feb 11 2016;15,75
Feb 10 2016;15,28
Feb 09 2016;15,24
Feb 08 2016;15,33
Feb 05 2016;15,00
Feb 04 2016;14,88
Feb 03 2016;14,68
Feb 02 2016;14,31
Feb 01 2016;14,34
Jan 29 2016;14,26
Jan 28 2016;14,25
Jan 27 2016;14,48
Jan 26 2016;14,50
Jan 25 2016;14,24
Jan 22 2016;14,03
Jan 21 2016;14,09
Jan 20 2016;14,16
Jan 19 2016;14,02
Jan 18 2016;13,96
Jan 15 2016;13,93
Jan 14 2016;13,85
Jan 13 2016;14,14
Jan 12 2016;13,80
Jan 11 2016;13,86
Jan 08 2016;13,95
Jan 07 2016;14,31
Jan 06 2016;14,01
Jan 05 2016;13,98
Jan 04 2016;13,88
Jan 01 2016;13,81
Dec 31 2015;13,85
Dec 30 2015;13,88
Dec 29 2015;13,96
Dec 28 2015;13,94
Dec 25 2015;14,37
Dec 24 2015;14,38
Dec 23 2015;14,31
Dec 22 2015;14,26
Dec 21 2015;14,27
Dec 18 2015;14,09
Dec 17 2015;13,71
Dec 16 2015;14,18
Dec 15 2015;13,77
Dec 14 2015;13,71
Dec 11 2015;13,93
Dec 10 2015;14,12
Dec 09 2015;14,16
Dec 08 2015;14,16
Dec 07 2015;14,24
Dec 04 2015;14,55
Dec 03 2015;14,11
Dec 02 2015;14,02
Dec 01 2015;14,20
Nov 30 2015;14,09
Nov 27 2015;14,10
Nov 26 2015;14,28
Nov 25 2015;14,18
Nov 24 2015;14,21
Nov 23 2015;14,14
Nov 20 2015;14,20
Nov 19 2015;14,26
Nov 18 2015;14,19
Nov 17 2015;14,20
Nov 16 2015;14,25
Nov 13 2015;14,26
Nov 12 2015;14,30
Nov 11 2015;14,31
Nov 10 2015;14,43
Nov 09 2015;14,56
Nov 06 2015;14,76
Nov 05 2015;14,98
Nov 04 2015;15,06
Nov 03 2015;15,29
Nov 02 2015;15,42
Oct 30 2015;15,54
Oct 29 2015;15,59
Oct 28 2015;15,94
Oct 27 2015;15,88
Oct 26 2015;15,86
Oct 23 2015;15,83
Oct 22 2015;15,84
Oct 21 2015;15,71
Oct 20 2015;15,91
Oct 19 2015;15,85
Oct 16 2015;16,06
Oct 15 2015;16,11
Oct 14 2015;16,15
Oct 13 2015;15,93
Oct 12 2015;15,84
Oct 09 2015;15,84
Oct 08 2015;15,70
Oct 07 2015;16,10
Oct 06 2015;15,90
Oct 05 2015;15,63
Oct 02 2015;15,27
Oct 01 2015;14,49
Sep 30 2015;14,54
Sep 29 2015;14,65
Sep 28 2015;14,59
Sep 25 2015;15,10
Sep 24 2015;15,15
Sep 23 2015;14,79
Sep 22 2015;14,77
Sep 21 2015;15,20
Sep 18 2015;15,19
Sep 17 2015;15,14
Sep 16 2015;14,91
Sep 15 2015;14,42
Sep 14 2015;14,44
Sep 11 2015;14,63
Sep 10 2015;14,70
Sep 09 2015;14,65
Sep 08 2015;14,85
Sep 07 2015;14,58
Sep 04 2015;14,59
Sep 03 2015;14,80
Sep 02 2015;14,72
Sep 01 2015;14,60
Aug 31 2015;14,62
Aug 28 2015;14,61
Aug 27 2015;14,51
Aug 26 2015;14,13
Aug 25 2015;14,72
Aug 24 2015;14,81
Aug 21 2015;15,34
Aug 20 2015;15,58
Aug 19 2015;15,32
Aug 18 2015;14,89
Aug 17 2015;15,34
Aug 14 2015;15,25
Aug 13 2015;15,46
Aug 12 2015;15,54
Aug 11 2015;15,32
Aug 10 2015;15,25
Aug 07 2015;14,88
Aug 06 2015;14,62
Aug 05 2015;14,59
Aug 04 2015;14,61
Aug 03 2015;14,51
Jul 31 2015;14,82
Jul 30 2015;14,70
Jul 29 2015;14,77
Jul 28 2015;14,70
Jul 27 2015;14,57
Jul 24 2015;14,68
Jul 23 2015;14,68
Jul 22 2015;14,81
Jul 21 2015;14,86
Jul 20 2015;14,68
Jul 17 2015;14,88
Jul 16 2015;15,00
Jul 15 2015;15,12
Jul 14 2015;15,38
Jul 13 2015;15,53
Jul 10 2015;15,63
Jul 09 2015;15,39
Jul 08 2015;15,16
Jul 07 2015;15,08
Jul 06 2015;15,75
Jul 03 2015;15,71
Jul 02 2015;15,71
Jul 01 2015;15,57
Jun 30 2015;15,78
Jun 29 2015;15,79
Jun 26 2015;15,80
Jun 25 2015;15,88
Jun 24 2015;15,95
Jun 23 2015;15,80
Jun 22 2015;16,14
Jun 19 2015;16,11
Jun 18 2015;16,19
Jun 17 2015;16,13
Jun 16 2015;16,03
Jun 15 2015;16,13
Jun 12 2015;15,95
Jun 11 2015;16,05
Jun 10 2015;16,02
Jun 09 2015;15,96
Jun 08 2015;15,96
Jun 05 2015;16,10
Jun 04 2015;16,09
Jun 03 2015;16,55
Jun 02 2015;16,78
Jun 01 2015;16,73
May 29 2015;16,74
May 28 2015;16,70
May 27 2015;16,70
May 26 2015;16,76
May 25 2015;17,15
May 22 2015;17,15
May 21 2015;17,16
May 20 2015;17,11
May 19 2015;17,07
May 18 2015;17,70
May 15 2015;17,55
May 14 2015;17,48
May 13 2015;17,17
May 12 2015;16,58
May 11 2015;16,31
May 08 2015;16,47
May 07 2015;16,34
May 06 2015;16,52
May 05 2015;16,55
May 04 2015;16,41
May 01 2015;16,16
Apr 30 2015;16,15
Apr 29 2015;16,63
Apr 28 2015;16,63
Apr 27 2015;16,41
Apr 24 2015;15,74
Apr 23 2015;15,89
Apr 22 2015;15,82
Apr 21 2015;16,02
Apr 20 2015;15,95
Apr 17 2015;16,26
Apr 16 2015;16,30
Apr 15 2015;16,34
Apr 14 2015;16,17
Apr 13 2015;16,35
Apr 10 2015;16,47
Apr 09 2015;16,16
Apr 08 2015;16,49
Apr 07 2015;16,85
Apr 06 2015;16,99
Apr 03 2015;17,12
Apr 02 2015;16,75
Apr 01 2015;16,95
Mar 31 2015;16,66
Mar 30 2015;16,70
Mar 27 2015;16,98
Mar 26 2015;17,11
Mar 25 2015;16,98
Mar 24 2015;16,95
Mar 23 2015;16,98
Mar 20 2015;16,77
Mar 19 2015;16,15
Mar 18 2015;15,93
Mar 17 2015;15,56
Mar 16 2015;15,66
Mar 13 2015;15,66
Mar 12 2015;15,60
Mar 11 2015;15,50
Mar 10 2015;15,65
Mar 09 2015;15,77
Mar 06 2015;15,89
Mar 05 2015;16,21
Mar 04 2015;16,23
Mar 03 2015;16,28
Mar 02 2015;16,40
Feb 27 2015;16,62
Feb 26 2015;16,55
Feb 25 2015;16,57
Feb 24 2015;16,26
Feb 23 2015;16,33
Feb 20 2015;16,27
Feb 19 2015;16,40
Feb 18 2015;16,50
Feb 17 2015;16,52
Feb 16 2015;17,28
Feb 13 2015;17,34
Feb 12 2015;16,87
Feb 11 2015;16,80
Feb 10 2015;16,94
Feb 09 2015;17,02
Feb 06 2015;16,73
Feb 05 2015;17,27
Feb 04 2015;17,38
Feb 03 2015;17,30
Feb 02 2015;17,23
Jan 30 2015;17,26
Jan 29 2015;16,97
Jan 28 2015;17,98
Jan 27 2015;18,07
Jan 26 2015;17,92
Jan 23 2015;18,29
Jan 22 2015;18,34
Jan 21 2015;18,13
Jan 20 2015;17,98
Jan 19 2015;17,70
Jan 16 2015;17,77
Jan 15 2015;16,90
Jan 14 2015;16,85
Jan 13 2015;17,05
Jan 12 2015;16,58
Jan 09 2015;16,54
Jan 08 2015;16,36
Jan 07 2015;16,53
Jan 06 2015;16,56
Jan 05 2015;16,19
Jan 02 2015;15,77
Jan 01 2015;15,66
Dec 31 2014;15,71
Dec 30 2014;16,30
Dec 29 2014;15,79
Dec 26 2014;16,06
Dec 25 2014;15,74
Dec 24 2014;15,72
Dec 23 2014;15,71
Dec 22 2014;15,66
Dec 19 2014;16,07
Dec 18 2014;15,89
Dec 17 2014;15,74
Dec 16 2014;15,71
Dec 15 2014;16,16
Dec 12 2014;17,03
Dec 11 2014;17,10
Dec 10 2014;17,08
Dec 09 2014;17,09
Dec 08 2014;16,35
Dec 05 2014;16,30
Dec 04 2014;16,46
Dec 03 2014;16,41
Dec 02 2014;16,48
Dec 01 2014;16,47
Nov 28 2014;15,46
Nov 27 2014;16,25
Nov 26 2014;16,50
Nov 25 2014;16,70
Nov 24 2014;16,48
Nov 21 2014;16,44
Nov 20 2014;16,27
Nov 19 2014;16,15
Nov 18 2014;16,21
Nov 17 2014;16,15
Nov 14 2014;16,30
Nov 13 2014;15,65
Nov 12 2014;15,66
Nov 11 2014;15,73
Nov 10 2014;15,61
Nov 07 2014;15,76
Nov 06 2014;15,42
Nov 05 2014;15,37
Nov 04 2014;16,03
Nov 03 2014;16,14
Oct 31 2014;16,19
Oct 30 2014;16,47
Oct 29 2014;17,09
Oct 28 2014;17,20
Oct 27 2014;17,13
Oct 24 2014;17,18
Oct 23 2014;17,20
Oct 22 2014;17,12
Oct 21 2014;17,52
Oct 20 2014;17,42
Oct 17 2014;17,28
Oct 16 2014;17,37
Oct 15 2014;17,45
Oct 14 2014;17,44
Oct 13 2014;17,50
Oct 10 2014;17,39
Oct 09 2014;17,35
Oct 08 2014;17,39
Oct 07 2014;17,19
Oct 06 2014;17,34
Oct 03 2014;16,85
Oct 02 2014;17,10
Oct 01 2014;17,19
Sep 30 2014;16,99
Sep 29 2014;17,51
Sep 26 2014;17,66
Sep 25 2014;17,51
Sep 24 2014;17,70
Sep 23 2014;17,79
Sep 22 2014;17,75
Sep 19 2014;17,81
Sep 18 2014;18,52
Sep 17 2014;18,52
Sep 16 2014;18,75
Sep 15 2014;18,62
Sep 12 2014;18,62
Sep 11 2014;18,69
Sep 10 2014;18,95
Sep 09 2014;19,08
Sep 08 2014;19,03
Sep 05 2014;19,19
Sep 04 2014;19,05
Sep 03 2014;19,18
Sep 02 2014;19,15
Sep 01 2014;19,49
Aug 29 2014;19,48
Aug 28 2014;19,60
Aug 27 2014;19,47
Aug 26 2014;19,39
Aug 25 2014;19,39
Aug 22 2014;19,45
Aug 21 2014;19,46
Aug 20 2014;19,50
Aug 19 2014;19,48
Aug 18 2014;19,64
Aug 15 2014;19,64
Aug 14 2014;19,84
Aug 13 2014;19,84
Aug 12 2014;19,90
Aug 11 2014;20,02
Aug 08 2014;19,96
Aug 07 2014;19,96
Aug 06 2014;20,03
Aug 05 2014;19,74
Aug 04 2014;20,21
Aug 01 2014;20,33
Jul 31 2014;20,40
Jul 30 2014;20,64
Jul 29 2014;20,57
Jul 28 2014;20,63
Jul 25 2014;20,72
Jul 24 2014;20,38
Jul 23 2014;20,92
Jul 22 2014;20,93
Jul 21 2014;20,94
Jul 18 2014;20,85
Jul 17 2014;21,11
Jul 16 2014;20,72
Jul 15 2014;20,70
Jul 14 2014;20,93
Jul 11 2014;21,44
Jul 10 2014;21,44
Jul 09 2014;21,10
Jul 08 2014;21,05
Jul 07 2014;21,07
Jul 04 2014;21,17
Jul 03 2014;21,14
Jul 02 2014;21,14
Jul 01 2014;21,06
Jun 30 2014;21,02
Jun 27 2014;21,06
Jun 26 2014;21,10
Jun 25 2014;21,03
Jun 24 2014;20,92
Jun 23 2014;20,88
Jun 20 2014;20,90
Jun 19 2014;20,75
Jun 18 2014;19,91
Jun 17 2014;19,74
Jun 16 2014;19,65
Jun 13 2014;19,67
Jun 12 2014;19,54
Jun 11 2014;19,19
Jun 10 2014;19,17
Jun 09 2014;19,07
Jun 06 2014;19,02
Jun 05 2014;19,05
Jun 04 2014;18,81
Jun 03 2014;18,81
Jun 02 2014;18,76
May 30 2014;18,73
May 29 2014;19,02
May 28 2014;19,07
May 27 2014;19,10
May 26 2014;19,45
May 23 2014;19,45
May 22 2014;19,51
May 21 2014;19,43
May 20 2014;19,41
May 19 2014;19,37
May 16 2014;19,31
May 15 2014;19,51
May 14 2014;19,77
May 13 2014;19,53
May 12 2014;19,55
May 09 2014;19,15
May 08 2014;19,18
May 07 2014;19,35
May 06 2014;19,57
May 05 2014;19,58
May 02 2014;19,51
May 01 2014;19,05
Apr 30 2014;19,16
Apr 29 2014;19,52
Apr 28 2014;19,61
Apr 25 2014;19,66
Apr 24 2014;19,65
Apr 23 2014;19,45
Apr 22 2014;19,41
Apr 21 2014;19,44
Apr 18 2014;19,64
Apr 17 2014;19,64
Apr 16 2014;19,65
Apr 15 2014;19,62
Apr 14 2014;19,97
Apr 11 2014;20,00
Apr 10 2014;20,05
Apr 09 2014;19,90
Apr 08 2014;20,04
Apr 07 2014;19,87
Apr 04 2014;19,94
Apr 03 2014;19,84
Apr 02 2014;19,99
Apr 01 2014;19,75
Mar 31 2014;19,76
Mar 28 2014;19,82
Mar 27 2014;19,71
Mar 26 2014;19,73
Mar 25 2014;19,97
Mar 24 2014;19,94
Mar 21 2014;20,31
Mar 20 2014;20,27
Mar 19 2014;20,60
Mar 18 2014;20,82
Mar 17 2014;21,18
Mar 14 2014;21,49
Mar 13 2014;21,18
Mar 12 2014;21,29
Mar 11 2014;20,87
Mar 10 2014;20,85
Mar 07 2014;20,93
Mar 06 2014;21,46
Mar 05 2014;21,18
Mar 04 2014;21,19
Mar 03 2014;21,43
Feb 28 2014;21,23
Feb 27 2014;21,29
Feb 26 2014;21,26
Feb 25 2014;21,84
Feb 24 2014;22,01
Feb 21 2014;21,83
Feb 20 2014;21,82
Feb 19 2014;21,54
Feb 18 2014;21,93
Feb 17 2014;21,69
Feb 14 2014;21,48
Feb 13 2014;20,50
Feb 12 2014;20,25
Feb 11 2014;20,25
Feb 10 2014;20,08
Feb 07 2014;20,03
Feb 06 2014;19,96
Feb 05 2014;19,88
Feb 04 2014;19,50
Feb 03 2014;19,35
Jan 31 2014;19,15
Jan 30 2014;19,16
Jan 29 2014;19,76
Jan 28 2014;19,59
Jan 27 2014;19,72
Jan 24 2014;19,91
Jan 23 2014;20,04
Jan 22 2014;19,78
Jan 21 2014;19,90
Jan 20 2014;20,31
Jan 17 2014;20,28
Jan 16 2014;20,10
Jan 15 2014;20,19
Jan 14 2014;20,26
Jan 13 2014;20,40
Jan 10 2014;20,13
Jan 09 2014;19,59
Jan 08 2014;19,55
Jan 07 2014;19,88
Jan 06 2014;20,17
Jan 03 2014;20,14
Jan 02 2014;20,02
Jan 01 2014;19,35
Dec 31 2013;19,46
Dec 30 2013;19,58
Dec 27 2013;20,08
Dec 26 2013;19,77
Dec 25 2013;19,51
Dec 24 2013;19,41
Dec 23 2013;19,45
Dec 20 2013;19,38
Dec 19 2013;19,26
Dec 18 2013;19,77
Dec 17 2013;19,92
Dec 16 2013;19,98
Dec 13 2013;19,70
Dec 12 2013;19,49
Dec 11 2013;20,30
Dec 10 2013;20,40
Dec 09 2013;19,87
Dec 06 2013;19,50
Dec 05 2013;19,38
Dec 04 2013;19,69
Dec 03 2013;19,15
Dec 02 2013;19,16
Nov 29 2013;19,99
Nov 28 2013;19,73
Nov 27 2013;19,67
Nov 26 2013;19,88
Nov 25 2013;20,32
Nov 22 2013;19,88
Nov 21 2013;19,97
Nov 20 2013;19,84
Nov 19 2013;20,37
Nov 18 2013;20,41
Nov 15 2013;20,81
Nov 14 2013;20,79
Nov 13 2013;20,59
Nov 12 2013;20,72
Nov 11 2013;21,37
Nov 08 2013;21,51
Nov 07 2013;21,66
Nov 06 2013;21,82
Nov 05 2013;21,70
Nov 04 2013;21,67
Nov 01 2013;21,86
Oct 31 2013;21,90
Oct 30 2013;22,74
Oct 29 2013;22,57
Oct 28 2013;22,52
Oct 25 2013;22,57
Oct 24 2013;22,71
Oct 23 2013;22,54
Oct 22 2013;22,68
Oct 21 2013;22,24
Oct 18 2013;21,93
Oct 17 2013;21,89
Oct 16 2013;21,39
Oct 15 2013;21,30
Oct 14 2013;21,30
Oct 11 2013;21,23
Oct 10 2013;21,67
Oct 09 2013;21,91
Oct 08 2013;22,29
Oct 07 2013;22,35
Oct 04 2013;21,75
Oct 03 2013;21,63
Oct 02 2013;21,76
Oct 01 2013;21,16
Sep 30 2013;21,69
Sep 27 2013;21,78
Sep 26 2013;21,72
Sep 25 2013;21,80
Sep 24 2013;21,73
Sep 23 2013;21,65
Sep 20 2013;21,84
Sep 19 2013;23,08
Sep 18 2013;22,92
Sep 17 2013;21,73
Sep 16 2013;21,80
Sep 13 2013;22,25
Sep 12 2013;21,79
Sep 11 2013;23,20
Sep 10 2013;22,98
Sep 09 2013;23,71
Sep 06 2013;23,87
Sep 05 2013;23,20
Sep 04 2013;23,49
Sep 03 2013;24,27
Sep 02 2013;24,18
Aug 30 2013;23,51
Aug 29 2013;23,88
Aug 28 2013;24,39
Aug 27 2013;24,51
Aug 26 2013;24,32
Aug 23 2013;24,00
Aug 22 2013;23,15
Aug 21 2013;22,88
Aug 20 2013;23,03
Aug 19 2013;23,16
Aug 16 2013;23,25
Aug 15 2013;23,00
Aug 14 2013;21,87
Aug 13 2013;21,46
Aug 12 2013;21,40
Aug 09 2013;20,57
Aug 08 2013;20,25
Aug 07 2013;19,59
Aug 06 2013;19,52
Aug 05 2013;19,73
Aug 02 2013;19,94
Aug 01 2013;19,62
Jul 31 2013;19,85
Jul 30 2013;19,75
Jul 29 2013;19,85
Jul 26 2013;20,00
Jul 25 2013;20,25
Jul 24 2013;20,19
Jul 23 2013;20,49
Jul 22 2013;20,57
Jul 19 2013;19,51
Jul 18 2013;19,39
Jul 17 2013;19,29
Jul 16 2013;20,02
Jul 15 2013;19,94
Jul 12 2013;19,91
Jul 11 2013;20,15
Jul 10 2013;19,38
Jul 09 2013;19,28
Jul 08 2013;19,09
Jul 05 2013;18,86
Jul 04 2013;19,56
Jul 03 2013;19,74
Jul 02 2013;19,37
Jul 01 2013;19,61
Jun 28 2013;19,66
Jun 27 2013;18,50
Jun 26 2013;18,56
Jun 25 2013;19,63
Jun 24 2013;19,70
Jun 21 2013;20,13
Jun 20 2013;19,61
Jun 19 2013;21,36
Jun 18 2013;21,69
Jun 17 2013;21,88
Jun 14 2013;22,09
Jun 13 2013;21,85
Jun 12 2013;21,88
Jun 11 2013;21,66
Jun 10 2013;21,96
Jun 07 2013;21,69
Jun 06 2013;22,64
Jun 05 2013;22,57
Jun 04 2013;22,50
Jun 03 2013;22,76
May 31 2013;22,26
May 30 2013;22,78
May 29 2013;22,50
May 28 2013;22,27
May 27 2013;22,68
May 24 2013;22,43
May 23 2013;22,61
May 22 2013;22,24
May 21 2013;22,43
May 20 2013;22,97
May 17 2013;22,28
May 16 2013;22,70
May 15 2013;22,62
May 14 2013;23,41
May 13 2013;23,65
May 10 2013;23,87
May 09 2013;23,70
May 08 2013;23,94
May 07 2013;23,94
May 06 2013;24,03
May 03 2013;24,12
May 02 2013;23,84
May 01 2013;23,58
Apr 30 2013;24,33
Apr 29 2013;24,56
Apr 26 2013;24,03
Apr 25 2013;24,38
Apr 24 2013;23,14
Apr 23 2013;22,95
Apr 22 2013;23,43
Apr 19 2013;23,22
Apr 18 2013;23,29
Apr 17 2013;23,32
Apr 16 2013;23,42
Apr 15 2013;22,63
Apr 12 2013;25,89
Apr 11 2013;27,64
Apr 10 2013;27,65
Apr 09 2013;27,97
Apr 08 2013;27,29
Apr 05 2013;27,34
Apr 04 2013;26,93
Apr 03 2013;26,96
Apr 02 2013;27,24
Apr 01 2013;28,05
Mar 28 2013;28,37
Mar 27 2013;28,67
Mar 26 2013;28,75
Mar 25 2013;28,85
Mar 22 2013;28,71
Mar 21 2013;29,17
Mar 20 2013;28,80
Mar 19 2013;28,91
Mar 18 2013;28,88
Mar 15 2013;28,77
Mar 14 2013;28,82
Mar 13 2013;28,91
Mar 12 2013;29,14
Mar 11 2013;28,99
Mar 08 2013;28,98
Mar 07 2013;28,90
Mar 06 2013;29,04
Mar 05 2013;28,69
Mar 04 2013;28,58
Mar 01 2013;28,58
Feb 28 2013;28,53
Feb 27 2013;29,02
Feb 26 2013;29,39
Feb 25 2013;29,03
Feb 22 2013;28,71
Feb 21 2013;28,66
Feb 20 2013;28,55
Feb 19 2013;29,44
Feb 18 2013;29,98
Feb 15 2013;29,77
Feb 14 2013;30,40
Feb 13 2013;30,77
Feb 12 2013;31,11
Feb 11 2013;31,02
Feb 08 2013;31,42
Feb 07 2013;31,47
Feb 06 2013;31,84
Feb 05 2013;31,80
Feb 04 2013;31,74
Feb 01 2013;31,83
Jan 31 2013;31,45
Jan 30 2013;32,04
Jan 29 2013;31,41
Jan 28 2013;30,87
Jan 25 2013;31,18
Jan 24 2013;31,64
Jan 23 2013;32,27
Jan 22 2013;32,23
Jan 21 2013;32,03
Jan 18 2013;31,88
Jan 17 2013;31,74
Jan 16 2013;31,46
Jan 15 2013;31,38
Jan 14 2013;31,04
Jan 11 2013;30,46
Jan 10 2013;30,85
Jan 09 2013;30,36
Jan 08 2013;30,38
Jan 07 2013;30,16
Jan 04 2013;30,25
Jan 03 2013;30,16
Jan 02 2013;30,99
Jan 01 2013;30,30
Dec 31 2012;30,34
Dec 28 2012;30,03
Dec 27 2012;30,19
Dec 26 2012;29,99
Dec 25 2012;29,88
Dec 24 2012;29,91
Dec 21 2012;30,00
Dec 20 2012;29,96
Dec 19 2012;31,02
Dec 18 2012;31,63
Dec 17 2012;32,27
Dec 14 2012;32,25
Dec 13 2012;32,54
Dec 12 2012;33,47
Dec 11 2012;32,97
Dec 10 2012;33,22
Dec 07 2012;33,07
Dec 06 2012;33,00
Dec 05 2012;32,88
Dec 04 2012;32,93
Dec 03 2012;33,64
Nov 30 2012;33,42
Nov 29 2012;34,23
Nov 28 2012;33,74
Nov 27 2012;34,04
Nov 26 2012;34,13
Nov 23 2012;34,14
Nov 22 2012;33,30
Nov 21 2012;33,36
Nov 20 2012;33,19
Nov 19 2012;33,13
Nov 16 2012;32,31
Nov 15 2012;32,61
Nov 14 2012;32,67
Nov 13 2012;32,48
Nov 12 2012;32,41
Nov 09 2012;32,61
Nov 08 2012;32,34
Nov 07 2012;31,79
Nov 06 2012;31,98
Nov 05 2012;31,17
Nov 02 2012;30,89
Nov 01 2012;32,27
Oct 31 2012;32,25
Oct 30 2012;31,82
Oct 29 2012;31,77
Oct 26 2012;32,09
Oct 25 2012;32,11
Oct 24 2012;31,70
Oct 23 2012;31,68
Oct 22 2012;32,41
Oct 19 2012;32,06
Oct 18 2012;32,80
Oct 17 2012;33,20
Oct 16 2012;32,95
Oct 15 2012;32,71
Oct 12 2012;33,47
Oct 11 2012;34,01
Oct 10 2012;33,99
Oct 09 2012;33,89
Oct 08 2012;34,00
Oct 05 2012;34,51
Oct 04 2012;34,97
Oct 03 2012;34,62
Oct 02 2012;34,60
Oct 01 2012;34,68
Sep 28 2012;34,50
Sep 27 2012;34,67
Sep 26 2012;33,97
Sep 25 2012;33,74
Sep 24 2012;33,98
Sep 21 2012;34,52
Sep 20 2012;34,63
Sep 19 2012;34,61
Sep 18 2012;34,80
Sep 17 2012;34,23
Sep 14 2012;34,67
Sep 13 2012;34,68
Sep 12 2012;33,29
Sep 11 2012;33,52
Sep 10 2012;33,33
Sep 07 2012;33,69
Sep 06 2012;32,66
Sep 05 2012;32,26
Sep 04 2012;32,37
Sep 03 2012;32,13
Aug 31 2012;31,73
Aug 30 2012;30,44
Aug 29 2012;30,72
Aug 28 2012;30,88
Aug 27 2012;30,73
Aug 24 2012;30,81
Aug 23 2012;30,55
Aug 22 2012;29,88
Aug 21 2012;29,33
Aug 20 2012;28,81
Aug 17 2012;28,09
Aug 16 2012;28,22
Aug 15 2012;27,81
Aug 14 2012;27,79
Aug 13 2012;27,83
Aug 10 2012;28,12
Aug 09 2012;28,14
Aug 08 2012;28,03
Aug 07 2012;28,11
Aug 06 2012;27,90
Aug 03 2012;27,81
Aug 02 2012;27,14
Aug 01 2012;27,41
Jul 31 2012;27,95
Jul 30 2012;28,18
Jul 27 2012;27,74
Jul 26 2012;27,53
Jul 25 2012;27,36
Jul 24 2012;26,99
Jul 23 2012;27,04
Jul 20 2012;27,34
Jul 19 2012;27,29
Jul 18 2012;27,23
Jul 17 2012;27,31
Jul 16 2012;27,30
Jul 13 2012;27,32
Jul 12 2012;27,23
Jul 11 2012;27,14
Jul 10 2012;26,80
Jul 09 2012;27,36
Jul 06 2012;27,09
Jul 05 2012;27,69
Jul 04 2012;28,15
Jul 03 2012;28,26
Jul 02 2012;27,51
Jun 29 2012;27,47
Jun 28 2012;26,37
Jun 27 2012;26,93
Jun 26 2012;27,09
Jun 25 2012;27,54
Jun 22 2012;26,94
Jun 21 2012;26,89
Jun 20 2012;28,12
Jun 19 2012;28,43
Jun 18 2012;28,73
Jun 15 2012;28,73
Jun 14 2012;28,65
Jun 13 2012;28,84
Jun 12 2012;28,97
Jun 11 2012;28,57
Jun 08 2012;28,50
Jun 07 2012;28,61
Jun 06 2012;29,42
Jun 05 2012;28,52
Jun 04 2012;28,26
Jun 01 2012;28,68
May 31 2012;27,70
May 30 2012;27,92
May 29 2012;27,85
May 28 2012;28,44
May 25 2012;28,52
May 24 2012;28,30
May 23 2012;27,82
May 22 2012;28,19
May 21 2012;28,49
May 18 2012;28,73
May 17 2012;28,04
May 16 2012;27,26
May 15 2012;27,75
May 14 2012;28,16
May 11 2012;28,92
May 10 2012;29,05
May 09 2012;29,25
May 08 2012;29,48
May 07 2012;30,06
May 04 2012;30,34
May 03 2012;30,07
May 02 2012;30,66
May 01 2012;30,95
Apr 30 2012;30,98
Apr 27 2012;31,27
Apr 26 2012;31,08
Apr 25 2012;30,73
Apr 24 2012;30,82
Apr 23 2012;30,83
Apr 20 2012;31,69
Apr 19 2012;31,79
Apr 18 2012;31,62
Apr 17 2012;31,71
Apr 16 2012;31,49
Apr 13 2012;31,51
Apr 12 2012;32,35
Apr 11 2012;31,55
Apr 10 2012;31,82
Apr 09 2012;31,53
Apr 06 2012;31,70
Apr 05 2012;31,70
Apr 04 2012;31,35
Apr 03 2012;32,66
Apr 02 2012;32,66
Mar 30 2012;32,26
Mar 29 2012;32,25
Mar 28 2012;32,02
Mar 27 2012;32,58
Mar 26 2012;32,84
Mar 23 2012;32,21
Mar 22 2012;31,58
Mar 21 2012;32,19
Mar 20 2012;32,16
Mar 19 2012;32,92
Mar 16 2012;32,58
Mar 15 2012;32,54
Mar 14 2012;32,17
Mar 13 2012;33,43
Mar 12 2012;33,61
Mar 09 2012;34,20
Mar 08 2012;33,88
Mar 07 2012;33,38
Mar 06 2012;32,91
Mar 05 2012;34,02
Mar 02 2012;34,78
Mar 01 2012;35,47
Feb 29 2012;34,63
Feb 28 2012;36,92
Feb 27 2012;35,39
Feb 24 2012;35,39
Feb 23 2012;35,39
Feb 22 2012;34,34
Feb 21 2012;34,38
Feb 20 2012;33,60
Feb 17 2012;33,22
Feb 16 2012;33,55
Feb 15 2012;33,41
Feb 14 2012;33,58
Feb 13 2012;33,70
Feb 10 2012;33,49
Feb 09 2012;33,89
Feb 08 2012;33,98
Feb 07 2012;34,21
Feb 06 2012;33,64
Feb 03 2012;33,63
Feb 02 2012;34,34
Feb 01 2012;33,72
Jan 31 2012;33,14
Jan 30 2012;33,48
Jan 27 2012;33,90
Jan 26 2012;33,47
Jan 25 2012;33,30
Jan 24 2012;31,97
Jan 23 2012;32,34
Jan 20 2012;32,11
Jan 19 2012;30,61
Jan 18 2012;30,51
Jan 17 2012;30,08
Jan 16 2012;29,96
Jan 13 2012;29,73
Jan 12 2012;30,22
Jan 11 2012;29,96
Jan 10 2012;29,91
Jan 09 2012;28,97
Jan 06 2012;28,74
Jan 05 2012;29,31
Jan 04 2012;29,19
Jan 03 2012;29,62
Jan 02 2012;27,84
Dec 30 2011;27,73
Dec 29 2011;27,78
Dec 28 2011;27,08
Dec 27 2011;28,68
Dec 26 2011;29,10
Dec 23 2011;29,08
Dec 22 2011;29,12
Dec 21 2011;29,42
Dec 20 2011;29,55
Dec 19 2011;28,79
Dec 16 2011;29,68
Dec 15 2011;29,12
Dec 14 2011;28,92
Dec 13 2011;30,78
Dec 12 2011;31,34
Dec 09 2011;32,22
Dec 08 2011;31,61
Dec 07 2011;32,53
Dec 06 2011;32,81
Dec 05 2011;31,99
Dec 02 2011;32,57
Dec 01 2011;32,78
Nov 30 2011;32,86
Nov 29 2011;31,95
Nov 28 2011;32,08
Nov 25 2011;31,00
Nov 24 2011;31,81
Nov 23 2011;31,75
Nov 22 2011;32,76
Nov 21 2011;31,70
Nov 18 2011;32,31
Nov 17 2011;31,68
Nov 16 2011;33,66
Nov 15 2011;34,57
Nov 14 2011;34,29
Nov 11 2011;34,68
Nov 10 2011;34,09
Nov 09 2011;34,10
Nov 08 2011;34,97
Nov 07 2011;34,89
Nov 04 2011;34,15
Nov 03 2011;34,50
Nov 02 2011;34,27
Nov 01 2011;33,43
Oct 31 2011;34,22
Oct 28 2011;35,37
Oct 27 2011;35,09
Oct 26 2011;33,42
Oct 25 2011;33,22
Oct 24 2011;31,72
Oct 21 2011;31,33
Oct 20 2011;30,53
Oct 19 2011;31,01
Oct 18 2011;32,06
Oct 17 2011;31,81
Oct 14 2011;32,16
Oct 13 2011;31,79
Oct 12 2011;32,59
Oct 11 2011;32,12
Oct 10 2011;32,07
Oct 07 2011;31,16
Oct 06 2011;31,94
Oct 05 2011;30,46
Oct 04 2011;30,17
Oct 03 2011;30,46
Sep 30 2011;29,93
Sep 29 2011;30,62
Sep 28 2011;29,92
Sep 27 2011;31,87
Sep 26 2011;30,70
Sep 23 2011;31,17
Sep 22 2011;35,80
Sep 21 2011;39,64
Sep 20 2011;39,72
Sep 19 2011;39,63
Sep 16 2011;40,62
Sep 15 2011;39,87
Sep 14 2011;40,67
Sep 13 2011;41,07
Sep 12 2011;40,25
Sep 09 2011;41,49
Sep 08 2011;42,32
Sep 07 2011;41,56
Sep 06 2011;41,97
Sep 05 2011;42,92
Sep 02 2011;43,24
Sep 01 2011;41,48
Aug 31 2011;41,51
Aug 30 2011;41,30
Aug 29 2011;40,90
Aug 26 2011;41,70
Aug 25 2011;41,14
Aug 24 2011;39,67
Aug 23 2011;41,91
Aug 22 2011;43,73
Aug 19 2011;42,89
Aug 18 2011;40,63
Aug 17 2011;40,22
Aug 16 2011;39,90
Aug 15 2011;39,89
Aug 12 2011;39,07
Aug 11 2011;38,70
Aug 10 2011;39,27
Aug 09 2011;37,67
Aug 08 2011;39,01
Aug 05 2011;38,36
Aug 04 2011;38,85
Aug 03 2011;41,72
Aug 02 2011;40,84
Aug 01 2011;39,29
Jul 29 2011;39,86
Jul 28 2011;39,70
Jul 27 2011;40,24
Jul 26 2011;40,89
Jul 25 2011;40,35
Jul 22 2011;40,04
Jul 21 2011;39,33
Jul 20 2011;40,13
Jul 19 2011;39,01
Jul 18 2011;40,56
Jul 15 2011;39,28
Jul 14 2011;38,15
Jul 13 2011;38,18
Jul 12 2011;36,16
Jul 11 2011;35,79
Jul 08 2011;36,68
Jul 07 2011;36,42
Jul 06 2011;35,90
Jul 05 2011;35,48
Jul 04 2011;34,12
Jul 01 2011;33,86
Jun 30 2011;34,69
Jun 29 2011;34,80
Jun 28 2011;33,91
Jun 27 2011;33,59
Jun 24 2011;34,30
Jun 23 2011;35,29
Jun 22 2011;36,30
Jun 21 2011;36,34
Jun 20 2011;36,03
Jun 17 2011;35,84
Jun 16 2011;35,52
Jun 15 2011;35,81
Jun 14 2011;35,38
Jun 13 2011;34,73
Jun 10 2011;36,20
Jun 09 2011;37,58
Jun 08 2011;36,80
Jun 07 2011;37,13
Jun 06 2011;36,78
Jun 03 2011;36,24
Jun 02 2011;36,20
Jun 01 2011;36,83
May 31 2011;38,49
May 30 2011;38,09
May 27 2011;38,05
May 26 2011;37,27
May 25 2011;37,90
May 24 2011;36,67
May 23 2011;35,08
May 20 2011;35,05
May 19 2011;35,00
May 18 2011;35,08
May 17 2011;33,96
May 16 2011;33,60
May 13 2011;35,38
May 12 2011;34,64
May 11 2011;35,10
May 10 2011;38,49
May 09 2011;37,83
May 06 2011;35,65
May 05 2011;34,71
May 04 2011;39,38
May 03 2011;41,69
May 02 2011;43,93
Apr 29 2011;48,00
Apr 28 2011;48,45
Apr 27 2011;47,80
Apr 26 2011;45,53
Apr 25 2011;46,95
Apr 22 2011;46,69
Apr 21 2011;46,61
Apr 20 2011;45,25
Apr 19 2011;43,94
Apr 18 2011;43,37
Apr 15 2011;43,04
Apr 14 2011;42,12
Apr 13 2011;40,67
Apr 12 2011;40,11
Apr 11 2011;40,22
Apr 08 2011;40,91
Apr 07 2011;39,62
Apr 06 2011;39,48
Apr 05 2011;39,28
Apr 04 2011;38,46
Apr 01 2011;37,72
Mar 31 2011;37,65
Mar 30 2011;37,48
Mar 29 2011;37,12
Mar 28 2011;37,15
Mar 25 2011;37,33
Mar 24 2011;37,17
Mar 23 2011;37,41
Mar 22 2011;36,36
Mar 21 2011;36,10
Mar 18 2011;35,26
Mar 17 2011;34,23
Mar 16 2011;34,25
Mar 15 2011;34,27
Mar 14 2011;35,92
Mar 11 2011;35,89
Mar 10 2011;35,25
Mar 09 2011;36,11
Mar 08 2011;36,02
Mar 07 2011;36,02
Mar 04 2011;35,55
Mar 03 2011;34,23
Mar 02 2011;34,65
Mar 01 2011;34,70
Feb 28 2011;33,83
Feb 25 2011;33,34
Feb 24 2011;32,06
Feb 23 2011;33,53
Feb 22 2011;33,11
Feb 21 2011;33,89
Feb 18 2011;32,56
Feb 17 2011;31,76
Feb 16 2011;30,70
Feb 15 2011;30,74
Feb 14 2011;30,64
Feb 11 2011;29,88
Feb 10 2011;30,21
Feb 09 2011;30,18
Feb 08 2011;30,34
Feb 07 2011;29,33
Feb 04 2011;29,15
Feb 03 2011;28,95
Feb 02 2011;28,38
Feb 01 2011;28,52
Jan 31 2011;28,05
Jan 28 2011;27,98
Jan 27 2011;26,90
Jan 26 2011;27,62
Jan 25 2011;26,85
Jan 24 2011;26,95
Jan 21 2011;27,47
Jan 20 2011;27,55
Jan 19 2011;28,78
Jan 18 2011;28,84
Jan 17 2011;28,28
Jan 14 2011;28,47
Jan 13 2011;28,73
Jan 12 2011;29,70
Jan 11 2011;29,55
Jan 10 2011;29,04
Jan 07 2011;28,75
Jan 06 2011;29,09
Jan 05 2011;29,27
Jan 04 2011;29,82
Jan 03 2011;30,69
Dec 31 2010;30,91
Dec 30 2010;30,45
Dec 29 2010;30,58
Dec 28 2010;30,23
Dec 27 2010;29,29
Dec 24 2010;29,25
Dec 23 2010;29,31
Dec 22 2010;29,23
Dec 21 2010;29,32
Dec 20 2010;29,34
Dec 17 2010;29,16
Dec 16 2010;28,87
Dec 15 2010;28,83
Dec 14 2010;29,43
Dec 13 2010;29,52
Dec 10 2010;28,70
Dec 09 2010;28,73
Dec 08 2010;28,34
Dec 07 2010;28,69
Dec 06 2010;30,17
Dec 03 2010;29,35
Dec 02 2010;28,52
Dec 01 2010;28,46
Nov 30 2010;28,09
Nov 29 2010;27,13
Nov 26 2010;26,69
Nov 25 2010;27,58
Nov 24 2010;27,60
Nov 23 2010;27,54
Nov 22 2010;27,83
Nov 19 2010;27,35
Nov 18 2010;26,94
Nov 17 2010;25,63
Nov 16 2010;25,49
Nov 15 2010;25,52
Nov 12 2010;26,04
Nov 11 2010;27,71
Nov 10 2010;27,26
Nov 09 2010;26,86
Nov 08 2010;27,70
Nov 05 2010;26,73
Nov 04 2010;26,36
Nov 03 2010;24,85
Nov 02 2010;24,94
Nov 01 2010;24,65
Oct 29 2010;24,73
Oct 28 2010;24,02
Oct 27 2010;23,56
Oct 26 2010;23,85
Oct 25 2010;23,65
Oct 22 2010;23,29
Oct 21 2010;23,16
Oct 20 2010;23,94
Oct 19 2010;23,37
Oct 18 2010;24,38
Oct 15 2010;24,32
Oct 14 2010;24,64
Oct 13 2010;24,03
Oct 12 2010;23,31
Oct 11 2010;23,29
Oct 08 2010;23,22
Oct 07 2010;22,50
Oct 06 2010;23,18
Oct 05 2010;22,85
Oct 04 2010;21,90
Oct 01 2010;22,10
Sep 30 2010;21,75
Sep 29 2010;21,91
Sep 28 2010;21,75
Sep 27 2010;21,45
Sep 24 2010;21,46
Sep 23 2010;21,13
Sep 22 2010;21,13
Sep 21 2010;20,97
Sep 20 2010;20,73
Sep 17 2010;20,77
Sep 16 2010;20,79
Sep 15 2010;20,59
Sep 14 2010;20,46
Sep 13 2010;20,05
Sep 10 2010;19,88
Sep 09 2010;19,71
Sep 08 2010;19,91
Sep 07 2010;19,77
Sep 06 2010;19,94
Sep 03 2010;19,84
Sep 02 2010;19,64
Sep 01 2010;19,35
Aug 31 2010;19,38
Aug 30 2010;19,03
Aug 27 2010;19,09
Aug 26 2010;18,93
Aug 25 2010;18,95
Aug 24 2010;18,37
Aug 23 2010;17,98
Aug 20 2010;18,01
Aug 19 2010;18,29
Aug 18 2010;18,37
Aug 17 2010;18,52
Aug 16 2010;18,40
Aug 13 2010;18,14
Aug 12 2010;18,06
Aug 11 2010;17,88
Aug 10 2010;18,30
Aug 09 2010;18,34
Aug 06 2010;18,41
Aug 05 2010;18,34
Aug 04 2010;18,30
Aug 03 2010;18,38
Aug 02 2010;18,36
Jul 30 2010;17,99
Jul 29 2010;17,74
Jul 28 2010;17,50
Jul 27 2010;17,65
Jul 26 2010;18,17
Jul 23 2010;18,11
Jul 22 2010;18,10
Jul 21 2010;17,67
Jul 20 2010;17,70
Jul 19 2010;17,61
Jul 16 2010;17,87
Jul 15 2010;18,33
Jul 14 2010;18,29
Jul 13 2010;18,25
Jul 12 2010;17,91
Jul 09 2010;18,13
Jul 08 2010;17,95
Jul 07 2010;18,04
Jul 06 2010;17,83
Jul 05 2010;17,81
Jul 02 2010;17,87
Jul 01 2010;17,77
Jun 30 2010;18,60
Jun 29 2010;18,52
Jun 28 2010;18,73
Jun 25 2010;19,08
Jun 24 2010;18,68
Jun 23 2010;18,51
Jun 22 2010;18,81
Jun 21 2010;18,73
Jun 18 2010;19,17
Jun 17 2010;18,72
Jun 16 2010;18,45
Jun 15 2010;18,55
Jun 14 2010;18,22
Jun 11 2010;18,24
Jun 10 2010;18,24
Jun 09 2010;18,12
Jun 08 2010;18,25
Jun 07 2010;18,15
Jun 04 2010;17,42
Jun 03 2010;17,97
Jun 02 2010;18,34
Jun 01 2010;18,42
May 31 2010;18,57
May 28 2010;18,40
May 27 2010;18,50
May 26 2010;18,06
May 25 2010;17,88
May 24 2010;17,88
May 21 2010;17,66
May 20 2010;17,64
May 19 2010;18,20
May 18 2010;18,97
May 17 2010;18,90
May 14 2010;19,27
May 13 2010;19,44
May 12 2010;19,53
May 11 2010;19,31
May 10 2010;18,50
May 07 2010;18,37
May 06 2010;17,66
May 05 2010;17,48
May 04 2010;17,88
May 03 2010;18,80
Apr 30 2010;18,64
Apr 29 2010;18,47
Apr 28 2010;18,10
Apr 27 2010;18,18
Apr 26 2010;18,30
Apr 23 2010;18,32
Apr 22 2010;17,99
Apr 21 2010;18,08
Apr 20 2010;17,85
Apr 19 2010;17,76
Apr 16 2010;17,72
Apr 15 2010;18,42
Apr 14 2010;18,44
Apr 13 2010;18,23
Apr 12 2010;18,23
Apr 09 2010;18,39
Apr 08 2010;18,08
Apr 07 2010;18,15
Apr 06 2010;17,92
Apr 05 2010;18,07
Apr 02 2010;17,90
Apr 01 2010;17,92
Mar 31 2010;17,50
Mar 30 2010;17,30
Mar 29 2010;17,36
Mar 26 2010;16,90
Mar 25 2010;16,60
Mar 24 2010;16,57
Mar 23 2010;17,01
Mar 22 2010;16,96
Mar 19 2010;16,98
Mar 18 2010;17,39
Mar 17 2010;17,51
Mar 16 2010;17,44
Mar 15 2010;17,08
Mar 12 2010;17,09
Mar 11 2010;17,16
Mar 10 2010;16,99
Mar 09 2010;17,23
Mar 08 2010;17,23
Mar 05 2010;17,34
Mar 04 2010;17,12
Mar 03 2010;17,18
Mar 02 2010;16,92
Mar 01 2010;16,45
Feb 26 2010;16,48
Feb 25 2010;16,09
Feb 24 2010;15,94
Feb 23 2010;15,86
Feb 22 2010;16,23
Feb 19 2010;16,30
Feb 18 2010;16,20
Feb 17 2010;16,04
Feb 16 2010;16,15
Feb 15 2010;15,54
Feb 12 2010;15,54
Feb 11 2010;15,67
Feb 10 2010;15,24
Feb 09 2010;15,45
Feb 08 2010;15,03
Feb 05 2010;15,16
Feb 04 2010;15,29
Feb 03 2010;16,38
Feb 02 2010;16,70
Feb 01 2010;16,70
Jan 29 2010;16,19
Jan 28 2010;16,20
Jan 27 2010;16,55
Jan 26 2010;16,73
Jan 25 2010;17,13
Jan 22 2010;17,08
Jan 21 2010;17,38
Jan 20 2010;17,88
Jan 19 2010;18,76
Jan 18 2010;18,63
Jan 15 2010;18,41
Jan 14 2010;18,68
Jan 13 2010;18,62
Jan 12 2010;18,26
Jan 11 2010;18,59
Jan 08 2010;18,47
Jan 07 2010;18,24
Jan 06 2010;18,20
Jan 05 2010;17,80
Jan 04 2010;17,55
Jan 01 2010;16,89
Dec 31 2009;16,85
Dec 30 2009;16,80
Dec 29 2009;17,12
Dec 28 2009;17,52
Dec 25 2009;17,55
Dec 24 2009;17,48
Dec 23 2009;17,12
Dec 22 2009;16,98
Dec 21 2009;17,02
Dec 18 2009;17,30
Dec 17 2009;17,15
Dec 16 2009;17,70
Dec 15 2009;17,41
Dec 14 2009;17,37
Dec 11 2009;17,19
Dec 10 2009;17,40
Dec 09 2009;17,41
Dec 08 2009;17,62
Dec 07 2009;18,20
Dec 04 2009;18,52
Dec 03 2009;18,95
Dec 02 2009;19,23
Dec 01 2009;19,10
Nov 30 2009;18,44
Nov 27 2009;18,30
Nov 26 2009;18,63
Nov 25 2009;18,84
Nov 24 2009;18,54
Nov 23 2009;18,58
Nov 20 2009;18,51
Nov 19 2009;18,52
Nov 18 2009;18,55
Nov 17 2009;18,41
Nov 16 2009;18,40
Nov 13 2009;17,42
Nov 12 2009;17,23
Nov 11 2009;17,60
Nov 10 2009;17,34
Nov 09 2009;17,59
Nov 06 2009;17,38
Nov 05 2009;17,41
Nov 04 2009;17,45
Nov 03 2009;17,23
Nov 02 2009;16,45
Oct 30 2009;16,30
Oct 29 2009;16,68
Oct 28 2009;16,14
Oct 27 2009;16,70
Oct 26 2009;17,09
Oct 23 2009;17,69
Oct 22 2009;17,68
Oct 21 2009;17,70
Oct 20 2009;17,50
Oct 19 2009;17,83
Oct 16 2009;17,45
Oct 15 2009;17,37
Oct 14 2009;17,90
Oct 13 2009;17,80
Oct 12 2009;17,73
Oct 09 2009;17,72
Oct 08 2009;17,77
Oct 07 2009;17,59
Oct 06 2009;17,37
Oct 05 2009;16,63
Oct 02 2009;16,17
Oct 01 2009;16,37
Sep 30 2009;16,64
Sep 29 2009;16,16
Sep 28 2009;16,19
Sep 25 2009;16,03
Sep 24 2009;16,23
Sep 23 2009;16,77
Sep 22 2009;17,13
Sep 21 2009;16,84
Sep 18 2009;17,01
Sep 17 2009;17,23
Sep 16 2009;17,40
Sep 15 2009;17,02
Sep 14 2009;16,56
Sep 11 2009;16,78
Sep 10 2009;16,69
Sep 09 2009;16,32
Sep 08 2009;16,46
Sep 07 2009;16,33
Sep 04 2009;16,24
Sep 03 2009;16,13
Sep 02 2009;15,39
Sep 01 2009;15,06
Aug 31 2009;14,91
Aug 28 2009;14,79
Aug 27 2009;14,29
Aug 26 2009;14,35
Aug 25 2009;14,29
Aug 24 2009;14,18
Aug 21 2009;14,20
Aug 20 2009;13,94
Aug 19 2009;13,82
Aug 18 2009;14,01
Aug 17 2009;14,01
Aug 14 2009;14,73
Aug 13 2009;15,05
Aug 12 2009;14,56
Aug 11 2009;14,32
Aug 10 2009;14,35
Aug 07 2009;14,64
Aug 06 2009;14,58
Aug 05 2009;14,69
Aug 04 2009;14,65
Aug 03 2009;14,25
Jul 31 2009;13,93
Jul 30 2009;13,49
Jul 29 2009;13,31
Jul 28 2009;13,72
Jul 27 2009;14,04
Jul 24 2009;13,90
Jul 23 2009;13,73
Jul 22 2009;13,72
Jul 21 2009;13,57
Jul 20 2009;13,65
Jul 17 2009;13,43
Jul 16 2009;13,31
Jul 15 2009;13,29
Jul 14 2009;12,92
Jul 13 2009;12,86
Jul 10 2009;12,69
Jul 09 2009;12,85
Jul 08 2009;12,87
Jul 07 2009;13,13
Jul 06 2009;13,28
Jul 03 2009;13,43
Jul 02 2009;13,42
Jul 01 2009;13,77
Jun 30 2009;13,60
Jun 29 2009;13,89
Jun 26 2009;14,10
Jun 25 2009;14,04
Jun 24 2009;13,87
Jun 23 2009;13,85
Jun 22 2009;13,75
Jun 19 2009;14,22
Jun 18 2009;14,22
Jun 17 2009;14,35
Jun 16 2009;14,20
Jun 15 2009;14,08
Jun 12 2009;14,83
Jun 11 2009;15,41
Jun 10 2009;15,19
Jun 09 2009;15,24
Jun 08 2009;14,94
Jun 05 2009;15,28
Jun 04 2009;15,89
Jun 03 2009;15,34
Jun 02 2009;15,98
Jun 01 2009;15,61
May 29 2009;15,78
May 28 2009;15,15
May 27 2009;14,76
May 26 2009;14,60
May 25 2009;14,76
May 22 2009;14,68
May 21 2009;14,55
May 20 2009;14,25
May 19 2009;14,19
May 18 2009;13,77
May 15 2009;13,98
May 14 2009;14,05
May 13 2009;13,98
May 12 2009;14,23
May 11 2009;13,95
May 08 2009;14,02
May 07 2009;13,82
May 06 2009;13,74
May 05 2009;13,37
May 04 2009;13,05
May 01 2009;12,51
Apr 30 2009;12,38
Apr 29 2009;12,80
Apr 28 2009;12,49
Apr 27 2009;12,92
Apr 24 2009;12,89
Apr 23 2009;12,78
Apr 22 2009;12,32
Apr 21 2009;12,04
Apr 20 2009;12,09
Apr 17 2009;11,89
Apr 16 2009;12,25
Apr 15 2009;12,80
Apr 14 2009;12,77
Apr 13 2009;12,75
Apr 10 2009;12,37
Apr 09 2009;12,35
Apr 08 2009;12,29
Apr 07 2009;12,26
Apr 06 2009;12,15
Apr 03 2009;12,78
Apr 02 2009;12,95
Apr 01 2009;13,06
Mar 31 2009;12,98
Mar 30 2009;13,09
Mar 27 2009;13,34
Mar 26 2009;13,51
Mar 25 2009;13,49
Mar 24 2009;13,46
Mar 23 2009;13,67
Mar 20 2009;13,79
Mar 19 2009;13,61
Mar 18 2009;12,93
Mar 17 2009;12,74
Mar 16 2009;12,93
Mar 13 2009;13,22
Mar 12 2009;13,00
Mar 11 2009;12,80
Mar 10 2009;12,62
Mar 09 2009;12,96
Mar 06 2009;13,32
Mar 05 2009;13,25
Mar 04 2009;12,95
Mar 03 2009;12,80
Mar 02 2009;12,96
Feb 27 2009;13,13
Feb 26 2009;13,16
Feb 25 2009;13,69
Feb 24 2009;13,85
Feb 23 2009;14,51
Feb 20 2009;14,45
Feb 19 2009;14,08
Feb 18 2009;14,37
Feb 17 2009;14,12
Feb 16 2009;13,61
Feb 13 2009;13,69
Feb 12 2009;13,52
Feb 11 2009;13,52
Feb 10 2009;13,17
Feb 09 2009;12,85
Feb 06 2009;13,12
Feb 05 2009;12,89
Feb 04 2009;12,53
Feb 03 2009;12,46
Feb 02 2009;12,39
Jan 30 2009;12,67
Jan 29 2009;12,38
Jan 28 2009;12,00
Jan 27 2009;12,02
Jan 26 2009;12,07
Jan 23 2009;11,97
Jan 22 2009;11,42
Jan 21 2009;11,34
Jan 20 2009;11,18
Jan 19 2009;11,20
Jan 16 2009;11,27
Jan 15 2009;10,60
Jan 14 2009;10,57
Jan 13 2009;10,75
Jan 12 2009;10,65
Jan 09 2009;11,27
Jan 08 2009;11,14
Jan 07 2009;11,06
Jan 06 2009;11,48
Jan 05 2009;11,25
Jan 02 2009;11,57
Jan 01 2009;11,40
Dec 31 2008;11,36
Dec 30 2008;10,99
Dec 29 2008;10,89
Dec 26 2008;10,71
Dec 25 2008;10,38
Dec 24 2008;10,38
Dec 23 2008;10,26
Dec 22 2008;10,84
Dec 19 2008;10,85
Dec 18 2008;11,01
Dec 17 2008;11,40
Dec 16 2008;11,24
Dec 15 2008;10,67
Dec 12 2008;10,28
Dec 11 2008;10,36
Dec 10 2008;10,26
Dec 09 2008;9,86
Dec 08 2008;10,00
Dec 05 2008;9,50
Dec 04 2008;9,50
Dec 03 2008;9,65
Dec 02 2008;9,59
Dec 01 2008;9,32
Nov 28 2008;10,29
Nov 27 2008;10,34
Nov 26 2008;10,29
Nov 25 2008;10,34
Nov 24 2008;10,51
Nov 21 2008;9,66
Nov 20 2008;9,00
Nov 19 2008;9,28
Nov 18 2008;9,64
Nov 17 2008;9,31
Nov 14 2008;9,53
Nov 13 2008;9,46
Nov 12 2008;9,34
Nov 11 2008;9,79
Nov 10 2008;10,23
Nov 07 2008;10,05
Nov 06 2008;10,07
Nov 05 2008;10,41
Nov 04 2008;10,23
Nov 03 2008;9,79
Oct 31 2008;9,86
Oct 30 2008;9,72
Oct 29 2008;9,88
Oct 28 2008;9,21
Oct 27 2008;9,06
Oct 24 2008;9,35
Oct 23 2008;9,72
Oct 22 2008;9,56
Oct 21 2008;10,12
Oct 20 2008;9,80
Oct 17 2008;9,42
Oct 16 2008;9,68
Oct 15 2008;10,28
Oct 14 2008;11,00
Oct 13 2008;10,71
Oct 10 2008;10,20
Oct 09 2008;12,06
Oct 08 2008;11,75
Oct 07 2008;11,56
Oct 06 2008;11,06
Oct 03 2008;11,14
Oct 02 2008;10,85
Oct 01 2008;12,57
Sep 30 2008;12,07
Sep 29 2008;13,12
Sep 26 2008;13,34
Sep 25 2008;13,21
Sep 24 2008;13,25
Sep 23 2008;13,26
Sep 22 2008;13,45
Sep 19 2008;12,60
Sep 18 2008;11,94
Sep 17 2008;12,05
Sep 16 2008;10,49
Sep 15 2008;11,13
Sep 12 2008;10,88
Sep 11 2008;10,59
Sep 10 2008;10,66
Sep 09 2008;11,27
Sep 08 2008;12,08
Sep 05 2008;12,26
Sep 04 2008;12,78
Sep 03 2008;12,92
Sep 02 2008;13,07
Sep 01 2008;13,45
Aug 29 2008;13,63
Aug 28 2008;13,68
Aug 27 2008;13,48
Aug 26 2008;13,60
Aug 25 2008;13,49
Aug 22 2008;13,36
Aug 21 2008;13,85
Aug 20 2008;13,27
Aug 19 2008;13,26
Aug 18 2008;13,07
Aug 15 2008;12,74
Aug 14 2008;14,18
Aug 13 2008;14,90
Aug 12 2008;14,51
Aug 11 2008;14,67
Aug 08 2008;15,31
Aug 07 2008;16,20
Aug 06 2008;16,55
Aug 05 2008;16,45
Aug 04 2008;16,93
Aug 01 2008;17,48
Jul 31 2008;17,73
Jul 30 2008;17,50
Jul 29 2008;17,36
Jul 28 2008;17,53
Jul 25 2008;17,41
Jul 24 2008;17,44
Jul 23 2008;17,37
Jul 22 2008;17,95
Jul 21 2008;18,43
Jul 18 2008;18,14
Jul 17 2008;18,54
Jul 16 2008;18,77
Jul 15 2008;18,91
Jul 14 2008;19,09
Jul 11 2008;18,82
Jul 10 2008;18,29
Jul 09 2008;18,12
Jul 08 2008;17,79
Jul 07 2008;17,79
Jul 04 2008;18,09
Jul 03 2008;18,25
Jul 02 2008;18,38
Jul 01 2008;18,11
Jun 30 2008;17,41
Jun 27 2008;17,54
Jun 26 2008;17,16
Jun 25 2008;16,79
Jun 24 2008;16,67
Jun 23 2008;16,80
Jun 20 2008;17,37
Jun 19 2008;17,35
Jun 18 2008;17,36
Jun 17 2008;17,06
Jun 16 2008;17,14
Jun 13 2008;16,56
Jun 12 2008;16,48
Jun 11 2008;16,87
Jun 10 2008;16,59
Jun 09 2008;17,11
Jun 06 2008;17,52
Jun 05 2008;17,17
Jun 04 2008;16,83
Jun 03 2008;16,80
Jun 02 2008;16,82
May 30 2008;16,88
May 29 2008;16,61
May 28 2008;17,41
May 27 2008;17,43
May 26 2008;18,31
May 23 2008;18,20
May 22 2008;17,99
May 21 2008;17,99
May 20 2008;17,67
May 19 2008;16,98
May 16 2008;16,98
May 15 2008;16,71
May 14 2008;16,52
May 13 2008;16,70
May 12 2008;17,16
May 09 2008;16,82
May 08 2008;16,85
May 07 2008;16,62
May 06 2008;16,86
May 05 2008;16,72
May 02 2008;16,41
May 01 2008;16,18
Apr 30 2008;16,87
Apr 29 2008;16,57
Apr 28 2008;17,02
Apr 25 2008;16,87
Apr 24 2008;16,77
Apr 23 2008;17,15
Apr 22 2008;17,66
Apr 21 2008;17,41
Apr 18 2008;17,87
Apr 17 2008;18,27
Apr 16 2008;18,31
Apr 15 2008;17,87
Apr 14 2008;17,73
Apr 11 2008;17,77
Apr 10 2008;17,88
Apr 09 2008;18,17
Apr 08 2008;17,66
Apr 07 2008;18,08
Apr 04 2008;17,77
Apr 03 2008;17,34
Apr 02 2008;17,33
Apr 01 2008;16,88
Mar 31 2008;17,23
Mar 28 2008;17,91
Mar 27 2008;18,44
Mar 26 2008;18,45
Mar 25 2008;17,95
Mar 24 2008;17,01
Mar 21 2008;17,25
Mar 20 2008;16,80
Mar 19 2008;18,35
Mar 18 2008;19,69
Mar 17 2008;20,17
Mar 14 2008;20,67
Mar 13 2008;20,56
Mar 12 2008;20,16
Mar 11 2008;19,67
Mar 10 2008;19,69
Mar 07 2008;20,15
Mar 06 2008;20,19
Mar 05 2008;20,77
Mar 04 2008;19,77
Mar 03 2008;20,31
Feb 29 2008;19,81
Feb 28 2008;19,81
Feb 27 2008;19,26
Feb 26 2008;18,67
Feb 25 2008;18,09
Feb 22 2008;18,04
Feb 21 2008;17,87
Feb 20 2008;17,83
Feb 19 2008;17,52
Feb 18 2008;17,12
Feb 15 2008;17,12
Feb 14 2008;17,23
Feb 13 2008;17,29
Feb 12 2008;17,20
Feb 11 2008;17,54
Feb 08 2008;17,19
Feb 07 2008;16,80
Feb 06 2008;16,49
Feb 05 2008;16,33
Feb 04 2008;16,69
Feb 01 2008;16,79
Jan 31 2008;16,90
Jan 30 2008;16,81
Jan 29 2008;16,69
Jan 28 2008;16,71
Jan 25 2008;16,45
Jan 24 2008;16,41
Jan 23 2008;16,06
Jan 22 2008;16,05
Jan 21 2008;15,57
Jan 18 2008;16,17
Jan 17 2008;15,88
Jan 16 2008;15,80
Jan 15 2008;16,12
Jan 14 2008;16,40
Jan 11 2008;16,23
Jan 10 2008;16,19
Jan 09 2008;15,70
Jan 08 2008;15,69
Jan 07 2008;15,14
Jan 04 2008;15,29
Jan 03 2008;15,36
Jan 02 2008;15,25
Jan 01 2008;14,79
Dec 31 2007;14,79
Dec 28 2007;14,75
Dec 27 2007;14,61
Dec 26 2007;14,71
Dec 25 2007;14,41
Dec 24 2007;14,54
Dec 21 2007;14,34
Dec 20 2007;14,21
Dec 19 2007;14,12
Dec 18 2007;14,03
Dec 17 2007;13,82
Dec 14 2007;13,81
Dec 13 2007;14,09
Dec 12 2007;14,66
Dec 11 2007;14,47
Dec 10 2007;14,68
Dec 07 2007;14,37
Dec 06 2007;14,46
Dec 05 2007;14,25
Dec 04 2007;14,34
Dec 03 2007;14,12
Nov 30 2007;14,00
Nov 29 2007;14,21
Nov 28 2007;14,43
Nov 27 2007;14,46
Nov 26 2007;14,71
Nov 23 2007;14,79
Nov 22 2007;14,54
Nov 21 2007;14,46
Nov 20 2007;14,75
Nov 19 2007;14,21
Nov 16 2007;14,46
Nov 15 2007;14,48
Nov 14 2007;14,96
Nov 13 2007;14,57
Nov 12 2007;14,61
Nov 09 2007;15,45
Nov 08 2007;15,39
Nov 07 2007;15,30
Nov 06 2007;15,50
Nov 05 2007;14,70
Nov 02 2007;14,63
Nov 01 2007;14,12
Oct 31 2007;14,50
Oct 30 2007;14,14
Oct 29 2007;14,50
Oct 26 2007;14,25
Oct 25 2007;13,89
Oct 24 2007;13,59
Oct 23 2007;13,61
Oct 22 2007;13,46
Oct 19 2007;13,52
Oct 18 2007;13,79
Oct 17 2007;13,63
Oct 16 2007;13,61
Oct 15 2007;13,79
Oct 12 2007;13,80
Oct 11 2007;13,77
Oct 10 2007;13,55
Oct 09 2007;13,48
Oct 08 2007;13,28
Oct 05 2007;13,41
Oct 04 2007;13,39
Oct 03 2007;13,30
Oct 02 2007;13,34
Oct 01 2007;13,71
Sep 28 2007;13,79
Sep 27 2007;13,54
Sep 26 2007;13,38
Sep 25 2007;13,47
Sep 24 2007;13,46
Sep 21 2007;13,53
Sep 20 2007;13,39
Sep 19 2007;12,94
Sep 18 2007;12,98
Sep 17 2007;12,79
Sep 14 2007;12,54
Sep 13 2007;12,53
Sep 12 2007;12,62
Sep 11 2007;12,70
Sep 10 2007;12,52
Sep 07 2007;12,54
Sep 06 2007;12,41
Sep 05 2007;12,21
Sep 04 2007;12,27
Sep 03 2007;12,12
Aug 31 2007;12,06
Aug 30 2007;11,80
Aug 29 2007;11,89
Aug 28 2007;11,77
Aug 27 2007;11,75
Aug 24 2007;11,96
Aug 23 2007;11,70
Aug 22 2007;11,63
Aug 21 2007;11,56
Aug 20 2007;11,75
Aug 17 2007;11,73
Aug 16 2007;11,81
Aug 15 2007;12,50
Aug 14 2007;12,71
Aug 13 2007;12,79
Aug 10 2007;12,86
Aug 09 2007;12,66
Aug 08 2007;13,12
Aug 07 2007;13,09
Aug 06 2007;12,98
Aug 03 2007;13,06
Aug 02 2007;12,97
Aug 01 2007;12,97
Jul 31 2007;12,84
Jul 30 2007;12,88
Jul 27 2007;12,71
Jul 26 2007;12,79
Jul 25 2007;13,12
Jul 24 2007;13,25
Jul 23 2007;13,25
Jul 20 2007;13,30
Jul 19 2007;13,25
Jul 18 2007;13,21
Jul 17 2007;12,91
Jul 16 2007;12,94
Jul 13 2007;13,04
Jul 12 2007;13,09
Jul 11 2007;12,89
Jul 10 2007;12,93
Jul 09 2007;12,71
Jul 06 2007;12,71
Jul 05 2007;12,50
Jul 04 2007;12,66
Jul 03 2007;12,59
Jul 02 2007;12,62
Jun 29 2007;12,41
Jun 28 2007;12,47
Jun 27 2007;12,29
Jun 26 2007;12,21
Jun 25 2007;12,85
Jun 22 2007;13,06
Jun 21 2007;13,11
Jun 20 2007;13,19
Jun 19 2007;13,34
Jun 18 2007;13,21
Jun 15 2007;13,24
Jun 14 2007;13,14
Jun 13 2007;13,10
Jun 12 2007;13,02
Jun 11 2007;13,20
Jun 08 2007;13,11
Jun 07 2007;13,45
Jun 06 2007;13,71
Jun 05 2007;13,77
Jun 04 2007;13,70
Jun 01 2007;13,68
May 31 2007;13,43
May 30 2007;13,16
May 29 2007;13,16
May 28 2007;12,94
May 25 2007;12,96
May 24 2007;12,85
May 23 2007;13,03
May 22 2007;12,95
May 21 2007;13,07
May 18 2007;12,95
May 17 2007;12,86
May 16 2007;12,91
May 15 2007;13,20
May 14 2007;13,16
May 11 2007;13,21
May 10 2007;13,02
May 09 2007;13,38
May 08 2007;13,52
May 07 2007;13,52
May 04 2007;13,44
May 03 2007;13,41
May 02 2007;13,22
May 01 2007;13,27
Apr 30 2007;13,41
Apr 27 2007;13,54
Apr 26 2007;13,32
Apr 25 2007;13,81
Apr 24 2007;13,75
Apr 23 2007;14,03
Apr 20 2007;13,94
Apr 19 2007;13,70
Apr 18 2007;13,97
Apr 17 2007;13,95
Apr 16 2007;14,04
Apr 13 2007;14,06
Apr 12 2007;13,87
Apr 11 2007;13,84
Apr 10 2007;13,88
Apr 09 2007;13,77
Apr 06 2007;13,72
Apr 05 2007;13,71
Apr 04 2007;13,62
Apr 03 2007;13,39
Apr 02 2007;13,29
Mar 30 2007;13,38
Mar 29 2007;13,29
Mar 28 2007;13,36
Mar 27 2007;13,29
Mar 26 2007;13,38
Mar 23 2007;13,16
Mar 22 2007;13,43
Mar 21 2007;13,37
Mar 20 2007;13,29
Mar 19 2007;13,16
Mar 16 2007;13,12
Mar 15 2007;13,00
Mar 14 2007;12,79
Mar 13 2007;12,75
Mar 12 2007;13,03
Mar 09 2007;12,95
Mar 08 2007;12,96
Mar 07 2007;12,97
Mar 06 2007;12,95
Mar 05 2007;12,62
Mar 02 2007;12,91
Mar 01 2007;13,61
Feb 28 2007;14,16
Feb 27 2007;14,13
Feb 26 2007;14,73
Feb 23 2007;14,56
Feb 22 2007;14,22
Feb 21 2007;14,25
Feb 20 2007;13,84
Feb 19 2007;14,03
Feb 16 2007;13,96
Feb 15 2007;13,96
Feb 14 2007;14,02
Feb 13 2007;13,88
Feb 12 2007;13,68
Feb 09 2007;13,88
Feb 08 2007;13,79
Feb 07 2007;13,63
Feb 06 2007;13,63
Feb 05 2007;13,47
Feb 02 2007;13,41
Feb 01 2007;13,66
Jan 31 2007;13,54
Jan 30 2007;13,36
Jan 29 2007;13,16
Jan 26 2007;13,36
Jan 25 2007;13,34
Jan 24 2007;13,23
Jan 23 2007;13,25
Jan 22 2007;12,91
Jan 19 2007;12,86
Jan 18 2007;12,64
Jan 17 2007;12,80
Jan 16 2007;12,59
Jan 15 2007;12,88
Jan 12 2007;12,87
Jan 11 2007;12,36
Jan 10 2007;12,37
Jan 09 2007;12,47
Jan 08 2007;12,29
Jan 05 2007;12,21
Jan 04 2007;12,62
Jan 03 2007;12,56
Jan 02 2007;13,18
Dec 29 2006;12,90
Dec 28 2006;12,86
Dec 27 2006;12,79
Dec 26 2006;12,66
Dec 25 2006;12,59
Dec 22 2006;12,60
Dec 21 2006;12,39
Dec 20 2006;12,47
Dec 19 2006;12,65
Dec 18 2006;12,46
Dec 15 2006;12,85
Dec 14 2006;13,78
Dec 13 2006;13,80
Dec 12 2006;13,86
Dec 11 2006;13,82
Dec 08 2006;13,69
Dec 07 2006;13,90
Dec 06 2006;13,62
Dec 05 2006;13,84
Dec 04 2006;14,12
Dec 01 2006;14,02
Nov 30 2006;13,97
Nov 29 2006;13,57
Nov 28 2006;13,73
Nov 27 2006;13,50
Nov 24 2006;13,45
Nov 23 2006;13,12
Nov 22 2006;13,07
Nov 21 2006;13,04
Nov 20 2006;12,75
Nov 17 2006;12,80
Nov 16 2006;12,88
Nov 15 2006;12,89
Nov 14 2006;12,80
Nov 13 2006;12,88
Nov 10 2006;13,03
Nov 09 2006;13,04
Nov 08 2006;12,47
Nov 07 2006;12,60
Nov 06 2006;12,64
Nov 03 2006;12,61
Nov 02 2006;12,55
Nov 01 2006;12,46
Oct 31 2006;12,28
Oct 30 2006;12,12
Oct 27 2006;12,05
Oct 26 2006;12,14
Oct 25 2006;11,95
Oct 24 2006;11,81
Oct 23 2006;11,70
Oct 20 2006;11,89
Oct 19 2006;12,10
Oct 18 2006;11,79
Oct 17 2006;11,71
Oct 16 2006;11,87
Oct 13 2006;11,63
Oct 12 2006;11,37
Oct 11 2006;11,23
Oct 10 2006;11,15
Oct 09 2006;11,29
Oct 06 2006;11,12
Oct 05 2006;11,10
Oct 04 2006;10,80
Oct 03 2006;10,80
Oct 02 2006;11,50
Sep 29 2006;11,44
Sep 28 2006;11,56
Sep 27 2006;11,62
Sep 26 2006;11,38
Sep 25 2006;11,22
Sep 22 2006;11,15
Sep 21 2006;11,09
Sep 20 2006;10,90
Sep 19 2006;10,80
Sep 18 2006;11,16
Sep 15 2006;10,85
Sep 14 2006;10,72
Sep 13 2006;11,19
Sep 12 2006;11,02
Sep 11 2006;11,12
Sep 08 2006;12,13
Sep 07 2006;12,57
Sep 06 2006;13,05
Sep 05 2006;12,98
Sep 04 2006;12,95
Sep 01 2006;12,95
Aug 31 2006;12,90
Aug 30 2006;12,53
Aug 29 2006;12,19
Aug 28 2006;12,07
Aug 25 2006;12,39
Aug 24 2006;12,36
Aug 23 2006;12,49
Aug 22 2006;12,27
Aug 21 2006;12,41
Aug 18 2006;12,05
Aug 17 2006;11,98
Aug 16 2006;12,33
Aug 15 2006;12,06
Aug 14 2006;12,09
Aug 11 2006;11,91
Aug 10 2006;12,09
Aug 09 2006;12,56
Aug 08 2006;12,21
Aug 07 2006;12,27
Aug 04 2006;12,36
Aug 03 2006;12,10
Aug 02 2006;12,22
Aug 01 2006;11,73
Jul 31 2006;11,34
Jul 28 2006;11,35
Jul 27 2006;11,37
Jul 26 2006;11,05
Jul 25 2006;10,94
Jul 24 2006;10,89
Jul 21 2006;10,78
Jul 20 2006;10,93
Jul 19 2006;11,21
Jul 18 2006;10,53
Jul 17 2006;10,93
Jul 14 2006;11,48
Jul 13 2006;11,67
Jul 12 2006;11,58
Jul 11 2006;11,53
Jul 10 2006;11,09
Jul 07 2006;11,36
Jul 06 2006;11,57
Jul 05 2006;11,42
Jul 04 2006;11,23
Jul 03 2006;11,30
Jun 30 2006;11,01
Jun 29 2006;10,73
Jun 28 2006;10,24
Jun 27 2006;10,21
Jun 26 2006;10,31
Jun 23 2006;10,35
Jun 22 2006;10,23
Jun 21 2006;10,47
Jun 20 2006;10,29
Jun 19 2006;9,94
Jun 16 2006;10,28
Jun 15 2006;10,05
Jun 14 2006;9,64
Jun 13 2006;9,65
Jun 12 2006;10,97
Jun 09 2006;11,20
Jun 08 2006;11,14
Jun 07 2006;11,90
Jun 06 2006;11,91
Jun 05 2006;12,37
Jun 02 2006;12,16
Jun 01 2006;12,03
May 31 2006;12,54
May 30 2006;13,04
May 29 2006;12,82
May 26 2006;12,75
May 25 2006;12,73
May 24 2006;12,53
May 23 2006;12,98
May 22 2006;12,51
May 19 2006;12,43
May 18 2006;12,69
May 17 2006;13,18
May 16 2006;13,58
May 15 2006;13,20
May 12 2006;14,37
May 11 2006;14,79
May 10 2006;14,47
May 09 2006;14,50
May 08 2006;13,96
May 05 2006;14,00
May 04 2006;13,99
May 03 2006;13,75
May 02 2006;14,32
May 01 2006;13,95
Apr 28 2006;13,72
Apr 27 2006;12,70
Apr 26 2006;12,85
Apr 25 2006;12,57
Apr 24 2006;11,98
Apr 21 2006;12,98
Apr 20 2006;12,34
Apr 19 2006;14,68
Apr 18 2006;13,93
Apr 17 2006;13,43
Apr 14 2006;12,96
Apr 13 2006;12,79
Apr 12 2006;12,77
Apr 11 2006;12,46
Apr 10 2006;12,75
Apr 07 2006;12,07
Apr 06 2006;12,14
Apr 05 2006;11,71
Apr 04 2006;11,70
Apr 03 2006;11,75
Mar 31 2006;11,50
Mar 30 2006;11,70
Mar 29 2006;11,16
Mar 28 2006;10,82
Mar 27 2006;10,88
Mar 24 2006;10,73
Mar 23 2006;10,68
Mar 22 2006;10,50
Mar 21 2006;10,50
Mar 20 2006;10,32
Mar 17 2006;10,36
Mar 16 2006;10,32
Mar 15 2006;10,32
Mar 14 2006;10,21
Mar 13 2006;10,13
Mar 10 2006;9,95
Mar 09 2006;9,93
Mar 08 2006;9,82
Mar 07 2006;10,09
Mar 06 2006;10,04
Mar 03 2006;10,20
Mar 02 2006;10,21
Mar 01 2006;9,77
Feb 28 2006;9,77
Feb 27 2006;9,66
Feb 24 2006;9,73
Feb 23 2006;9,50
Feb 22 2006;9,62
Feb 21 2006;9,57
Feb 20 2006;9,54
Feb 17 2006;9,43
Feb 16 2006;9,38
Feb 15 2006;9,21
Feb 14 2006;9,34
Feb 13 2006;9,11
Feb 10 2006;9,37
Feb 09 2006;9,59
Feb 08 2006;9,43
Feb 07 2006;9,30
Feb 06 2006;9,71
Feb 03 2006;9,73
Feb 02 2006;9,86
Feb 01 2006;9,77
Jan 31 2006;9,82
Jan 30 2006;9,82
Jan 27 2006;9,57
Jan 26 2006;9,57
Jan 25 2006;9,48
Jan 24 2006;9,21
Jan 23 2006;9,04
Jan 20 2006;8,88
Jan 19 2006;9,05
Jan 18 2006;8,82
Jan 17 2006;9,02
Jan 16 2006;9,25
Jan 13 2006;9,12
Jan 12 2006;9,00
Jan 11 2006;9,02
Jan 10 2006;8,91
Jan 09 2006;9,16
Jan 06 2006;9,11
Jan 05 2006;8,73
Jan 04 2006;9,13
Jan 03 2006;9,18
Jan 02 2006;8,84
Dec 30 2005;8,82
Dec 29 2005;8,84
Dec 28 2005;8,91
Dec 27 2005;8,75
Dec 26 2005;8,59
Dec 23 2005;8,57
Dec 22 2005;8,52
Dec 21 2005;8,41
Dec 20 2005;8,25
Dec 19 2005;8,54
Dec 16 2005;8,54
Dec 15 2005;8,52
Dec 14 2005;8,39
Dec 13 2005;8,48
Dec 12 2005;8,79
Dec 09 2005;9,00
Dec 08 2005;8,95
Dec 07 2005;8,80
Dec 06 2005;8,71
Dec 05 2005;8,63
Dec 02 2005;8,55
Dec 01 2005;8,52
Nov 30 2005;8,25
Nov 29 2005;8,31
Nov 28 2005;8,36
Nov 25 2005;8,21
Nov 24 2005;8,16
Nov 23 2005;8,12
Nov 22 2005;8,19
Nov 21 2005;8,13
Nov 18 2005;8,05
Nov 17 2005;8,08
Nov 16 2005;8,02
Nov 15 2005;7,75
Nov 14 2005;7,75
Nov 11 2005;7,75
Nov 10 2005;7,69
Nov 09 2005;7,70
Nov 08 2005;7,62
Nov 07 2005;7,57
Nov 04 2005;7,54
Nov 03 2005;7,57
Nov 02 2005;7,52
Nov 01 2005;7,45
Oct 31 2005;7,54
Oct 28 2005;7,77
Oct 27 2005;7,80
Oct 26 2005;7,79
Oct 25 2005;7,79
Oct 24 2005;7,67
Oct 21 2005;7,65
Oct 20 2005;7,62
Oct 19 2005;7,61
Oct 18 2005;7,78
Oct 17 2005;7,79
Oct 14 2005;7,79
Oct 13 2005;7,71
Oct 12 2005;7,73
Oct 11 2005;7,81
Oct 10 2005;7,79
Oct 07 2005;7,71
Oct 06 2005;7,54
Oct 05 2005;7,40
Oct 04 2005;7,37
Oct 03 2005;7,38
Sep 30 2005;7,46
Sep 29 2005;7,49
Sep 28 2005;7,35
Sep 27 2005;7,28
Sep 26 2005;7,33
Sep 23 2005;7,29
Sep 22 2005;7,35
Sep 21 2005;7,42
Sep 20 2005;7,30
Sep 19 2005;7,32
Sep 16 2005;7,23
Sep 15 2005;7,06
Sep 14 2005;7,02
Sep 13 2005;6,96
Sep 12 2005;7,03
Sep 09 2005;7,02
Sep 08 2005;6,98
Sep 07 2005;7,04
Sep 06 2005;7,03
Sep 05 2005;7,05
Sep 02 2005;7,02
Sep 01 2005;6,98
Aug 31 2005;6,83
Aug 30 2005;6,75
Aug 29 2005;6,74
Aug 26 2005;6,73
Aug 25 2005;6,84
Aug 24 2005;6,94
Aug 23 2005;6,96
Aug 22 2005;7,05
Aug 19 2005;7,00
Aug 18 2005;7,00
Aug 17 2005;6,98
Aug 16 2005;7,03
Aug 15 2005;6,97
Aug 12 2005;7,07
Aug 11 2005;7,17
Aug 10 2005;7,09
Aug 09 2005;7,04
Aug 08 2005;7,01
Aug 05 2005;7,13
Aug 04 2005;7,21
Aug 03 2005;7,28
Aug 02 2005;7,24
Aug 01 2005;7,27
Jul 29 2005;7,23
Jul 28 2005;7,18
Jul 27 2005;7,04
Jul 26 2005;6,99
Jul 25 2005;7,10
Jul 22 2005;7,07
Jul 21 2005;7,12
Jul 20 2005;7,07
Jul 19 2005;6,96
Jul 18 2005;6,98
Jul 15 2005;6,96
Jul 14 2005;6,96
Jul 13 2005;7,03
Jul 12 2005;7,06
Jul 11 2005;7,08
Jul 08 2005;7,00
Jul 07 2005;6,97
Jul 06 2005;6,94
Jul 05 2005;6,88
Jul 04 2005;6,94
Jul 01 2005;6,86
Jun 30 2005;7,05
Jun 29 2005;7,05
Jun 28 2005;7,08
Jun 27 2005;7,21
Jun 24 2005;7,27
Jun 23 2005;7,26
Jun 22 2005;7,25
Jun 21 2005;7,29
Jun 20 2005;7,28
Jun 17 2005;7,31
Jun 16 2005;7,33
Jun 15 2005;7,30
Jun 14 2005;7,25
Jun 13 2005;7,27
Jun 10 2005;7,25
Jun 09 2005;7,25
Jun 08 2005;7,39
Jun 07 2005;7,40
Jun 06 2005;7,50
Jun 03 2005;7,46
Jun 02 2005;7,50
Jun 01 2005;7,47
May 31 2005;7,40
May 30 2005;7,25
May 27 2005;7,29
May 26 2005;7,13
May 25 2005;7,19
May 24 2005;7,00
May 23 2005;6,95
May 20 2005;6,94
May 19 2005;7,11
May 18 2005;7,20
May 17 2005;7,02
May 16 2005;6,94
May 13 2005;6,93
May 12 2005;6,94
May 11 2005;7,06
May 10 2005;7,10
May 09 2005;7,06
May 06 2005;6,93
May 05 2005;7,04
May 04 2005;6,98
May 03 2005;6,88
May 02 2005;6,83
Apr 29 2005;6,90
Apr 28 2005;6,95
Apr 27 2005;7,11
Apr 26 2005;7,25
Apr 25 2005;7,25
Apr 22 2005;7,27
Apr 21 2005;7,21
Apr 20 2005;7,31
Apr 19 2005;7,23
Apr 18 2005;7,01
Apr 15 2005;7,00
Apr 14 2005;7,04
Apr 13 2005;7,20
Apr 12 2005;7,16
Apr 11 2005;7,23
Apr 08 2005;7,14
Apr 07 2005;7,04
Apr 06 2005;7,10
Apr 05 2005;7,04
Apr 04 2005;7,03
Apr 01 2005;6,97
Mar 31 2005;7,15
Mar 30 2005;7,12
Mar 29 2005;6,97
Mar 28 2005;6,88
Mar 25 2005;6,94
Mar 24 2005;6,92
Mar 23 2005;6,95
Mar 22 2005;6,95
Mar 21 2005;7,09
Mar 18 2005;7,37
Mar 17 2005;7,37
Mar 16 2005;7,42
Mar 15 2005;7,38
Mar 14 2005;7,38
Mar 11 2005;7,53
Mar 10 2005;7,50
Mar 09 2005;7,56
Mar 08 2005;7,50
Mar 07 2005;7,35
Mar 04 2005;7,33
Mar 03 2005;7,22
Mar 02 2005;7,29
Mar 01 2005;7,21
Feb 28 2005;7,32
Feb 25 2005;7,25
Feb 24 2005;7,35
Feb 23 2005;7,43
Feb 22 2005;7,52
Feb 21 2005;7,39
Feb 18 2005;7,42
Feb 17 2005;7,33
Feb 16 2005;7,21
Feb 15 2005;7,32
Feb 14 2005;7,29
Feb 11 2005;7,19
Feb 10 2005;6,95
Feb 09 2005;6,57
Feb 08 2005;6,54
Feb 07 2005;6,54
Feb 04 2005;6,62
Feb 03 2005;6,67
Feb 02 2005;6,75
Feb 01 2005;6,71
Jan 31 2005;6,73
Jan 28 2005;6,78
Jan 27 2005;6,79
Jan 26 2005;6,79
Jan 25 2005;6,67
Jan 24 2005;6,85
Jan 21 2005;6,78
Jan 20 2005;6,54
Jan 19 2005;6,61
Jan 18 2005;6,62
Jan 17 2005;6,58
Jan 14 2005;6,58
Jan 13 2005;6,75
Jan 12 2005;6,71
Jan 11 2005;6,62
Jan 10 2005;6,43
Jan 07 2005;6,42
Jan 06 2005;6,44
Jan 05 2005;6,53
Jan 04 2005;6,43
Jan 03 2005;6,48
Dec 31 2004;6,80
Dec 30 2004;6,80
Dec 29 2004;6,81
Dec 28 2004;7,00
Dec 27 2004;6,97
Dec 24 2004;6,92
Dec 23 2004;6,88
Dec 22 2004;6,81
Dec 21 2004;6,88
Dec 20 2004;6,82
Dec 17 2004;6,75
Dec 16 2004;6,68
Dec 15 2004;6,82
Dec 14 2004;6,72
Dec 13 2004;6,80
Dec 10 2004;6,69
Dec 09 2004;6,76
Dec 08 2004;7,10
Dec 07 2004;7,83
Dec 06 2004;7,90
Dec 03 2004;8,00
Dec 02 2004;7,89
Dec 01 2004;8,00
Nov 30 2004;7,70
Nov 29 2004;7,79
Nov 26 2004;7,69
Nov 25 2004;7,65
Nov 24 2004;7,60
Nov 23 2004;7,53
Nov 22 2004;7,54
Nov 19 2004;7,57
Nov 18 2004;7,54
Nov 17 2004;7,64
Nov 16 2004;7,54
Nov 15 2004;7,54
Nov 12 2004;7,58
Nov 11 2004;7,45
Nov 10 2004;7,39
Nov 09 2004;7,50
Nov 08 2004;7,45
Nov 05 2004;7,47
Nov 04 2004;7,33
Nov 03 2004;7,20
Nov 02 2004;7,02
Nov 01 2004;7,29
Oct 29 2004;7,28
Oct 28 2004;7,12
Oct 27 2004;7,17
Oct 26 2004;7,32
Oct 25 2004;7,35
Oct 22 2004;7,29
Oct 21 2004;7,26
Oct 20 2004;7,29
Oct 19 2004;7,16
Oct 18 2004;6,96
Oct 15 2004;7,05
Oct 14 2004;7,05
Oct 13 2004;6,98
Oct 12 2004;6,97
Oct 11 2004;7,22
Oct 08 2004;7,27
Oct 07 2004;7,18
Oct 06 2004;7,19
Oct 05 2004;7,06
Oct 04 2004;6,73
Oct 01 2004;6,90
Sep 30 2004;6,89
Sep 29 2004;6,67
Sep 28 2004;6,59
Sep 27 2004;6,50
Sep 24 2004;6,39
Sep 23 2004;6,40
Sep 22 2004;6,33
Sep 21 2004;6,36
Sep 20 2004;6,25
Sep 17 2004;6,23
Sep 16 2004;6,27
Sep 15 2004;6,25
Sep 14 2004;6,20
Sep 13 2004;6,19
Sep 10 2004;6,12
Sep 09 2004;6,17
Sep 08 2004;6,18
Sep 07 2004;6,21
Sep 06 2004;6,52
Sep 03 2004;6,55
Sep 02 2004;6,75
Sep 01 2004;6,78
Aug 31 2004;6,75
Aug 30 2004;6,71
Aug 27 2004;6,56
Aug 26 2004;6,67
Aug 25 2004;6,61
Aug 24 2004;6,55
Aug 23 2004;6,70
Aug 20 2004;6,86
Aug 19 2004;6,81
Aug 18 2004;6,83
Aug 17 2004;6,71
Aug 16 2004;6,71
Aug 13 2004;6,61
Aug 12 2004;6,53
Aug 11 2004;6,52
Aug 10 2004;6,68
Aug 09 2004;6,71
Aug 06 2004;6,75
Aug 05 2004;6,75
Aug 04 2004;6,69
Aug 03 2004;6,66
Aug 02 2004;6,59
Jul 30 2004;6,54
Jul 29 2004;6,31
Jul 28 2004;6,36
Jul 27 2004;6,23
Jul 26 2004;6,21
Jul 23 2004;6,31
Jul 22 2004;6,38
Jul 21 2004;6,38
Jul 20 2004;6,55
Jul 19 2004;6,61
Jul 16 2004;6,70
Jul 15 2004;6,65
Jul 14 2004;6,61
Jul 13 2004;6,38
Jul 12 2004;6,50
Jul 09 2004;6,45
Jul 08 2004;6,39
Jul 07 2004;6,12
Jul 06 2004;5,96
Jul 05 2004;6,00
Jul 02 2004;6,00
Jul 01 2004;5,94
Jun 30 2004;5,83
Jun 29 2004;5,86
Jun 28 2004;5,94
Jun 25 2004;6,13
Jun 24 2004;6,15
Jun 23 2004;5,87
Jun 22 2004;5,87
Jun 21 2004;5,85
Jun 18 2004;5,98
Jun 17 2004;5,92
Jun 16 2004;5,72
Jun 15 2004;5,73
Jun 14 2004;5,66
Jun 11 2004;5,70
Jun 10 2004;5,74
Jun 09 2004;5,63
Jun 08 2004;5,78
Jun 07 2004;5,89
Jun 04 2004;5,80
Jun 03 2004;5,73
Jun 02 2004;5,82
Jun 01 2004;6,05
May 31 2004;6,17
May 28 2004;6,11
May 27 2004;6,21
May 26 2004;6,06
May 25 2004;6,07
May 24 2004;5,99
May 21 2004;5,85
May 20 2004;5,82
May 19 2004;5,92
May 18 2004;5,68
May 17 2004;5,70
May 14 2004;5,73
May 13 2004;5,61
May 12 2004;5,55
May 11 2004;5,56
May 10 2004;5,79
May 07 2004;5,59
May 06 2004;5,81
May 05 2004;6,12
May 04 2004;6,06
May 03 2004;6,02
Apr 30 2004;6,04
Apr 29 2004;5,87
Apr 28 2004;5,86
Apr 27 2004;6,27
Apr 26 2004;6,21
Apr 23 2004;6,17
Apr 22 2004;6,12
Apr 21 2004;6,28
Apr 20 2004;6,81
Apr 19 2004;7,20
Apr 16 2004;7,13
Apr 15 2004;7,12
Apr 14 2004;7,05
Apr 13 2004;7,43
Apr 12 2004;8,01
Apr 09 2004;8,14
Apr 08 2004;8,08
Apr 07 2004;8,19
Apr 06 2004;8,23
Apr 05 2004;8,11
Apr 02 2004;8,12
Apr 01 2004;8,12
Mar 31 2004;7,92
Mar 30 2004;7,75
Mar 29 2004;7,61
Mar 26 2004;7,71
Mar 25 2004;7,59
Mar 24 2004;7,62
Mar 23 2004;7,68
Mar 22 2004;7,61
Mar 19 2004;7,55
Mar 18 2004;7,45
Mar 17 2004;7,26
Mar 16 2004;7,16
Mar 15 2004;7,12
Mar 12 2004;7,04
Mar 11 2004;7,19
Mar 10 2004;7,13
Mar 09 2004;7,11
Mar 08 2004;6,98
Mar 05 2004;6,96
Mar 04 2004;6,75
Mar 03 2004;6,76
Mar 02 2004;6,71
Mar 01 2004;6,93
Feb 27 2004;6,69
Feb 26 2004;6,72
Feb 25 2004;6,53
Feb 24 2004;6,60
Feb 23 2004;6,47
Feb 20 2004;6,53
Feb 19 2004;6,67
Feb 18 2004;6,63
Feb 17 2004;6,76
Feb 16 2004;6,57
Feb 13 2004;6,56
Feb 12 2004;6,59
Feb 11 2004;6,56
Feb 10 2004;6,39
Feb 09 2004;6,41
Feb 06 2004;6,26
Feb 05 2004;6,11
Feb 04 2004;6,14
Feb 03 2004;6,11
Feb 02 2004;6,03
Jan 30 2004;6,23
Jan 29 2004;6,25
Jan 28 2004;6,52
Jan 27 2004;6,54
Jan 26 2004;6,26
Jan 23 2004;6,36
Jan 22 2004;6,34
Jan 21 2004;6,20
Jan 20 2004;6,32
Jan 19 2004;6,34
Jan 16 2004;6,28
Jan 15 2004;6,21
Jan 14 2004;6,35
Jan 13 2004;6,56
Jan 12 2004;6,57
Jan 09 2004;6,46
Jan 08 2004;6,19
Jan 07 2004;6,21
Jan 06 2004;6,30
Jan 05 2004;6,22
Jan 02 2004;5,97
Dec 31 2003;5,94
Dec 30 2003;5,97
Dec 29 2003;5,92
Dec 26 2003;5,77
Dec 25 2003;5,77
Dec 24 2003;5,77
Dec 23 2003;5,72
Dec 22 2003;5,69
Dec 19 2003;5,70
Dec 18 2003;5,71
Dec 17 2003;5,69
Dec 16 2003;5,61
Dec 15 2003;5,64
Dec 12 2003;5,61
Dec 11 2003;5,58
Dec 10 2003;5,58
Dec 09 2003;5,63
Dec 08 2003;5,55
Dec 05 2003;5,46
Dec 04 2003;5,45
Dec 03 2003;5,46
Dec 02 2003;5,49
Dec 01 2003;5,47
Nov 28 2003;5,35
Nov 27 2003;5,32
Nov 26 2003;5,35
Nov 25 2003;5,29
Nov 24 2003;5,24
Nov 21 2003;5,28
Nov 20 2003;5,26
Nov 19 2003;5,27
Nov 18 2003;5,37
Nov 17 2003;5,24
Nov 14 2003;5,39
Nov 13 2003;5,28
Nov 12 2003;5,31
Nov 11 2003;5,06
Nov 10 2003;5,08
Nov 07 2003;5,05
Nov 06 2003;4,95
Nov 05 2003;4,97
Nov 04 2003;5,04
Nov 03 2003;4,93
Oct 31 2003;5,05
Oct 30 2003;5,12
Oct 29 2003;5,13
Oct 28 2003;5,09
Oct 27 2003;5,18
Oct 24 2003;5,15
Oct 23 2003;5,15
Oct 22 2003;5,12
Oct 21 2003;5,05
Oct 20 2003;4,99
Oct 17 2003;4,93
Oct 16 2003;4,90
Oct 15 2003;4,93
Oct 14 2003;4,91
Oct 13 2003;4,96
Oct 10 2003;4,90
Oct 09 2003;4,84
Oct 08 2003;4,87
Oct 07 2003;4,85
Oct 06 2003;4,79
Oct 03 2003;4,81
Oct 02 2003;5,08
Oct 01 2003;5,09
Sep 30 2003;5,12
Sep 29 2003;5,06
Sep 26 2003;5,11
Sep 25 2003;5,20
Sep 24 2003;5,30
Sep 23 2003;5,20
Sep 22 2003;5,25
Sep 19 2003;5,25
Sep 18 2003;5,23
Sep 17 2003;5,27
Sep 16 2003;5,19
Sep 15 2003;5,17
Sep 12 2003;5,19
Sep 11 2003;5,32
Sep 10 2003;5,25
Sep 09 2003;5,25
Sep 08 2003;5,08
Sep 05 2003;5,11
Sep 04 2003;5,02
Sep 03 2003;5,06
Sep 02 2003;4,98
Sep 01 2003;5,15
Aug 29 2003;5,10
Aug 28 2003;5,12
Aug 27 2003;5,12
Aug 26 2003;4,99
Aug 25 2003;4,98
Aug 22 2003;4,99
Aug 21 2003;4,95
Aug 20 2003;5,02
Aug 19 2003;4,99
Aug 18 2003;4,93
Aug 15 2003;4,92
Aug 14 2003;5,02
Aug 13 2003;4,98
Aug 12 2003;4,87
Aug 11 2003;4,99
Aug 08 2003;4,99
Aug 07 2003;5,03
Aug 06 2003;4,97
Aug 05 2003;4,95
Aug 04 2003;5,01
Aug 01 2003;5,09
Jul 31 2003;5,14
Jul 30 2003;5,07
Jul 29 2003;5,15
Jul 28 2003;5,17
Jul 25 2003;5,07
Jul 24 2003;5,09
Jul 23 2003;5,05
Jul 22 2003;4,79
Jul 21 2003;4,75
Jul 18 2003;4,71
Jul 17 2003;4,67
Jul 16 2003;4,66
Jul 15 2003;4,65
Jul 14 2003;4,78
Jul 11 2003;4,79
Jul 10 2003;4,81
Jul 09 2003;4,81
Jul 08 2003;4,74
Jul 07 2003;4,73
Jul 04 2003;4,66
Jul 03 2003;4,68
Jul 02 2003;4,64
Jul 01 2003;4,57
Jun 30 2003;4,56
Jun 27 2003;4,51
Jun 26 2003;4,53
Jun 25 2003;4,56
Jun 24 2003;4,52
Jun 23 2003;4,56
Jun 20 2003;4,55
Jun 19 2003;4,58
Jun 18 2003;4,57
Jun 17 2003;4,62
Jun 16 2003;4,61
Jun 13 2003;4,58
Jun 12 2003;4,51
Jun 11 2003;4,50
Jun 10 2003;4,48
Jun 09 2003;4,52
Jun 06 2003;4,54
Jun 05 2003;4,50
Jun 04 2003;4,48
Jun 03 2003;4,51
Jun 02 2003;4,51
May 30 2003;4,53
May 29 2003;4,57
May 28 2003;4,64
May 27 2003;4,61
May 26 2003;4,67
May 23 2003;4,64
May 22 2003;4,65
May 21 2003;4,72
May 20 2003;4,77
May 19 2003;4,83
May 16 2003;4,78
May 15 2003;4,76
May 14 2003;4,86
May 13 2003;4,82
May 12 2003;4,85
May 09 2003;4,78
May 08 2003;4,79
May 07 2003;4,74
May 06 2003;4,80
May 05 2003;4,81
May 02 2003;4,78
May 01 2003;4,75
Apr 30 2003;4,65
Apr 29 2003;4,57
Apr 28 2003;4,59
Apr 25 2003;4,62
Apr 24 2003;4,64
Apr 23 2003;4,62
Apr 22 2003;4,58
Apr 21 2003;4,55
Apr 18 2003;4,48
Apr 17 2003;4,48
Apr 16 2003;4,50
Apr 15 2003;4,52
Apr 14 2003;4,54
Apr 11 2003;4,50
Apr 10 2003;4,49
Apr 09 2003;4,49
Apr 08 2003;4,48
Apr 07 2003;4,43
Apr 04 2003;4,42
Apr 03 2003;4,42
Apr 02 2003;4,40
Apr 01 2003;4,44
Mar 31 2003;4,47
Mar 28 2003;4,44
Mar 27 2003;4,39
Mar 26 2003;4,40
Mar 25 2003;4,39
Mar 24 2003;4,37
Mar 21 2003;4,35
Mar 20 2003;4,41
Mar 19 2003;4,43
Mar 18 2003;4,48
Mar 17 2003;4,46
Mar 14 2003;4,54
Mar 13 2003;4,54
Mar 12 2003;4,63
Mar 11 2003;4,68
Mar 10 2003;4,68
Mar 07 2003;4,69
Mar 06 2003;4,67
Mar 05 2003;4,64
Mar 04 2003;4,67
Mar 03 2003;4,66
Feb 28 2003;4,60
Feb 27 2003;4,57
Feb 26 2003;4,66
Feb 25 2003;4,65
Feb 24 2003;4,72
Feb 21 2003;4,67
Feb 20 2003;4,66
Feb 19 2003;4,63
Feb 18 2003;4,56
Feb 17 2003;4,50
Feb 14 2003;4,53
Feb 13 2003;4,54
Feb 12 2003;4,50
Feb 11 2003;4,58
Feb 10 2003;4,60
Feb 07 2003;4,64
Feb 06 2003;4,68
Feb 05 2003;4,74
Feb 04 2003;4,92
Feb 03 2003;4,84
Jan 31 2003;4,84
Jan 30 2003;4,88
Jan 29 2003;4,81
Jan 28 2003;4,87
Jan 27 2003;4,83
Jan 24 2003;4,88
Jan 23 2003;4,78
Jan 22 2003;4,84
Jan 21 2003;4,82
Jan 20 2003;4,80
Jan 17 2003;4,80
Jan 16 2003;4,83
Jan 15 2003;4,76
Jan 14 2003;4,76
Jan 13 2003;4,83
Jan 10 2003;4,86
Jan 09 2003;4,83
Jan 08 2003;4,85
Jan 07 2003;4,80
Jan 06 2003;4,90
Jan 03 2003;4,87
Jan 02 2003;4,81
Dec 31 2002;4,77
Dec 30 2002;4,66
Dec 27 2002;4,71
Dec 26 2002;4,71
Dec 25 2002;4,65
Dec 24 2002;4,65
Dec 23 2002;4,66
Dec 20 2002;4,63
Dec 19 2002;4,71
Dec 18 2002;4,71
Dec 17 2002;4,63
Dec 16 2002;4,71
Dec 13 2002;4,70
Dec 12 2002;4,73
Dec 11 2002;4,63
Dec 10 2002;4,61
Dec 09 2002;4,61
Dec 06 2002;4,64
Dec 05 2002;4,63
Dec 04 2002;4,57
Dec 03 2002;4,54
Dec 02 2002;4,44
Nov 29 2002;4,44
Nov 28 2002;4,43
Nov 27 2002;4,43
Nov 26 2002;4,44
Nov 25 2002;4,48
Nov 22 2002;4,54
Nov 21 2002;4,47
Nov 20 2002;4,54
Nov 19 2002;4,55
Nov 18 2002;4,54
Nov 15 2002;4,57
Nov 14 2002;4,56
Nov 13 2002;4,56
Nov 12 2002;4,60
Nov 11 2002;4,57
Nov 08 2002;4,53
Nov 07 2002;4,55
Nov 06 2002;4,50
Nov 05 2002;4,50
Nov 04 2002;4,49
Nov 01 2002;4,49
Oct 31 2002;4,51
Oct 30 2002;4,49
Oct 29 2002;4,51
Oct 28 2002;4,41
Oct 25 2002;4,41
Oct 24 2002;4,37
Oct 23 2002;4,41
Oct 22 2002;4,42
Oct 21 2002;4,35
Oct 18 2002;4,36
Oct 17 2002;4,35
Oct 16 2002;4,37
Oct 15 2002;4,32
Oct 14 2002;4,31
Oct 11 2002;4,32
Oct 10 2002;4,28
Oct 09 2002;4,36
Oct 08 2002;4,38
Oct 07 2002;4,45
Oct 04 2002;4,49
Oct 03 2002;4,48
Oct 02 2002;4,50
Oct 01 2002;4,48
Sep 30 2002;4,53
Sep 27 2002;4,49
Sep 26 2002;4,52
Sep 25 2002;4,59
Sep 24 2002;4,65
Sep 23 2002;4,62
Sep 20 2002;4,64
Sep 19 2002;4,66
Sep 18 2002;4,62
Sep 17 2002;4,58
Sep 16 2002;4,56
Sep 13 2002;4,55
Sep 12 2002;4,60
Sep 11 2002;4,56
Sep 10 2002;4,56
Sep 09 2002;4,58
Sep 06 2002;4,52
Sep 05 2002;4,54
Sep 04 2002;4,48
Sep 03 2002;4,48
Sep 02 2002;4,48
Aug 30 2002;4,46
Aug 29 2002;4,55
Aug 28 2002;4,51
Aug 27 2002;4,51
Aug 26 2002;4,45
Aug 23 2002;4,42
Aug 22 2002;4,47
Aug 21 2002;4,43
Aug 20 2002;4,45
Aug 19 2002;4,41
Aug 16 2002;4,50
Aug 15 2002;4,49
Aug 14 2002;4,47
Aug 13 2002;4,60
Aug 12 2002;4,60
Aug 09 2002;4,67
Aug 08 2002;4,64
Aug 07 2002;4,67
Aug 06 2002;4,62
Aug 05 2002;4,63
Aug 02 2002;4,60
Aug 01 2002;4,58
Jul 31 2002;4,60
Jul 30 2002;4,66
Jul 29 2002;4,63
Jul 26 2002;4,67
Jul 25 2002;4,85
Jul 24 2002;4,84
Jul 23 2002;4,88
Jul 22 2002;5,02
Jul 19 2002;5,05
Jul 18 2002;4,98
Jul 17 2002;4,98
Jul 16 2002;5,02
Jul 15 2002;5,07
Jul 12 2002;5,04
Jul 11 2002;5,05
Jul 10 2002;5,05
Jul 09 2002;5,05
Jul 08 2002;4,97
Jul 05 2002;4,93
Jul 04 2002;4,91
Jul 03 2002;4,94
Jul 02 2002;4,94
Jul 01 2002;4,87
Jun 28 2002;4,83
Jun 27 2002;4,86
Jun 26 2002;4,84
Jun 25 2002;4,84
Jun 24 2002;4,86
Jun 21 2002;4,85
Jun 20 2002;4,88
Jun 19 2002;4,87
Jun 18 2002;4,86
Jun 17 2002;4,82
Jun 14 2002;4,86
Jun 13 2002;4,84
Jun 12 2002;4,90
Jun 11 2002;4,90
Jun 10 2002;4,92
Jun 07 2002;4,97
Jun 06 2002;4,99
Jun 05 2002;4,94
Jun 04 2002;5,07
Jun 03 2002;5,08
May 31 2002;5,01
May 30 2002;4,96
May 29 2002;4,93
May 28 2002;4,87
May 27 2002;4,80
May 24 2002;4,87
May 23 2002;4,89
May 22 2002;4,83
May 21 2002;4,83
May 20 2002;4,78
May 17 2002;4,67
May 16 2002;4,64
May 15 2002;4,64
May 14 2002;4,61
May 13 2002;4,62
May 10 2002;4,67
May 09 2002;4,63
May 08 2002;4,59
May 07 2002;4,63
May 06 2002;4,62
May 03 2002;4,61
May 02 2002;4,55
May 01 2002;4,54
Apr 30 2002;4,54
Apr 29 2002;4,63
Apr 26 2002;4,65
Apr 25 2002;4,62
Apr 24 2002;4,57
Apr 23 2002;4,58
Apr 22 2002;4,56
Apr 19 2002;4,50
Apr 18 2002;4,51
Apr 17 2002;4,46
Apr 16 2002;4,42
Apr 15 2002;4,47
Apr 12 2002;4,59
Apr 11 2002;4,58
Apr 10 2002;4,62
Apr 09 2002;4,55
Apr 08 2002;4,57
Apr 05 2002;4,58
Apr 04 2002;4,63
Apr 03 2002;4,66
Apr 02 2002;4,74
Apr 01 2002;4,69
Mar 29 2002;4,64
Mar 28 2002;4,64
Mar 27 2002;4,68
Mar 26 2002;4,60
Mar 25 2002;4,58
Mar 22 2002;4,54
Mar 21 2002;4,51
Mar 20 2002;4,53
Mar 19 2002;4,53
Mar 18 2002;4,50
Mar 15 2002;4,49
Mar 14 2002;4,50
Mar 13 2002;4,53
Mar 12 2002;4,50
Mar 11 2002;4,49
Mar 08 2002;4,51
Mar 07 2002;4,47
Mar 06 2002;4,53
Mar 05 2002;4,56
Mar 04 2002;4,61
Mar 01 2002;4,57
Feb 28 2002;4,51
Feb 27 2002;4,46
Feb 26 2002;4,44
Feb 25 2002;4,39
Feb 22 2002;4,41
Feb 21 2002;4,44
Feb 20 2002;4,43
Feb 19 2002;4,49
Feb 18 2002;4,53
Feb 15 2002;4,56
Feb 14 2002;4,56
Feb 13 2002;4,52
Feb 12 2002;4,48
Feb 11 2002;4,42
Feb 08 2002;4,46
Feb 07 2002;4,38
Feb 06 2002;4,38
Feb 05 2002;4,42
Feb 04 2002;4,30
Feb 01 2002;4,32
Jan 31 2002;4,24
Jan 30 2002;4,30
Jan 29 2002;4,31
Jan 28 2002;4,27
Jan 25 2002;4,32
Jan 24 2002;4,29
Jan 23 2002;4,28
Jan 22 2002;4,31
Jan 21 2002;4,34
Jan 18 2002;4,38
Jan 17 2002;4,50
Jan 16 2002;4,62
Jan 15 2002;4,62
Jan 14 2002;4,56
Jan 11 2002;4,76
Jan 10 2002;4,77
Jan 09 2002;4,81
Jan 08 2002;4,73
Jan 07 2002;4,75
Jan 04 2002;4,70
Jan 03 2002;4,65
Jan 02 2002;4,58
Dec 31 2001;4,62
Dec 28 2001;4,54
Dec 27 2001;4,54
Dec 26 2001;4,56
Dec 25 2001;4,54
Dec 24 2001;4,54
Dec 21 2001;4,53
Dec 20 2001;4,46
Dec 19 2001;4,37
Dec 18 2001;4,47
Dec 17 2001;4,41
Dec 14 2001;4,42
Dec 13 2001;4,31
Dec 12 2001;4,28
Dec 11 2001;4,30
Dec 10 2001;4,26
Dec 07 2001;4,29
Dec 06 2001;4,24
Dec 05 2001;4,22
Dec 04 2001;4,17
Dec 03 2001;4,24
Nov 30 2001;4,17
Nov 29 2001;4,11
Nov 28 2001;4,15
Nov 27 2001;4,07
Nov 26 2001;4,06
Nov 23 2001;4,10
Nov 22 2001;4,06
Nov 21 2001;4,06
Nov 20 2001;4,09
Nov 19 2001;4,08
Nov 16 2001;4,12
Nov 15 2001;4,14
Nov 14 2001;4,17
Nov 13 2001;4,16
Nov 12 2001;4,15
Nov 09 2001;4,10
Nov 08 2001;4,10
Nov 07 2001;4,16
Nov 06 2001;4,15
Nov 05 2001;4,12
Nov 02 2001;4,14
Nov 01 2001;4,22
Oct 31 2001;4,22
Oct 30 2001;4,26
Oct 29 2001;4,24
Oct 26 2001;4,21
Oct 25 2001;4,21
Oct 24 2001;4,21
Oct 23 2001;4,23
Oct 22 2001;4,23
Oct 19 2001;4,26
Oct 18 2001;4,26
Oct 17 2001;4,36
Oct 16 2001;4,35
Oct 15 2001;4,39
Oct 12 2001;4,46
Oct 11 2001;4,42
Oct 10 2001;4,42
Oct 09 2001;4,52
Oct 08 2001;4,64
Oct 05 2001;4,67
Oct 04 2001;4,64
Oct 03 2001;4,60
Oct 02 2001;4,61
Oct 01 2001;4,65
Sep 28 2001;4,64
Sep 27 2001;4,59
Sep 26 2001;4,59
Sep 25 2001;4,52
Sep 24 2001;4,57
Sep 21 2001;4,60
Sep 20 2001;4,52
Sep 19 2001;4,69
Sep 18 2001;4,44
Sep 17 2001;4,38
Sep 14 2001;4,29
Sep 13 2001;4,22
Sep 12 2001;4,23
Sep 11 2001;4,30
Sep 10 2001;4,18
Sep 07 2001;4,17
Sep 06 2001;4,17
Sep 05 2001;4,18
Sep 04 2001;4,18
Sep 03 2001;4,20
Aug 31 2001;4,20
Aug 30 2001;4,18
Aug 29 2001;4,20
Aug 28 2001;4,20
Aug 27 2001;4,21
Aug 24 2001;4,20
Aug 23 2001;4,23
Aug 22 2001;4,22
Aug 21 2001;4,21
Aug 20 2001;4,16
Aug 17 2001;4,28
Aug 16 2001;4,22
Aug 15 2001;4,17
Aug 14 2001;4,22
Aug 13 2001;4,16
Aug 10 2001;4,15
Aug 09 2001;4,22
Aug 08 2001;4,17
Aug 07 2001;4,19
Aug 06 2001;4,21
Aug 03 2001;4,24
Aug 02 2001;4,25
Aug 01 2001;4,24
Jul 31 2001;4,24
Jul 30 2001;4,21
Jul 27 2001;4,23
Jul 26 2001;4,25
Jul 25 2001;4,23
Jul 24 2001;4,26
Jul 23 2001;4,26
Jul 20 2001;4,24
Jul 19 2001;4,24
Jul 18 2001;4,28
Jul 17 2001;4,25
Jul 16 2001;4,21
Jul 13 2001;4,32
Jul 12 2001;4,27
Jul 11 2001;4,25
Jul 10 2001;4,26
Jul 09 2001;4,24
Jul 06 2001;4,27
Jul 05 2001;4,23
Jul 04 2001;4,28
Jul 03 2001;4,27
Jul 02 2001;4,29
Jun 29 2001;4,31
Jun 28 2001;4,31
Jun 27 2001;4,33
Jun 26 2001;4,37
Jun 25 2001;4,32
Jun 22 2001;4,31
Jun 21 2001;4,34
Jun 20 2001;4,36
Jun 19 2001;4,42
Jun 18 2001;4,44
Jun 15 2001;4,41
Jun 14 2001;4,48
Jun 13 2001;4,42
Jun 12 2001;4,38
Jun 11 2001;4,34
Jun 08 2001;4,38
Jun 07 2001;4,35
Jun 06 2001;4,35
Jun 05 2001;4,35
Jun 04 2001;4,33
Jun 01 2001;4,42
May 31 2001;4,40
May 30 2001;4,44
May 29 2001;4,53
May 28 2001;4,56
May 25 2001;4,56
May 24 2001;4,62
May 23 2001;4,58
May 22 2001;4,56
May 21 2001;4,55
May 18 2001;4,58
May 17 2001;4,48
May 16 2001;4,46
May 15 2001;4,32
May 14 2001;4,35
May 11 2001;4,33
May 10 2001;4,35
May 09 2001;4,41
May 08 2001;4,33
May 07 2001;4,32
May 04 2001;4,35
May 03 2001;4,35
May 02 2001;4,38
May 01 2001;4,37
Apr 30 2001;4,34
Apr 27 2001;4,37
Apr 26 2001;4,39
Apr 25 2001;4,38
Apr 24 2001;4,45
Apr 23 2001;4,46
Apr 20 2001;4,45
Apr 19 2001;4,45
Apr 18 2001;4,39
Apr 17 2001;4,38
Apr 16 2001;4,45
Apr 13 2001;4,38
Apr 12 2001;4,38
Apr 11 2001;4,38
Apr 10 2001;4,33
Apr 09 2001;4,33
Apr 06 2001;4,35
Apr 05 2001;4,36
Apr 04 2001;4,35
Apr 03 2001;4,31
Apr 02 2001;4,33
Mar 30 2001;4,30
Mar 29 2001;4,33
Mar 28 2001;4,38
Mar 27 2001;4,44
Mar 26 2001;4,38
Mar 23 2001;4,36
Mar 22 2001;4,36
Mar 21 2001;4,34
Mar 20 2001;4,35
Mar 19 2001;4,33
Mar 16 2001;4,31
Mar 15 2001;4,36
Mar 14 2001;4,46
Mar 13 2001;4,44
Mar 12 2001;4,43
Mar 09 2001;4,51
Mar 08 2001;4,51
Mar 07 2001;4,45
Mar 06 2001;4,43
Mar 05 2001;4,43
Mar 02 2001;4,42
Mar 01 2001;4,41
Feb 28 2001;4,48
Feb 27 2001;4,43
Feb 26 2001;4,45
Feb 23 2001;4,44
Feb 22 2001;4,43
Feb 21 2001;4,42
Feb 20 2001;4,43
Feb 19 2001;4,51
Feb 16 2001;4,49
Feb 15 2001;4,53
Feb 14 2001;4,52
Feb 13 2001;4,56
Feb 12 2001;4,56
Feb 09 2001;4,55
Feb 08 2001;4,56
Feb 07 2001;4,62
Feb 06 2001;4,66
Feb 05 2001;4,69
Feb 02 2001;4,77
Feb 01 2001;4,79
Jan 31 2001;4,79
Jan 30 2001;4,81
Jan 29 2001;4,81
Jan 26 2001;4,81
Jan 25 2001;4,80
Jan 24 2001;4,77
Jan 23 2001;4,79
Jan 22 2001;4,79
Jan 19 2001;4,76
Jan 18 2001;4,80
Jan 17 2001;4,72
Jan 16 2001;4,68
Jan 15 2001;4,61
Jan 12 2001;4,63
Jan 11 2001;4,57
Jan 10 2001;4,55
Jan 09 2001;4,57
Jan 08 2001;4,57
Jan 05 2001;4,57
Jan 04 2001;4,54
Jan 03 2001;4,51
Jan 02 2001;4,57