,Date,IDR,USD,Euro,GBP,RMB,IHSG,Hang Seng,NASDAQ
0,Nov 06 2014,13900300.0,1145.0,920.68,720.01,6998.58,5034.23,23649.31,4638.47
1,Nov 07 2014,14054305.75,1154.5,930.0,728.69,7068.89,4987.42,23550.24,4632.53
2,Nov 10 2014,14121205.0,1162.0,933.82,732.2,7110.97,4965.39,23744.7,4651.62
3,Nov 11 2014,14115082.5,1156.5,930.67,728.62,7083.79,5032.28,23808.28,4660.56
4,Nov 12 2014,14205153.25,1164.5,933.32,735.65,7133.96,5048.84,23938.18,4675.14
5,Nov 13 2014,14176254.38,1161.75,931.3,738.3,7115.49,5048.67,24019.94,4680.14
6,Nov 14 2014,14274659.0,1169.0,936.74,747.13,7166.79,5049.49,24087.38,4688.54
7,Nov 17 2014,14431821.25,1182.5,949.3,755.64,7241.75,5053.94,23797.08,4671.0
8,Nov 18 2014,14491912.5,1192.75,951.8,762.41,7301.18,5102.47,23529.17,4702.44
9,Nov 19 2014,14528410.0,1196.0,953.71,763.46,7319.28,5127.93,23373.31,4675.71
10,Nov 20 2014,14488250.0,1190.0,948.93,757.89,7288.15,5093.57,23349.64,4701.87
11,Nov 21 2014,14623756.88,1203.75,969.75,767.8,7372.85,5112.05,23437.12,4712.97
12,Nov 25 2014,14584636.0,1199.0,960.31,762.48,7357.66,5118.94,23843.91,4758.25
13,Nov 26 2014,14579562.5,1197.5,955.82,758.22,7351.33,5133.04,24111.98,4787.32
14,Nov 28 2014,14434281.0,1182.75,948.74,755.24,7268.0,5149.89,23987.45,4791.63
15,Dec 01 2014,14653365.0,1194.0,957.0,759.45,7345.49,5164.29,23367.45,4727.35
16,Dec 02 2014,14662650.0,1195.0,963.52,763.46,7349.61,5175.79,23654.3,4755.81
17,Dec 03 2014,14816617.88,1204.75,977.76,766.77,7409.21,5166.04,23428.62,4774.47
18,Dec 04 2014,14879767.5,1209.0,972.1,770.04,7440.91,5177.16,23832.56,4769.44
19,Dec 05 2014,14684409.0,1194.0,970.97,765.75,7343.34,5187.99,24002.64,4780.76
20,Dec 08 2014,14731760.5,1193.0,970.59,763.74,7364.03,5144.01,24047.67,4740.69
21,Dec 09 2014,15128296.5,1227.0,987.64,782.1,7589.61,5122.31,23485.83,4766.47
22,Dec 10 2014,15161558.5,1229.0,989.81,783.13,7591.29,5165.41,23524.52,4684.02
23,Dec 11 2014,15018863.13,1216.25,982.23,774.88,7526.88,5152.69,23312.54,4708.16
24,Dec 12 2014,15160777.5,1217.0,976.57,775.21,7529.46,5160.43,23249.2,4653.6
25,Dec 15 2014,15354451.88,1209.25,973.44,774.39,7486.71,5108.43,23027.85,4605.16
26,Dec 16 2014,15247700.0,1202.5,961.27,764.49,7443.84,5026.03,22670.5,4547.83
27,Dec 17 2014,15135205.63,1195.75,964.74,764.3,7410.66,5035.65,22585.84,4644.31
28,Dec 18 2014,15062437.5,1199.0,976.42,766.8,7453.34,5113.35,22832.21,4748.4
29,Dec 19 2014,14931795.0,1195.5,974.84,764.58,7436.25,5144.62,23116.63,4765.38
30,Dec 22 2014,14867714.75,1195.25,975.12,764.81,7436.37,5125.77,23408.57,4781.42
31,Dec 24 2014,14658663.13,1175.75,964.56,756.11,7308.81,5166.98,23349.34,4773.47
32,Dec 29 2014,14755918.5,1185.5,973.28,763.39,7375.94,5178.37,23773.18,4806.91
33,Dec 30 2014,15010479.0,1206.0,991.41,775.04,7479.61,5226.95,23501.1,4777.44
34,Jan 05 2015,15153000.0,1200.0,1005.28,787.43,7464.0,5219.99,23721.32,4652.57
35,Jan 06 2015,15318739.38,1210.25,1015.35,797.79,7519.28,5169.06,23485.41,4592.74
36,Jan 07 2015,15419954.25,1210.5,1025.54,803.73,7520.23,5207.12,23681.26,4650.47
37,Jan 08 2015,15415578.75,1215.5,1030.74,806.01,7553.72,5211.83,23835.53,4736.19
38,Jan 09 2015,15406364.13,1217.75,1028.98,803.82,7560.52,5216.66,23919.95,4704.07
39,Jan 13 2015,15513821.25,1231.5,1045.28,811.53,7633.21,5214.36,24215.97,4661.5
40,Jan 14 2015,15577055.0,1235.0,1047.72,811.78,7651.69,5159.67,24112.6,4639.32
41,Jan 15 2015,15813040.0,1259.0,1086.52,830.06,7790.82,5188.71,24350.91,4570.82
42,Jan 16 2015,16080531.25,1277.5,1111.11,845.24,7928.93,5148.38,24103.52,4634.38
43,Jan 20 2015,16217630.0,1288.75,1113.63,848.31,8008.55,5166.09,23951.16,4654.85
44,Jan 21 2015,16142880.0,1293.5,1116.39,855.77,8034.57,5215.27,24352.58,4667.42
45,Jan 22 2015,16180678.13,1295.75,1134.98,858.94,8045.96,5253.18,24522.63,4750.4
46,Jan 23 2015,16148769.38,1294.75,1150.94,861.7,8064.74,5323.89,24850.45,4757.88
47,Jan 26 2015,16028437.5,1281.25,1138.28,851.27,8013.19,5260.02,24909.9,4771.76
48,Jan 27 2015,16075970.25,1288.5,1130.21,847.5,8044.75,5277.15,24807.28,4681.5
49,Jan 28 2015,16081968.0,1288.0,1135.7,848.51,8047.42,5268.85,24861.81,4637.99
50,Jan 29 2015,15945015.63,1268.75,1119.02,841.57,7925.75,5262.72,24595.85,4683.41
51,Jan 30 2015,15964216.88,1260.25,1116.8,839.1,7877.82,5289.4,24507.05,4635.24
52,Feb 02 2015,16141662.5,1272.5,1121.79,846.3,7965.47,5276.24,24484.74,4676.69
53,Feb 03 2015,15997819.5,1264.25,1104.29,836.5,7911.8,5291.72,24554.78,4727.74
54,Feb 04 2015,16014812.5,1268.5,1110.33,833.77,7925.21,5315.28,24679.76,4716.7
55,Feb 05 2015,15907475.63,1259.25,1101.66,823.71,7872.96,5279.9,24765.49,4765.1
56,Feb 06 2015,15654594.5,1241.0,1093.92,812.86,7749.67,5342.52,24679.39,4744.4
57,Feb 09 2015,15663928.75,1238.5,1092.59,812.56,7737.16,5348.47,24521.0,4726.01
58,Feb 10 2015,15641115.0,1234.5,1090.16,809.0,7705.25,5321.47,24528.1,4787.65
59,Feb 12 2015,15641887.5,1222.5,1074.96,795.56,7635.0,5343.41,24422.15,4857.61
60,Feb 13 2015,15760593.75,1232.5,1080.9,800.64,7691.42,5374.16,24682.54,4893.84
61,Feb 17 2015,15444710.25,1209.5,1061.06,788.67,7565.54,5337.5,24784.88,4899.27
62,Feb 18 2015,15488055.0,1206.0,1061.48,780.61,7543.65,5390.45,24832.08,4906.36
63,Feb 23 2015,15459155.25,1204.5,1060.81,779.54,7534.27,5403.28,24836.76,4960.97
64,Feb 24 2015,15380268.75,1192.5,1051.87,771.5,7459.21,5417.31,24750.07,4968.12
65,Feb 25 2015,15509349.13,1204.75,1060.75,777.71,7541.49,5445.11,24778.28,4967.14
66,Feb 26 2015,15510909.38,1208.25,1077.5,784.22,7562.32,5451.42,24902.06,4987.89
67,Feb 27 2015,15690950.0,1214.0,1082.33,785.56,7611.29,5450.29,24823.29,4963.53
68,Mar 02 2015,15723093.75,1212.5,1083.02,789.23,7606.01,5477.83,24887.44,5008.1
69,Mar 03 2015,15723910.13,1212.75,1084.31,788.99,7609.16,5474.62,24702.78,4979.9
70,Mar 04 2015,15572508.75,1199.5,1083.76,785.53,7521.94,5448.06,24465.38,4967.14
71,Mar 05 2015,15613980.0,1202.0,1089.81,789.02,7531.97,5450.95,24193.04,4982.81
72,Mar 06 2015,15254768.38,1175.75,1082.49,780.61,7363.6,5514.79,24164.0,4927.37
73,Mar 09 2015,15248925.0,1168.5,1077.36,774.05,7319.95,5444.63,24123.05,4942.44
74,Mar 10 2015,15212323.0,1162.0,1085.22,770.4,7276.44,5462.93,23896.98,4859.8
75,Mar 11 2015,15169075.0,1150.0,1087.42,769.44,7201.64,5419.57,23717.97,4849.94
76,Mar 12 2015,15189535.63,1152.25,1085.34,773.01,7215.85,5439.83,23797.96,4893.29
77,Mar 13 2015,15200640.0,1152.0,1094.9,780.91,7210.94,5426.47,23823.21,4871.76
78,Mar 16 2015,15238231.5,1150.75,1087.82,777.46,7206.46,5435.27,23949.55,4929.51
79,Mar 17 2015,15155377.5,1150.75,1085.15,780.33,7192.07,5439.15,23901.49,4937.44
80,Mar 18 2015,15109282.5,1147.25,1077.89,781.21,7146.68,5413.15,24120.08,4982.83
81,Mar 19 2015,15198810.0,1166.0,1097.57,791.72,7224.65,5453.85,24468.89,4992.38
82,Mar 20 2015,15517537.68,1183.1,1096.02,792.88,7342.55,5443.06,24375.24,5026.42
83,Mar 23 2015,15444381.88,1186.25,1085.66,794.33,7373.73,5437.1,24494.51,5010.97
84,Mar 24 2015,15376307.5,1191.5,1092.47,801.3,7393.61,5447.65,24399.6,4994.73
85,Mar 25 2015,15526059.7,1195.6,1088.15,801.61,7427.66,5405.49,24528.23,4876.52
86,Mar 26 2015,15662003.85,1203.15,1101.94,810.67,7474.45,5368.8,24497.08,4863.36
87,Mar 27 2015,15622473.75,1195.75,1097.98,803.7,7433.62,5396.85,24486.2,4891.22
88,Mar 30 2015,15500412.5,1185.5,1094.65,800.8,7359.23,5438.66,24855.12,4947.44
89,Mar 31 2015,15520025.0,1187.0,1105.21,799.6,7358.92,5518.68,24900.89,4900.88
90,Apr 01 2015,15611872.5,1197.0,1112.66,807.97,7419.01,5466.87,25082.75,4880.23
91,Apr 02 2015,15583496.25,1198.5,1101.31,808.21,7427.1,5456.4,25275.64,4886.94
92,Apr 08 2015,15639923.75,1207.25,1118.71,809.12,7488.81,5486.58,26236.86,4950.82
93,Apr 09 2015,15413514.88,1194.8,1118.94,810.75,7414.93,5500.9,26944.39,4974.56
94,Apr 10 2015,15592923.36,1207.35,1136.17,823.93,7495.23,5491.34,27272.39,4995.98
95,Apr 13 2015,15567715.23,1198.9,1133.98,818.84,7453.2,5447.41,28016.34,4988.25
96,Apr 14 2015,15508452.38,1194.75,1117.16,807.81,7421.55,5419.11,27561.49,4977.29
97,Apr 15 2015,15389005.19,1192.9,1124.42,807.92,7402.18,5414.55,27618.82,5011.02
98,Apr 16 2015,15483121.72,1204.35,1125.61,808.32,7462.99,5420.73,27739.71,5007.79
99,Apr 17 2015,15463045.62,1203.35,1116.85,804.49,7458.12,5410.64,27653.12,4931.81
100,Apr 20 2015,15422885.0,1196.5,1112.56,802.19,7420.09,5400.8,27094.93,4994.6
101,Apr 21 2015,15485108.97,1195.3,1112.79,800.63,7412.77,5460.57,27850.49,5014.1
102,Apr 22 2015,15341325.0,1189.25,1108.96,790.72,7367.4,5437.12,27933.85,5035.17
103,Apr 23 2015,15361391.25,1185.75,1097.76,787.66,7349.28,5436.21,27827.7,5056.06
104,Apr 24 2015,15283768.5,1183.0,1088.77,780.09,7328.68,5435.35,28060.98,5092.09
105,Apr 27 2015,15576000.0,1200.0,1102.59,788.95,7464.72,5245.45,28433.59,5060.25
106,Apr 28 2015,15692820.0,1209.0,1100.94,789.04,7502.69,5242.16,28442.75,5055.42
107,Apr 30 2015,15298990.63,1180.25,1053.28,768.02,7320.85,5086.43,28133.0,4941.42
108,May 07 2015,15609050.0,1187.0,1054.03,780.82,7367.59,5150.49,27289.97,4945.54
109,May 08 2015,15566250.0,1186.0,1057.18,768.93,7364.35,5182.21,27577.34,5003.55
110,May 11 2015,15644583.75,1189.25,1066.45,764.23,7384.77,5172.48,27718.2,4993.57
111,May 12 2015,15725417.0,1191.5,1059.44,760.69,7398.26,5205.61,27407.18,4976.19
112,May 13 2015,15902943.75,1210.5,1066.29,769.74,7510.43,5246.13,27249.28,4981.69
113,May 15 2015,15975124.5,1220.5,1066.78,772.86,7574.54,5227.1,27822.28,5048.29
114,May 18 2015,16073119.5,1223.5,1076.65,780.09,7590.96,5237.81,27591.25,5078.44
115,May 19 2015,15926149.09,1214.3,1091.26,783.29,7536.67,5269.37,27693.54,5070.03
116,May 20 2015,15948337.5,1210.5,1090.3,778.18,7509.7,5292.75,27585.05,5071.74
117,May 21 2015,15821047.5,1205.0,1083.49,769.01,7467.14,5313.21,27523.72,5090.79
118,May 22 2015,15839933.57,1204.1,1092.3,776.71,7462.53,5315.15,27992.83,5089.36
119,May 26 2015,15659132.71,1185.4,1087.77,770.59,7354.22,5320.9,28249.86,5032.75
120,May 27 2015,15655589.77,1185.85,1090.39,773.5,7353.93,5253.39,28081.21,5106.59
121,May 28 2015,15667477.5,1185.0,1085.31,774.97,7348.42,5237.4,27454.31,5097.98
122,May 29 2015,15755072.31,1191.4,1086.7,780.76,7384.89,5216.38,27424.19,5070.02
123,Jun 01 2015,15865676.46,1199.9,1101.08,788.92,7438.78,5213.82,27597.16,5082.93
124,Jun 03 2015,15732990.0,1190.0,1056.32,776.31,7375.14,5130.5,27657.47,5099.23
125,Jun 04 2015,15619632.0,1176.0,1042.37,765.48,7292.38,5095.82,27551.89,5059.12
126,Jun 05 2015,15460645.36,1164.6,1048.29,764.02,7224.48,5100.57,27260.16,5068.46
127,Jun 08 2015,15692061.39,1172.8,1046.72,767.94,7277.93,5014.99,27316.28,5021.63
128,Jun 09 2015,15663539.6,1177.4,1047.09,768.69,7306.59,4899.88,26989.52,5013.86
129,Jun 10 2015,15821906.25,1188.5,1051.54,764.73,7375.95,4933.56,26687.64,5076.69
130,Jun 11 2015,15698209.25,1178.5,1049.0,760.35,7314.36,4928.81,26907.85,5082.51
131,Jun 12 2015,15772044.0,1182.8,1049.65,759.72,7342.94,4935.82,27280.54,5051.1
132,Jun 15 2015,15753967.7,1181.4,1049.81,759.99,7335.31,4837.79,26861.81,5029.97
133,Jun 16 2015,15726495.75,1177.75,1048.33,753.76,7311.94,4872.6,26566.7,5055.55
134,Jun 17 2015,15746915.0,1178.0,1048.65,749.79,7314.91,4945.75,26753.79,5064.88
135,Jun 18 2015,15990612.3,1201.85,1053.98,756.88,7460.48,4945.5,26694.66,5132.95
136,Jun 19 2015,16043125.8,1203.4,1062.23,757.62,7472.51,4985.01,26760.53,5117.0
137,Jun 22 2015,15779005.0,1185.5,1040.23,749.46,7361.36,4959.25,27080.85,5153.97
138,Jun 23 2015,15614390.0,1178.0,1053.34,748.98,7311.61,4937.65,27333.46,5160.1
139,Jun 24 2015,15614983.13,1173.75,1049.44,746.71,7285.58,4953.52,27404.97,5122.41
140,Jun 25 2015,15628491.57,1172.65,1047.71,745.68,7281.45,4920.04,27145.75,5112.19
141,Jun 26 2015,15576428.75,1170.5,1050.67,744.0,7267.63,4923.01,26663.87,5080.51
142,Jun 29 2015,15693720.0,1176.0,1054.66,746.95,7301.43,4882.58,25966.98,4958.47
143,Jun 30 2015,15612357.5,1171.0,1050.98,744.58,7261.37,4910.66,26250.03,4986.87
144,Jul 02 2015,15540356.63,1165.25,1049.35,746.57,7230.26,4944.78,26282.32,5009.21
145,Jul 06 2015,15567266.0,1166.0,1052.87,747.34,7239.93,4916.74,25236.28,4991.94
146,Jul 07 2015,15409921.88,1156.25,1057.34,749.86,7180.31,4906.05,24975.31,4997.46
147,Jul 08 2015,15460182.5,1158.5,1047.0,754.53,7193.59,4871.57,23516.56,4909.76
148,Jul 09 2015,15526438.0,1164.25,1054.05,756.65,7228.59,4838.28,24392.79,4922.4
149,Jul 10 2015,15434337.95,1159.3,1037.59,747.45,7198.32,4859.03,24901.28,4997.7
150,Jul 13 2015,15348200.0,1154.0,1048.09,743.17,7164.49,4893.92,25224.01,5071.51
151,Jul 14 2015,15433927.7,1157.4,1052.18,743.38,7186.18,4901.81,25120.91,5104.89
152,Jul 15 2015,15311478.0,1147.4,1047.23,734.85,7124.44,4869.85,25055.76,5098.94
153,Jul 22 2015,14562744.54,1088.6,999.5,696.3,6759.66,4906.69,25282.62,5171.77
154,Jul 23 2015,14729850.19,1097.4,999.59,706.84,6814.3,4902.85,25398.85,5146.41
155,Jul 24 2015,14531353.37,1080.8,985.64,697.16,6711.23,4856.6,25128.51,5088.63
156,Jul 27 2015,14804900.0,1100.0,990.86,706.33,6830.45,4771.28,24351.96,5039.78
157,Jul 28 2015,14757591.84,1096.2,993.16,703.64,6806.74,4714.76,24503.94,5089.21
158,Jul 29 2015,14670404.0,1090.25,988.26,696.58,6769.47,4721.12,24619.45,5111.73
159,Jul 30 2015,14645906.25,1087.5,995.47,696.6,6752.94,4712.49,24497.98,5128.78
160,Jul 31 2015,14858604.68,1098.4,994.16,703.88,6820.73,4802.53,24636.28,5128.28
161,Aug 03 2015,14740648.68,1091.9,995.12,699.24,6780.37,4800.18,24411.42,5115.38
162,Aug 04 2015,14707959.26,1090.65,995.07,699.25,6772.5,4781.09,24406.12,5105.55
163,Aug 05 2015,14664039.42,1085.1,998.57,695.27,6738.04,4850.53,24514.16,5139.94
164,Aug 06 2015,14756849.63,1089.75,998.58,702.93,6767.02,4806.56,24375.28,5056.44
165,Aug 07 2015,14805443.25,1093.5,999.59,706.81,6790.31,4770.3,24552.47,5043.54
166,Aug 10 2015,14863253.0,1097.0,999.04,705.67,6812.04,4748.95,24521.12,5101.8
167,Aug 11 2015,15072200.0,1108.25,1003.17,711.69,7007.57,4622.59,24498.21,5036.79
168,Aug 12 2015,15425415.0,1119.0,1000.04,715.63,7147.05,4479.49,23916.02,5044.39
169,Aug 13 2015,15349728.75,1116.75,1003.6,716.6,7146.08,4584.25,24018.8,5033.56
170,Aug 14 2015,15417871.88,1118.25,1006.44,716.41,7147.63,4585.39,23991.03,5048.23
171,Aug 18 2015,15358015.43,1111.45,1007.25,709.94,7106.39,4510.48,23474.97,5059.35
172,Aug 19 2015,15588730.02,1126.15,1018.63,719.68,7202.29,4484.24,23167.85,5019.05
173,Aug 20 2015,15918598.32,1147.7,1024.87,732.51,7332.65,4441.91,22757.47,4877.49
174,Aug 21 2015,16124501.25,1156.5,1022.19,738.11,7388.53,4335.95,22409.62,4706.04
175,Aug 24 2015,16383492.5,1166.5,1007.73,741.32,7470.73,4163.73,21251.57,4526.25
176,Aug 25 2015,15998937.5,1137.5,996.85,724.75,7294.1,4228.5,21404.96,4506.49
177,Aug 26 2015,15827791.88,1120.75,982.73,721.55,7184.57,4237.73,21080.39,4697.54
178,Aug 27 2015,15657607.5,1119.0,997.73,727.81,7167.53,4430.63,21838.54,4812.71
179,Aug 28 2015,15870137.5,1135.0,1011.45,739.25,7250.95,4446.2,21612.39,4828.32
180,Aug 31 2015,15946750.0,1135.0,1012.94,737.97,7237.1,4509.61,21670.58,4776.51
181,Sep 01 2015,16103571.5,1142.3,1014.61,745.33,7270.17,4412.46,21185.43,4636.1
182,Sep 02 2015,16076407.5,1137.75,1013.09,743.99,7231.43,4401.29,20934.94,4749.98
183,Sep 04 2015,15840011.25,1118.25,1006.03,737.1,7107.48,4415.34,20840.61,4683.92
184,Sep 08 2015,16010020.61,1121.15,1002.32,729.8,7138.59,4318.59,21259.04,4811.93
185,Sep 09 2015,15828123.69,1109.85,993.82,722.02,7078.4,4347.28,22131.31,4756.53
186,Sep 10 2015,15901908.75,1109.5,988.64,718.98,7075.5,4343.26,21562.5,4796.25
187,Sep 11 2015,15769333.13,1100.25,974.79,714.08,7014.09,4360.47,21504.37,4822.34
188,Sep 14 2015,15851115.2,1104.8,978.31,717.89,7035.25,4390.37,21561.9,4805.76
189,Sep 15 2015,15933973.92,1105.95,980.89,720.07,7044.9,4347.16,21455.23,4860.52
190,Sep 16 2015,16154905.88,1117.6,989.42,720.34,7120.12,4332.51,21966.66,4889.24
191,Sep 17 2015,16156256.25,1117.5,987.5,719.76,7114.0,4378.39,21854.63,4893.95
192,Sep 18 2015,16409062.5,1141.5,1003.34,732.13,7264.85,4380.32,21920.83,4827.23
193,Sep 25 2015,16838553.82,1146.65,1026.22,755.54,7309.2,4209.44,21186.32,4686.5
194,Sep 29 2015,16622056.1,1132.1,1009.05,747.95,7204.23,4178.41,20556.6,4517.32
195,Sep 30 2015,16320100.0,1114.0,997.99,735.44,7081.81,4223.91,20846.3,4620.16
196,Oct 02 2015,16703431.88,1140.75,1011.71,750.42,7251.86,4207.8,21506.09,4707.77
197,Oct 05 2015,16520676.25,1139.75,1016.59,750.97,7245.5,4343.7,21854.5,4781.26
198,Oct 06 2015,16349006.25,1147.5,1018.82,754.36,7294.77,4445.78,21831.62,4748.36
199,Oct 07 2015,15824092.97,1144.6,1018.6,747.4,7276.34,4487.13,22515.76,4791.15
200,Oct 08 2015,15808950.0,1140.0,1010.86,745.34,7243.22,4491.43,22354.91,4810.79
201,Oct 09 2015,15453798.38,1151.55,1014.18,752.18,7306.93,4589.34,22458.8,4830.47
202,Oct 13 2015,15870023.33,1165.2,1024.49,765.32,7390.75,4483.08,22600.46,4796.61
203,Oct 15 2015,15963690.0,1184.25,1040.05,765.94,7515.25,4507.19,22888.17,4870.1
204,Oct 16 2015,15976898.52,1180.85,1037.93,764.53,7501.82,4521.88,23067.37,4886.69
205,Oct 19 2015,15904923.78,1175.4,1039.26,759.33,7475.66,4569.84,23075.61,4905.47
206,Oct 20 2015,16070398.75,1177.75,1038.35,761.76,7477.3,4585.82,22989.22,4880.97
207,Oct 22 2015,15935385.0,1167.0,1045.65,757.23,7419.09,4584.56,22845.37,4920.05
208,Oct 23 2015,15833643.75,1161.25,1052.57,756.51,7373.94,4653.15,23151.94,5031.86
209,Oct 26 2015,15915526.67,1166.4,1055.71,759.47,7410.02,4691.71,23116.25,5034.7
210,Oct 27 2015,15879747.58,1165.7,1054.93,761.3,7405.92,4674.06,23142.73,5030.15
211,Oct 28 2015,15898057.03,1179.6,1066.02,770.05,7501.31,4608.74,22956.57,5095.69
212,Oct 29 2015,15664030.5,1148.6,1047.95,750.92,7301.3,4472.02,22819.94,5074.27
213,Oct 30 2015,15635913.62,1142.35,1034.13,739.67,7216.79,4455.18,22640.04,5053.75
214,Nov 02 2015,15498945.0,1134.0,1027.69,735.07,7187.18,4464.96,22370.04,5127.15
215,Nov 04 2015,15109757.84,1114.7,1026.29,724.49,7062.74,4612.56,23053.57,5142.48
216,Nov 05 2015,15006956.85,1106.3,1018.36,725.16,7021.24,4577.23,23051.04,5127.74
217,Nov 06 2015,14765482.68,1088.9,1013.73,722.15,6917.78,4566.55,22867.33,5147.12
218,Nov 09 2015,14870314.0,1089.6,1014.05,721.21,6932.25,4499.51,22726.77,5095.3
219,Nov 10 2015,14794885.46,1087.1,1016.6,719.46,6915.91,4451.05,22401.7,5083.24
220,Nov 11 2015,14770953.42,1085.9,1012.16,714.48,6913.38,4451.59,22352.17,5067.02
221,Nov 12 2015,14791357.17,1087.4,1011.11,715.63,6925.87,4462.23,22888.92,5005.08
222,Nov 13 2015,14778697.5,1081.5,1007.78,711.91,6893.48,4472.84,22396.14,4927.88
223,Nov 16 2015,14890905.63,1084.75,1012.18,713.67,6912.46,4442.18,22010.82,4984.62
224,Nov 17 2015,14836301.33,1079.2,1013.29,709.25,6883.78,4500.95,22264.25,4986.02
225,Nov 18 2015,14734416.13,1067.75,1002.87,702.01,6817.48,4497.91,22188.26,5075.2
226,Nov 19 2015,14915519.48,1082.6,1008.34,707.81,6911.32,4518.94,22500.22,5073.64
227,Nov 20 2015,14787522.5,1081.75,1013.82,710.63,6906.97,4561.33,22754.72,5104.92
228,Nov 24 2015,14751522.46,1076.4,1011.61,714.36,6877.66,4545.38,22587.63,5102.81
229,Nov 25 2015,14618250.0,1068.0,1007.36,708.65,6823.66,4585.55,22498.0,5116.14
230,Nov 27 2015,14568327.15,1057.4,998.07,702.31,6762.28,4560.56,22068.32,5127.52
231,Nov 30 2015,14691385.15,1061.9,1005.44,705.44,6794.14,4446.46,21996.42,5108.67
232,Dec 01 2015,14683874.15,1065.4,1004.38,707.67,6817.07,4557.67,22381.35,5156.31
233,Dec 02 2015,14561880.15,1055.4,998.2,706.21,6753.29,4545.86,22479.69,5123.22
234,Dec 03 2015,14611121.4,1055.45,972.63,701.88,6751.92,4537.38,22417.01,5037.53
235,Dec 04 2015,14928186.0,1079.25,991.18,714.52,6909.36,4508.45,22235.89,5142.27
236,Dec 07 2015,14891758.8,1075.8,991.29,713.8,6893.94,4521.39,22203.22,5101.81
237,Dec 08 2015,14872705.22,1072.1,986.2,715.5,6879.88,4464.18,21905.13,5098.24
238,Dec 10 2015,14924385.0,1071.0,979.25,706.3,6894.88,4466.21,21704.61,5045.17
239,Dec 11 2015,14958693.75,1072.5,975.27,704.92,6923.31,4393.52,21464.05,4933.47
240,Dec 14 2015,15038289.38,1068.25,968.71,706.51,6899.93,4374.19,21309.85,4952.23
241,Dec 15 2015,14920974.75,1061.5,971.98,705.46,6858.35,4409.17,21274.37,4995.36
242,Dec 16 2015,15130380.38,1075.25,982.55,716.69,6960.42,4483.45,21701.21,5071.13
243,Dec 17 2015,14698419.73,1049.4,968.62,705.12,6803.99,4555.96,21872.06,5002.55
244,Dec 18 2015,14784687.5,1062.5,979.76,713.47,6886.59,4468.65,21755.56,4923.08
245,Dec 21 2015,14865175.0,1078.75,988.09,724.72,6991.16,4490.68,21791.68,4968.92
246,Dec 22 2015,14699256.16,1074.9,980.17,725.13,6964.06,4517.57,21830.02,5001.11
247,Dec 28 2015,14581612.5,1068.25,973.66,716.92,6930.81,4557.35,21919.62,5040.98
248,Dec 29 2015,14708522.49,1070.1,981.2,723.33,6939.81,4569.36,21999.62,5107.94
249,Dec 30 2015,14609450.0,1060.0,971.27,714.62,6879.61,4593.01,21882.15,5065.85
250,Jan 04 2016,15062214.38,1082.25,1001.67,736.78,7054.0,4525.92,21327.12,4903.09
251,Jan 05 2016,14929912.5,1077.0,1004.57,735.18,7021.72,4557.82,21188.72,4891.43
252,Jan 06 2016,15222300.14,1091.4,1015.26,747.1,7157.62,4608.98,20980.81,4835.77
253,Jan 07 2016,15408687.58,1106.35,1021.28,759.44,7294.27,4530.45,20333.34,4689.43
254,Jan 08 2016,15340504.59,1101.85,1010.36,757.88,7259.87,4546.29,20453.71,4643.63
255,Jan 12 2016,15097912.64,1085.4,1002.59,755.4,7137.05,4512.53,19711.76,4685.92
256,Jan 13 2016,15046392.77,1088.15,1002.95,753.41,7155.78,4537.18,19934.88,4526.06
257,Jan 14 2016,15139642.64,1088.4,1004.11,756.15,7170.92,4513.18,19817.41,4615.0
258,Jan 15 2016,15197109.38,1093.75,998.68,764.38,7204.53,4523.98,19520.77,4488.42
259,Jan 19 2016,15077150.0,1086.25,996.7,767.99,7145.57,4491.74,19635.81,4476.95
260,Jan 20 2016,15380430.0,1101.75,1011.06,776.59,7248.96,4427.98,18886.3,4471.69
261,Jan 21 2016,15252315.0,1096.5,1013.07,775.68,7214.2,4414.13,18542.15,4472.06
262,Jan 22 2016,15183062.5,1096.25,1012.75,764.74,7212.67,4456.74,19080.51,4591.18
263,Jan 25 2016,15351306.47,1106.6,1021.56,775.64,7280.76,4505.79,19340.14,4518.49
264,Jan 26 2016,15479037.96,1113.6,1026.5,777.41,7327.26,4510.47,18860.8,4567.67
265,Jan 27 2016,15490759.38,1116.25,1026.82,783.0,7342.58,4583.63,19052.45,4468.17
266,Jan 28 2016,15456193.0,1114.0,1018.33,774.23,7325.55,4602.83,19195.83,4506.68
267,Jan 29 2016,15315042.31,1111.8,1027.49,783.79,7314.31,4615.16,19683.11,4613.95
268,Feb 01 2016,15362643.75,1126.5,1034.1,783.82,7411.24,4624.64,19595.5,4620.37
269,Feb 02 2016,15446343.75,1128.5,1035.27,785.15,7425.19,4587.44,19446.84,4516.95
270,Feb 03 2016,15587640.0,1132.0,1024.48,775.85,7447.77,4596.11,18991.59,4504.24
271,Feb 04 2016,15769721.13,1156.35,1035.23,793.13,7606.24,4665.82,19183.09,4509.56
272,Feb 05 2016,15673516.75,1150.35,1032.31,794.22,7557.22,4798.95,19288.17,4363.14
273,Feb 12 2016,16724227.5,1239.75,1102.59,857.54,8144.54,4714.39,18319.58,4337.51
274,Feb 16 2016,16207300.0,1209.5,1085.29,845.27,7878.44,4745.0,19122.08,4435.95
275,Feb 17 2016,16347100.0,1210.0,1086.81,845.09,7896.46,4765.51,18924.57,4534.06
276,Feb 18 2016,16339373.27,1210.1,1090.23,842.45,7887.19,4778.79,19363.08,4487.54
277,Feb 19 2016,16614367.93,1231.15,1108.5,862.94,8027.22,4697.56,19285.5,4504.43
278,Feb 22 2016,16272812.5,1211.0,1098.16,856.8,7894.75,4708.62,19464.09,4570.61
279,Feb 23 2016,16396621.78,1221.35,1107.9,865.96,7971.14,4654.05,19414.78,4503.58
280,Feb 24 2016,16775684.38,1250.75,1134.78,897.72,8171.15,4657.72,19192.45,4542.61
281,Feb 25 2016,16575378.0,1236.0,1120.28,886.28,8076.15,4658.32,18888.75,4582.2
282,Feb 26 2016,16398305.0,1226.5,1122.5,884.73,8017.75,4733.15,19364.15,4590.47
283,Feb 29 2016,16513081.49,1234.9,1136.53,886.12,8085.01,4770.96,19111.93,4557.95
284,Mar 01 2016,16507275.0,1236.5,1138.63,888.19,8095.61,4779.98,19407.46,4689.6
285,Mar 02 2016,16468967.35,1239.2,1144.44,881.05,8118.49,4836.2,20003.49,4703.42
286,Mar 03 2016,16550184.38,1250.25,1143.66,883.16,8180.51,4844.04,19941.76,4707.42
287,Mar 04 2016,16779962.5,1277.5,1160.63,898.7,8330.96,4850.88,20176.7,4717.02
288,Mar 07 2016,16593639.97,1267.9,1154.37,892.64,8260.49,4831.57,20159.72,4708.25
289,Mar 08 2016,16652181.0,1267.0,1146.24,891.81,8242.34,4811.04,20011.58,4648.82
290,Mar 10 2016,16556321.25,1266.5,1136.23,885.29,8252.39,4793.2,19984.42,4662.16
291,Mar 11 2016,16530282.5,1264.75,1133.39,878.66,8219.61,4813.78,20199.6,4748.47
292,Mar 14 2016,16230315.0,1242.75,1118.89,867.6,8071.91,4877.53,20435.34,4750.28
293,Mar 15 2016,16234680.0,1232.0,1108.71,869.78,8020.94,4849.78,20288.77,4728.67
294,Mar 16 2016,16299123.75,1228.5,1109.31,871.52,8011.05,4861.44,20257.7,4763.97
295,Mar 17 2016,16584817.5,1266.5,1119.16,874.11,8223.64,4885.69,20503.81,4774.98
296,Mar 18 2016,16424419.83,1252.1,1108.89,862.83,8104.34,4885.71,20671.63,4795.65
297,Mar 22 2016,16507950.0,1252.5,1115.66,881.02,8132.11,4856.11,20666.75,4821.66
298,Mar 23 2016,16044922.07,1217.6,1089.58,862.93,7910.62,4854.18,20615.23,4768.86
299,Mar 24 2016,16181302.5,1221.0,1093.74,863.2,7954.81,4827.09,20345.61,4773.51
300,Mar 29 2016,16425335.0,1226.0,1096.06,859.45,7983.1,4781.3,20366.3,4846.62
301,Mar 30 2016,16401946.88,1236.25,1088.73,855.66,8007.69,4816.65,20803.39,4869.29
302,Mar 31 2016,16402620.0,1237.0,1085.52,860.64,8000.42,4845.37,20776.7,4869.85
303,Apr 01 2016,15970974.07,1213.6,1069.72,855.34,7845.68,4843.19,20498.92,4914.54
304,Apr 05 2016,16275893.75,1231.25,1082.37,871.25,7969.76,4858.07,20177.0,4843.93
305,Apr 06 2016,16149960.21,1221.4,1073.81,867.04,7916.99,4868.23,20206.67,4920.72
306,Apr 07 2016,16346034.07,1242.1,1091.28,881.17,8040.73,4867.28,20266.05,4848.37
307,Apr 08 2016,16290128.75,1239.5,1086.57,878.7,8026.13,4846.7,20370.4,4850.69
308,Apr 11 2016,16471730.63,1254.75,1096.52,879.63,8117.98,4786.97,20440.81,4833.4
309,Apr 12 2016,16452195.18,1254.6,1102.9,882.87,8104.21,4829.57,20504.44,4872.09
310,Apr 13 2016,16394070.0,1245.75,1104.05,876.73,8057.26,4853.01,21158.71,4947.42
311,Apr 14 2016,16259056.44,1233.85,1095.49,872.5,8004.6,4814.85,21337.81,4945.89
312,Apr 15 2016,16167040.57,1227.1,1086.17,865.53,7953.57,4823.57,21316.47,4938.22
313,Apr 18 2016,16261899.93,1234.3,1089.55,864.6,7998.63,4865.53,21161.5,4960.02
314,Apr 19 2016,16505370.22,1255.4,1103.6,871.75,8125.2,4881.93,21436.21,4940.33
315,Apr 20 2016,16452532.0,1252.0,1104.69,869.26,8099.56,4876.6,21236.31,4948.13
316,Apr 21 2016,16437006.88,1249.25,1106.56,871.23,8094.14,4903.09,21622.25,4945.89
317,Apr 22 2016,16407791.88,1243.25,1106.05,862.65,8072.42,4914.74,21467.04,4906.23
318,Apr 25 2016,16350381.46,1238.9,1099.44,854.41,8049.13,4878.86,21304.44,4895.79
319,Apr 26 2016,16390439.36,1241.7,1098.12,851.41,8062.11,4814.09,21407.27,4888.28
320,Apr 27 2016,16458818.01,1247.4,1102.92,858.09,8099.62,4845.66,21361.6,4863.14
321,Apr 28 2016,16562244.0,1256.0,1110.03,861.75,8140.14,4848.39,21388.03,4805.29
322,May 09 2016,16815172.5,1265.25,1110.06,878.65,8233.36,4749.31,20156.81,4750.21
323,May 10 2016,16779452.4,1262.8,1108.16,872.88,8227.14,4763.11,20242.68,4809.88
324,May 11 2016,16988487.3,1276.85,1116.81,882.75,8314.85,4799.96,20055.29,4760.69
325,May 12 2016,17007628.75,1279.25,1121.76,882.21,8330.35,4803.32,19915.46,4737.33
326,May 13 2016,16861786.7,1265.9,1120.41,882.25,8254.17,4761.72,19719.29,4717.68
327,May 16 2016,17103689.38,1285.75,1134.72,892.79,8384.25,4731.56,19883.95,4775.46
328,May 17 2016,16982184.5,1277.0,1126.5,882.7,8329.49,4729.16,20118.8,4715.73
329,May 18 2016,17042856.79,1272.9,1128.51,870.69,8319.16,4734.36,19826.41,4739.12
330,May 19 2016,16892918.75,1246.25,1112.23,854.44,8155.96,4704.22,19694.33,4712.53
331,May 20 2016,17066525.84,1254.2,1118.52,864.1,8206.73,4711.88,19852.2,4769.56
332,May 23 2016,16922435.42,1245.9,1112.46,861.44,8163.01,4743.66,19809.03,4765.78
333,May 24 2016,16932474.49,1236.85,1108.24,846.64,8108.79,4710.78,19830.43,4861.06
334,May 25 2016,16667291.0,1220.6,1095.25,829.38,8009.33,4772.98,20368.05,4894.89
335,May 26 2016,16648641.48,1223.85,1094.24,833.74,8029.92,4784.56,20397.11,4901.77
336,May 27 2016,16520323.75,1216.25,1092.62,832.08,7978.23,4814.73,20576.77,4933.51
337,May 31 2016,16557284.0,1212.1,1088.79,832.77,7981.68,4796.87,20815.09,4948.06
338,Jun 01 2016,16590070.0,1214.5,1087.04,842.7,7994.45,4839.67,20760.98,4952.25
339,Jun 02 2016,16543196.67,1212.4,1086.38,839.23,7976.86,4833.23,20859.22,4971.36
340,Jun 03 2016,16860255.75,1240.5,1094.64,854.49,8169.06,4853.92,20947.24,4942.52
341,Jun 06 2016,16641610.0,1244.0,1094.45,860.04,8166.73,4896.02,21030.22,4968.71
342,Jun 07 2016,16468070.0,1241.0,1092.96,852.57,8155.85,4933.99,21328.24,4961.75
343,Jun 08 2016,16753695.0,1263.0,1108.53,867.74,8298.54,4916.06,21297.88,4974.64
344,Jun 10 2016,16957772.5,1275.5,1129.01,890.09,8380.67,4848.06,21042.64,4894.55
345,Jun 13 2016,17007100.21,1280.8,1133.4,897.08,8435.73,4807.23,20512.99,4848.44
346,Jun 14 2016,17218847.82,1287.15,1148.22,912.03,8483.22,4821.59,20387.53,4843.55
347,Jun 15 2016,17160926.64,1283.3,1142.23,904.18,8453.99,4814.82,20467.52,4834.93
348,Jun 16 2016,17521450.63,1310.75,1175.93,931.82,8629.98,4814.39,20038.42,4844.91
349,Jun 17 2016,17214710.6,1290.7,1147.44,902.9,8507.0,4835.14,20169.98,4800.34
350,Jun 20 2016,17003074.41,1281.8,1130.63,872.24,8433.35,4863.53,20510.2,4837.21
351,Jun 21 2016,16877855.56,1272.6,1129.09,867.37,8372.18,4878.71,20668.44,4843.76
352,Jun 22 2016,16800368.18,1264.85,1121.12,861.2,8324.73,4896.85,20795.12,4833.32
353,Jun 23 2016,16732952.33,1262.15,1111.98,852.4,8302.42,4874.31,20868.34,4910.04
354,Jun 24 2016,17594812.5,1315.5,1183.48,965.43,8702.03,4834.57,20259.13,4707.98
355,Jun 27 2016,17669494.39,1324.55,1206.77,1007.42,8793.82,4836.05,20227.3,4594.44
356,Jun 28 2016,17258571.11,1309.7,1185.2,983.15,8706.49,4882.17,20172.46,4691.87
357,Jun 29 2016,17392922.25,1321.5,1190.22,977.08,8783.35,4980.1,20436.12,4779.24
358,Jun 30 2016,17450409.38,1320.75,1188.85,987.99,8774.53,5016.65,20794.37,4842.67
359,Jul 11 2016,17784793.58,1357.1,1228.59,1044.73,9076.01,5069.02,20880.5,4988.64
360,Jul 12 2016,17612286.72,1342.4,1212.7,1018.24,8973.94,5099.53,21224.74,5022.82
361,Jul 13 2016,17596738.75,1342.75,1209.3,1015.66,8985.95,5133.93,21322.37,5005.73
362,Jul 14 2016,17322613.08,1323.6,1191.95,993.4,8851.84,5083.54,21561.06,5034.06
363,Jul 15 2016,17372420.5,1327.0,1198.68,1002.72,8865.02,5110.18,21659.25,5029.59
364,Jul 19 2016,17420148.82,1330.9,1208.65,1013.17,8903.59,5172.83,21673.2,5036.37
365,Jul 20 2016,17254737.47,1315.9,1195.24,998.56,8787.58,5242.82,21882.48,5089.93
366,Jul 21 2016,17307063.72,1321.15,1201.26,999.55,8821.19,5216.97,22000.49,5073.9
367,Jul 22 2016,17313051.38,1320.75,1203.14,1009.44,8810.33,5197.25,21964.27,5100.16
368,Jul 25 2016,17254789.72,1313.15,1196.6,1000.46,8771.71,5220.8,21993.44,5097.63
369,Jul 26 2016,17420602.5,1323.0,1204.42,1008.65,8832.61,5224.4,22129.73,5110.05
370,Jul 27 2016,17463060.0,1329.0,1209.34,1013.38,8863.9,5274.36,22218.99,5139.81
371,Jul 28 2016,17578266.75,1341.75,1210.58,1022.4,8932.83,5299.21,22174.34,5154.98
372,Jul 29 2016,17578187.0,1342.0,1200.09,1010.77,8931.01,5215.99,21891.37,5162.13
373,Aug 01 2016,17641273.87,1349.65,1208.12,1022.15,8960.46,5361.58,22129.14,5184.2
374,Aug 03 2016,17838958.47,1358.9,1216.24,1019.81,9008.28,5351.88,21739.12,5159.74
375,Aug 04 2016,17903128.13,1362.75,1223.46,1038.25,9046.21,5373.86,21832.23,5166.25
376,Aug 05 2016,17597440.12,1340.4,1210.79,1026.42,8907.09,5420.25,22146.09,5221.12
377,Aug 08 2016,17552181.44,1336.8,1207.1,1025.27,8906.16,5458.98,22494.76,5213.14
378,Aug 09 2016,17610682.5,1341.0,1206.8,1032.21,8933.88,5440.29,22465.61,5225.48
379,Aug 10 2016,17673063.31,1347.7,1207.29,1035.78,8952.64,5423.95,22492.43,5204.59
380,Aug 12 2016,17742215.56,1352.2,1209.59,1045.54,8984.83,5377.2,22766.91,5232.9
381,Aug 15 2016,17562881.22,1339.4,1196.16,1040.11,8894.55,5320.56,22932.51,5262.02
382,Aug 16 2016,17601024.0,1344.0,1193.61,1036.6,8905.34,5371.85,22910.84,5227.11
383,Aug 18 2016,17707928.26,1350.05,1191.78,1025.52,8953.8,5461.45,23023.16,5240.15
384,Aug 19 2016,17715256.72,1346.4,1188.93,1031.33,8954.1,5416.03,22937.22,5238.38
385,Aug 22 2016,17650577.46,1335.9,1179.13,1015.86,8892.55,5427.18,22997.91,5244.6
386,Aug 23 2016,17739898.0,1342.0,1185.36,1017.63,8913.03,5417.14,22998.93,5260.08
387,Aug 24 2016,17582744.38,1327.25,1179.88,1001.66,8827.54,5403.99,22820.78,5217.69
388,Aug 25 2016,17495991.36,1321.3,1171.16,1001.63,8791.27,5454.12,22814.95,5212.2
389,Aug 26 2016,17417390.63,1318.75,1169.05,998.75,8793.16,5438.83,22909.54,5218.92
390,Aug 29 2016,17493218.75,1318.75,1180.94,1008.6,8808.99,5370.76,22821.34,5232.33
391,Aug 30 2016,17501735.33,1318.15,1182.04,1006.45,8805.11,5362.32,23016.11,5222.99
392,Aug 31 2016,17367201.25,1309.25,1175.53,999.66,8743.56,5386.08,22976.88,5213.22
393,Sep 01 2016,17374446.0,1309.5,1169.93,984.59,8747.33,5334.55,23162.34,5227.21
394,Sep 02 2016,17548300.25,1324.7,1186.74,995.27,8849.13,5353.46,23266.7,5249.9
395,Sep 06 2016,17553412.13,1337.25,1189.83,995.72,8933.23,5372.1,23787.68,5275.91
396,Sep 07 2016,17643157.83,1348.35,1199.33,1010.45,8985.94,5381.35,23741.81,5283.93
397,Sep 08 2016,17548161.22,1343.4,1191.54,1008.94,8952.28,5371.08,23919.34,5259.48
398,Sep 09 2016,17433467.66,1330.85,1187.04,1003.77,8889.94,5281.92,24099.7,5125.91
399,Sep 13 2016,17432469.21,1323.65,1177.42,1004.02,8841.85,5215.57,23215.76,5155.26
400,Sep 14 2016,17453047.88,1321.75,1175.1,1002.73,8817.66,5146.04,23190.64,5173.77
401,Sep 15 2016,17269787.43,1310.8,1165.78,993.56,8744.61,5265.82,23335.59,5249.69
402,Sep 20 2016,17279751.93,1313.8,1176.13,1014.36,8764.88,5302.49,23530.86,5241.35
403,Sep 21 2016,17418984.63,1326.1,1190.4,1023.15,8846.81,5342.59,23669.9,5295.18
404,Sep 23 2016,17504855.45,1338.65,1193.15,1032.91,8928.79,5388.91,23686.48,5305.75
405,Sep 26 2016,17466715.0,1340.5,1189.7,1033.3,8941.0,5352.14,23317.92,5257.49
406,Sep 27 2016,17191285.0,1327.0,1185.14,1021.95,8848.7,5419.6,23571.9,5305.71
407,Sep 28 2016,17123068.75,1322.5,1181.75,1018.25,8823.06,5425.34,23619.65,5318.55
408,Sep 29 2016,17102345.6,1318.1,1173.78,1015.56,8790.67,5431.96,23739.47,5269.15
409,Sep 30 2016,17259947.5,1322.5,1176.81,1018.09,8821.07,5364.8,23297.15,5312.0
410,Oct 03 2016,17049914.71,1313.3,1170.71,1023.06,8759.71,5463.91,23584.43,5300.87
411,Oct 04 2016,16659156.41,1283.3,1150.12,1006.23,8559.61,5472.32,23689.44,5289.66
412,Oct 05 2016,16499025.23,1269.4,1133.39,996.23,8466.9,5420.65,23788.31,5316.02
413,Oct 06 2016,16292191.5,1254.5,1123.25,991.93,8367.51,5409.34,23952.5,5306.85
414,Oct 07 2016,16344868.75,1258.75,1126.25,1010.31,8395.86,5377.15,23851.82,5292.4
415,Oct 11 2016,16310517.49,1253.45,1133.47,1024.98,8416.79,5382.0,23549.52,5246.79
416,Oct 12 2016,16357745.25,1256.5,1140.98,1030.93,8435.76,5364.61,23407.05,5239.02
417,Oct 13 2016,16491378.82,1261.05,1143.24,1034.37,8486.74,5340.4,23031.3,5213.33
418,Oct 14 2016,16328452.88,1251.75,1137.59,1026.36,8418.52,5399.89,23233.31,5214.16
419,Oct 17 2016,16398351.25,1254.8,1141.56,1032.5,8456.6,5410.3,23037.54,5199.82
420,Oct 18 2016,16396861.76,1258.2,1146.53,1022.64,8479.26,5430.05,23394.39,5243.84
421,Oct 19 2016,16507165.33,1269.05,1157.1,1032.34,8552.51,5409.29,23304.97,5246.41
422,Oct 20 2016,16540986.1,1271.65,1163.88,1038.72,8570.54,5403.69,23374.4,5241.83
423,Oct 24 2016,16468599.61,1265.55,1162.71,1036.78,8569.8,5421.0,23604.08,5309.83
424,Oct 25 2016,16509815.13,1269.4,1168.93,1046.41,8603.74,5397.82,23565.11,5283.4
425,Oct 26 2016,16526028.75,1270.5,1163.73,1038.25,8599.63,5399.68,23325.43,5250.27
426,Oct 27 2016,16503036.25,1266.25,1159.73,1040.08,8582.52,5416.84,23132.35,5215.97
427,Oct 28 2016,16613286.5,1273.0,1164.79,1047.82,8630.56,5410.27,22954.81,5190.1
428,Oct 31 2016,16597056.0,1272.0,1160.37,1041.85,8612.46,5422.54,22934.54,5189.14
429,Nov 01 2016,16803320.04,1288.45,1166.71,1054.42,8729.12,5416.01,23147.07,5153.58
430,Nov 02 2016,17021760.0,1303.75,1172.65,1058.67,8814.65,5405.45,22810.5,5105.57
431,Nov 04 2016,17027593.45,1302.8,1171.27,1038.25,8805.75,5362.66,22642.62,5046.37
432,Nov 07 2016,16792555.84,1283.05,1162.76,1035.22,8693.69,5386.21,22801.4,5166.17
433,Nov 08 2016,16778265.48,1282.35,1160.87,1033.82,8693.82,5470.68,22909.47,5193.49
434,Nov 09 2016,16785057.32,1281.4,1170.55,1029.73,8678.92,5414.32,22415.19,5251.07
435,Nov 10 2016,16651781.25,1267.5,1165.09,1015.34,8609.24,5450.31,22839.11,5208.8
436,Nov 11 2016,16429328.73,1236.45,1139.06,982.32,8427.15,5231.97,22531.09,5237.11
437,Nov 14 2016,16210660.04,1213.6,1131.77,974.31,8301.99,5115.74,22222.22,5218.4
438,Nov 15 2016,16395118.72,1226.95,1143.64,990.55,8407.31,5078.5,22323.91,5275.62
439,Nov 16 2016,16443622.35,1229.2,1151.53,989.58,8443.99,5185.47,22280.53,5294.58
440,Nov 17 2016,16404714.38,1226.75,1149.29,986.53,8427.77,5193.02,22262.88,5333.97
441,Nov 18 2016,16260702.5,1211.0,1145.21,983.67,8345.24,5170.11,22344.21,5321.51
442,Nov 21 2016,16301306.25,1214.25,1143.09,973.35,8373.59,5148.32,22357.78,5368.86
443,Nov 22 2016,16295670.63,1212.25,1144.71,975.65,8349.98,5204.67,22678.07,5386.35
444,Nov 25 2016,16053546.39,1187.7,1120.0,953.9,8213.06,5122.1,22723.45,5398.92
445,Nov 28 2016,16066045.0,1187.0,1121.45,956.33,8192.91,5114.57,22830.57,5368.81
446,Nov 29 2016,16104447.22,1186.55,1117.33,948.71,8176.99,5136.67,22737.07,5379.92
447,Nov 30 2016,15966198.26,1178.1,1110.58,942.93,8113.57,5148.91,22789.77,5323.68
448,Dec 01 2016,15745970.14,1161.85,1094.9,920.57,8010.84,5198.76,22878.23,5251.11
449,Dec 02 2016,15868653.75,1173.5,1100.79,927.05,8076.73,5245.96,22564.82,5255.65
450,Dec 05 2016,15611250.84,1162.2,1083.64,914.76,8002.91,5268.31,22505.55,5308.89
451,Dec 06 2016,15690981.25,1172.5,1092.37,922.43,8062.34,5272.97,22675.15,5333.0
452,Dec 07 2016,15695129.07,1177.65,1093.91,933.94,8109.65,5265.37,22800.92,5393.76
453,Dec 08 2016,15559153.23,1171.05,1103.57,932.77,8055.89,5303.73,22861.84,5417.36
454,Dec 09 2016,15507877.05,1163.6,1104.3,925.73,8029.42,5308.13,22760.98,5444.5
455,Dec 13 2016,15417401.53,1158.55,1088.76,913.4,7995.73,5293.62,22446.7,5463.83
456,Dec 14 2016,15453276.0,1162.25,1091.01,914.94,8025.22,5262.82,22456.62,5436.67
457,Dec 15 2016,15098311.97,1126.95,1082.05,908.43,7816.07,5254.36,22059.4,5456.85
458,Dec 16 2016,15152122.04,1131.6,1087.08,910.16,7869.71,5231.65,22020.75,5437.16
459,Dec 19 2016,15207570.0,1136.25,1088.68,916.96,7891.48,5191.91,21832.68,5457.44
460,Dec 20 2016,15115336.09,1125.7,1084.7,911.28,7824.63,5162.48,21729.06,5483.94
461,Dec 21 2016,15269130.53,1133.65,1086.6,916.16,7880.34,5111.39,21809.8,5471.43
462,Dec 22 2016,15219483.9,1131.35,1081.96,920.1,7859.15,5042.87,21636.2,5447.42
463,Dec 28 2016,15251858.53,1134.6,1091.59,927.91,7890.91,5209.44,21754.74,5438.56
464,Dec 29 2016,15426677.44,1145.9,1092.43,937.15,7969.16,5302.57,21790.91,5432.09
465,Dec 30 2016,15438136.43,1145.9,1086.42,927.37,7963.43,5296.71,22000.56,5383.12
466,Jan 04 2017,15647520.0,1164.25,1111.4,946.7,8089.79,5301.18,22134.47,5477.01
467,Jan 05 2017,15738361.85,1176.7,1110.04,947.5,8097.7,5325.5,22456.69,5487.94
468,Jan 06 2017,15715233.29,1175.85,1111.65,954.5,8140.41,5347.02,22503.01,5521.06
469,Jan 10 2017,15838192.5,1189.5,1123.02,976.52,8236.1,5309.92,22744.85,5551.82
470,Jan 11 2017,15708890.35,1178.55,1125.81,976.75,8163.34,5301.24,22935.35,5563.65
471,Jan 12 2017,16015111.9,1205.05,1131.13,986.21,8317.01,5292.75,22829.02,5547.49
472,Jan 13 2017,15869149.07,1190.35,1120.33,977.5,8212.46,5272.98,22937.38,5574.12
473,Jan 17 2017,16236088.97,1216.05,1137.19,981.79,8357.67,5266.94,22840.97,5538.73
474,Jan 18 2017,16207801.88,1214.75,1135.97,984.16,8301.84,5294.78,23098.26,5555.65
475,Jan 19 2017,15995372.06,1196.05,1127.13,972.08,8224.76,5298.95,23049.96,5540.08
476,Jan 20 2017,16099372.88,1200.55,1124.27,974.39,8254.38,5254.31,22885.91,5555.33
477,Jan 23 2017,16203674.04,1212.85,1128.6,970.98,8314.69,5250.97,22898.52,5552.94
478,Jan 24 2017,16221158.2,1216.8,1131.38,972.39,8344.2,5292.09,22949.86,5600.96
479,Jan 25 2017,15965797.5,1195.0,1112.46,947.36,8221.36,5293.78,23049.12,5656.34
480,Jan 26 2017,15868812.8,1189.7,1115.15,945.03,8182.76,5317.63,23374.17,5655.18
481,Jan 27 2017,15827816.77,1184.85,1106.77,944.18,8149.4,5312.84,23360.78,5660.78
482,Feb 01 2017,16095808.32,1203.65,1118.74,951.77,8278.7,5327.16,23318.39,5642.65
483,Feb 02 2017,16316086.72,1221.95,1130.76,975.06,8404.57,5353.71,23184.52,5636.2
484,Feb 03 2017,16216843.35,1215.2,1126.33,971.58,8353.28,5360.77,23129.21,5666.77
485,Feb 06 2017,16343376.88,1226.75,1142.23,985.66,8420.78,5395.99,23348.24,5663.55
486,Feb 07 2017,16407383.5,1231.0,1151.81,990.31,8470.26,5381.48,23331.57,5674.22
487,Feb 08 2017,16550980.55,1242.1,1160.08,990.83,8544.16,5361.09,23485.13,5682.45
488,Feb 09 2017,16446345.4,1236.8,1159.74,987.47,8493.35,5372.08,23525.14,5715.18
489,Feb 10 2017,16355426.05,1228.3,1156.21,984.18,8454.39,5371.67,23574.98,5734.13
490,Feb 13 2017,16288314.63,1222.25,1152.47,977.64,8406.63,5409.56,23710.98,5763.96
491,Feb 14 2017,16406512.88,1230.75,1165.04,987.6,8452.05,5380.67,23703.01,5782.57
492,Feb 16 2017,16524123.4,1240.55,1162.54,992.28,8508.43,5378.0,24107.7,5814.9
493,Feb 17 2017,16558297.72,1241.95,1168.4,999.03,8532.69,5350.93,24033.74,5838.58
494,Feb 21 2017,16490966.35,1233.2,1170.41,989.01,8487.99,5340.99,23963.63,5865.95
495,Feb 22 2017,16530299.24,1236.65,1172.9,992.7,8505.68,5358.68,24201.96,5860.63
496,Feb 23 2017,16660711.6,1247.9,1178.1,994.42,8582.31,5372.75,24114.86,5835.51
497,Feb 24 2017,16711780.02,1253.65,1186.16,1003.48,8615.46,5385.91,23965.7,5845.31
498,Feb 27 2017,16774190.35,1257.2,1184.64,1008.3,8638.72,5382.87,23925.05,5861.9
499,Feb 28 2017,16744679.65,1255.6,1181.63,1009.0,8624.46,5386.69,23740.73,5825.44
500,Mar 01 2017,16574223.5,1240.4,1175.07,1007.15,8533.95,5363.06,23776.49,5904.03
501,Mar 02 2017,16539156.89,1238.1,1176.17,1007.98,8521.47,5408.25,23728.07,5861.22
502,Mar 03 2017,16413636.25,1226.5,1161.18,1000.33,8461.5,5391.22,23552.72,5870.75
503,Mar 06 2017,16433181.85,1230.95,1161.49,1004.41,8484.94,5409.82,23596.28,5849.18
504,Mar 07 2017,16238626.25,1216.65,1149.9,997.7,8392.82,5402.61,23681.07,5833.93
505,Mar 08 2017,16142819.35,1209.2,1145.51,993.71,8351.94,5393.76,23782.27,5837.55
506,Mar 09 2017,16151478.96,1206.55,1140.3,993.0,8337.26,5402.39,23501.56,5838.81
507,Mar 10 2017,16090253.04,1202.65,1128.56,988.45,8318.01,5390.68,23568.67,5861.73
508,Mar 13 2017,16083294.55,1204.2,1128.69,984.35,8320.06,5409.37,23829.67,5875.78
509,Mar 14 2017,16107306.94,1204.6,1131.61,989.97,8329.08,5431.59,23827.95,5856.82
510,Mar 15 2017,16020161.19,1198.8,1127.7,980.85,8285.5,5432.38,23792.85,5900.05
511,Mar 16 2017,16413664.57,1229.35,1145.02,993.86,8479.32,5518.24,24288.28,5900.76
512,Mar 17 2017,16409010.05,1229.6,1144.72,993.86,8494.69,5540.43,24309.93,5901.0
513,Mar 21 2017,16536868.45,1241.6,1148.57,994.91,8563.31,5543.09,24593.12,5793.82
514,Mar 22 2017,16648584.85,1249.05,1156.37,1001.24,8602.08,5534.09,24320.41,5821.64
515,Mar 23 2017,16622313.75,1247.5,1156.49,995.97,8591.91,5563.76,24327.7,5817.69
516,Mar 24 2017,16624808.75,1247.5,1154.51,998.76,8593.03,5567.13,24358.27,5828.74
517,Mar 27 2017,16737359.13,1257.55,1155.36,1000.36,8647.16,5541.2,24193.7,5840.37
518,Mar 29 2017,16656517.9,1251.1,1163.81,1007.94,8620.08,5592.51,24392.05,5897.55
519,Mar 30 2017,16629018.2,1248.8,1163.3,999.64,8604.85,5592.95,24301.09,5914.34
520,Mar 31 2017,16588246.72,1244.85,1163.9,995.52,8579.26,5568.11,24111.59,5911.74
521,Apr 03 2017,16616488.13,1247.25,1170.85,999.48,8595.8,5606.79,24261.48,5894.68
522,Apr 05 2017,16595299.2,1245.8,1168.34,998.48,8590.91,5676.98,24400.8,5864.48
523,Apr 06 2017,16702713.75,1252.5,1175.23,1002.28,8642.5,5680.24,24273.72,5878.95
524,Apr 07 2017,16871013.02,1266.45,1192.85,1021.99,8736.98,5653.49,24267.3,5877.81
525,Apr 10 2017,16608786.73,1250.05,1179.4,1005.91,8631.72,5644.3,24262.18,5880.93
526,Apr 11 2017,16640390.05,1252.9,1178.81,1003.32,8648.77,5627.93,24088.46,5866.77
527,Apr 12 2017,16916329.91,1274.3,1199.91,1018.58,8783.37,5644.15,24313.5,5836.16
528,Apr 13 2017,17023333.18,1284.15,1208.56,1025.84,8838.8,5616.55,24261.66,5805.15
529,Apr 18 2017,17005558.03,1278.95,1195.45,1002.0,8805.83,5606.52,23924.54,5849.47
530,Apr 20 2017,17082057.4,1282.1,1190.82,998.4,8825.85,5595.31,24056.98,5916.78
531,Apr 21 2017,17075521.9,1281.85,1199.34,1003.25,8823.1,5664.48,24042.02,5910.52
532,Apr 25 2017,16837015.31,1267.8,1160.35,988.5,8730.07,5680.8,24455.94,6025.49
533,Apr 26 2017,16763675.3,1261.85,1160.16,981.56,8695.15,5726.53,24578.43,6025.23
534,Apr 27 2017,16812916.6,1262.8,1162.1,979.22,8703.59,5707.03,24698.48,6048.94
535,Apr 28 2017,16880511.4,1266.45,1163.0,978.9,8735.21,5685.3,24615.13,6047.61
536,May 02 2017,16711922.03,1255.45,1151.63,971.37,8658.46,5675.81,24696.13,6095.37
537,May 08 2017,16366790.7,1229.8,1124.95,950.31,8489.68,5707.86,24577.91,6102.66
538,May 09 2017,16292338.7,1220.4,1120.56,942.39,8427.47,5697.06,24889.03,6120.59
539,May 10 2017,16335553.97,1222.95,1125.17,944.44,8442.76,5653.01,25015.42,6129.14
540,May 12 2017,16411946.88,1231.25,1127.21,955.16,8499.2,5675.22,25156.34,6121.23
541,May 15 2017,16407820.6,1233.3,1123.38,954.75,8506.68,5688.87,25371.59,6149.67
542,May 16 2017,16415476.45,1234.2,1113.55,955.37,8503.27,5647.0,25335.94,6169.87
543,May 17 2017,16752967.6,1257.4,1128.07,969.28,8664.74,5615.49,25293.63,6011.24
544,May 18 2017,16773171.15,1255.9,1128.75,966.19,8653.4,5645.45,25136.52,6055.13
545,May 19 2017,16695420.0,1252.0,1118.36,961.27,8629.53,5791.88,25174.87,6083.7
546,May 22 2017,16745850.18,1258.85,1119.13,967.19,8676.5,5749.44,25391.34,6133.62
547,May 23 2017,16763809.85,1260.2,1122.22,970.88,8682.4,5730.61,25403.15,6138.71
548,May 24 2017,16668306.53,1252.55,1119.95,967.29,8631.07,5703.43,25428.5,6163.02
549,May 26 2017,16818837.15,1265.05,1131.13,989.05,8679.51,5716.81,25639.27,6210.19
550,May 31 2017,16865783.35,1266.2,1126.01,980.83,8636.75,5738.15,25660.65,6198.52
551,Jun 02 2017,16963846.58,1274.95,1130.78,989.68,8690.31,5742.45,25924.05,6305.8
552,Jun 05 2017,17005415.05,1279.95,1137.48,989.72,8704.94,5748.23,25862.99,6295.68
553,Jun 06 2017,17191908.5,1293.5,1148.2,1003.22,8791.53,5707.83,25997.14,6275.06
554,Jun 07 2017,17176755.0,1291.0,1146.28,996.18,8771.57,5717.32,25974.16,6297.38
555,Jun 08 2017,16933501.15,1273.1,1134.47,983.24,8648.93,5702.92,26063.06,6321.76
556,Jun 09 2017,16834346.73,1266.55,1132.47,994.04,8611.52,5675.52,26030.29,6207.92
557,Jun 12 2017,16840585.9,1266.4,1130.51,999.25,8609.11,5691.44,25708.04,6175.47
558,Jun 13 2017,16772611.0,1262.0,1126.13,991.32,8579.2,5707.65,25852.1,6220.37
559,Jun 14 2017,16941828.75,1275.5,1130.91,997.5,8669.45,5792.9,25875.9,6194.89
560,Jun 15 2017,16667948.71,1254.55,1125.16,983.07,8527.8,5776.28,25565.34,6165.5
561,Jun 16 2017,16693680.2,1255.4,1121.04,980.59,8554.04,5723.64,25626.49,6151.76
562,Jun 19 2017,16585415.9,1248.15,1117.61,978.44,8508.64,5741.91,25924.55,6239.01
563,Jun 20 2017,16506974.05,1242.2,1116.43,984.54,8479.63,5791.9,25843.04,6188.03
564,Jun 21 2017,16548236.25,1242.5,1115.05,981.09,8485.16,5818.55,25694.58,6233.95
565,Jun 22 2017,16670034.4,1250.8,1121.04,987.92,8544.09,5829.71,25674.53,6236.69
566,Jul 03 2017,16436301.75,1229.25,1081.32,950.18,8347.1,5910.24,25784.17,6110.06
567,Jul 05 2017,16311747.49,1220.3,1077.15,944.18,8296.94,5825.05,25521.97,6150.85
568,Jul 06 2017,16402634.59,1224.9,1073.96,945.98,8333.36,5849.57,25465.22,6089.46
569,Jul 07 2017,16292747.82,1215.65,1067.2,943.75,8266.3,5814.79,25340.85,6153.08
570,Jul 10 2017,16236428.94,1211.9,1064.14,942.16,8242.98,5771.51,25500.06,6176.39
571,Jul 11 2017,16217773.46,1211.05,1060.56,943.04,8235.99,5773.33,25877.64,6193.31
572,Jul 12 2017,16294743.99,1218.8,1067.3,945.65,8272.6,5819.13,26043.64,6261.17
573,Jul 13 2017,16269875.9,1218.9,1068.84,942.44,8265.85,5830.04,26346.17,6274.44
574,Jul 14 2017,16410353.94,1230.3,1074.73,940.27,8346.48,5831.8,26389.23,6312.47
575,Jul 17 2017,16447465.8,1234.1,1075.84,944.33,8354.73,5841.28,26470.58,6314.43
576,Jul 18 2017,16508178.75,1240.75,1071.32,953.03,8384.99,5822.35,26524.94,6344.31
577,Jul 19 2017,16544194.55,1242.15,1078.4,952.46,8391.34,5806.69,26672.16,6385.04
578,Jul 20 2017,16509392.95,1238.7,1064.72,953.95,8384.02,5825.21,26740.21,6390.0
579,Jul 21 2017,16622567.82,1248.55,1071.07,961.2,8450.06,5765.42,26706.09,6387.75
580,Jul 24 2017,16708856.8,1255.55,1078.33,962.33,8475.71,5801.59,26846.83,6410.81
581,Jul 25 2017,16716133.1,1254.4,1075.63,961.34,8468.58,5813.53,26852.05,6412.17
582,Jul 26 2017,16645283.7,1248.1,1073.13,956.0,8430.66,5800.21,26941.02,6422.75
583,Jul 27 2017,16795327.85,1261.1,1081.01,963.78,8496.79,5819.74,27131.17,6382.19
584,Jul 28 2017,16856056.1,1264.9,1076.79,964.17,8528.97,5831.03,26979.39,6374.68
585,Jul 31 2017,16888833.6,1267.55,1075.11,961.47,8529.22,5840.94,27323.99,6348.12
586,Aug 01 2017,16931595.25,1270.95,1076.16,960.55,8539.39,5805.2,27540.23,6362.94
587,Aug 02 2017,16916148.45,1269.6,1070.76,960.07,8534.5,5824.25,27607.38,6362.65
588,Aug 03 2017,16894894.35,1268.1,1067.51,964.92,8525.82,5780.58,27531.01,6340.34
589,Aug 04 2017,16747532.55,1257.7,1070.25,964.64,8449.1,5777.48,27562.68,6351.56
590,Aug 07 2017,16757818.0,1258.0,1066.51,965.98,8451.62,5749.29,27690.36,6383.77
591,Aug 08 2017,16799602.6,1261.8,1075.06,973.69,8458.85,5810.56,27854.91,6370.46
592,Aug 09 2017,16959617.54,1271.05,1082.48,978.41,8489.72,5824.01,27757.09,6352.33
593,Aug 10 2017,17130041.5,1284.4,1093.15,988.84,8554.23,5825.95,27444.0,6216.87
594,Aug 14 2017,17116778.94,1282.3,1088.22,987.49,8551.27,5801.49,27250.23,6340.23
595,Aug 15 2017,16968664.79,1270.3,1084.01,988.29,8482.81,5835.04,27174.96,6333.01
596,Aug 16 2017,17027485.88,1272.75,1087.45,988.81,8521.06,5891.95,27409.07,6345.11
597,Aug 18 2017,17314476.99,1295.8,1102.76,1007.82,8655.42,5893.84,27047.57,6216.53
598,Aug 21 2017,17260860.15,1292.9,1094.06,1001.78,8623.64,5861.0,27154.68,6213.13
599,Aug 22 2017,17135079.95,1284.2,1091.59,1000.58,8552.77,5880.3,27401.67,6297.48
600,Aug 23 2017,17179992.82,1286.65,1089.0,1005.59,8573.72,5914.02,27506.0,6278.41
601,Aug 24 2017,17206861.0,1289.0,1091.91,1007.15,8585.64,5894.12,27518.6,6271.33
602,Aug 25 2017,17153611.19,1285.3,1082.63,998.02,8565.88,5915.36,27848.16,6265.64
603,Aug 28 2017,17145256.74,1285.3,1075.07,994.12,8524.75,5903.34,27863.29,6283.02
604,Aug 29 2017,17592108.35,1318.65,1096.5,1018.34,8699.79,5888.21,27765.01,6301.89
605,Aug 30 2017,17458988.38,1308.5,1098.15,1012.65,8626.42,5872.51,28094.61,6368.31
606,Aug 31 2017,17501368.5,1311.75,1103.33,1018.01,8653.48,5864.06,27970.3,6428.66
607,Sep 05 2017,17812895.52,1335.55,1120.19,1025.14,8749.99,5829.98,27741.35,6375.57
608,Sep 06 2017,17837552.1,1337.85,1120.67,1023.6,8728.93,5824.14,27613.76,6393.31
609,Sep 07 2017,17872580.5,1343.5,1118.88,1024.79,8733.56,5832.31,27522.92,6397.87
610,Sep 08 2017,17780596.88,1346.25,1119.96,1021.12,8702.83,5857.12,27668.47,6360.19
611,Sep 11 2017,17561406.86,1334.2,1113.36,1011.91,8704.05,5871.88,27955.13,6432.26
612,Sep 12 2017,17506483.75,1326.5,1109.72,999.85,8665.89,5872.38,27972.24,6454.28
613,Sep 13 2017,17524984.97,1327.55,1114.04,1003.44,8669.7,5845.73,27894.08,6460.19
614,Sep 14 2017,17547635.81,1324.55,1115.65,992.17,8682.56,5852.0,27777.2,6429.08
615,Sep 15 2017,17514532.06,1322.85,1105.74,973.08,8654.88,5872.39,27807.59,6448.47
616,Sep 18 2017,17389915.41,1312.1,1097.58,969.56,8610.0,5884.61,28159.77,6454.64
617,Sep 19 2017,17389521.65,1309.6,1093.25,968.46,8625.16,5901.33,28051.41,6461.32
618,Sep 20 2017,17418650.96,1311.3,1093.11,966.72,8620.75,5906.57,28127.8,6456.04
619,Sep 22 2017,17236375.0,1294.8,1081.79,957.09,8537.52,5911.71,27880.53,6426.92
620,Sep 25 2017,17229340.0,1293.3,1089.69,958.92,8561.77,5894.61,27500.34,6370.59
621,Sep 26 2017,17386866.09,1300.05,1104.87,968.89,8620.63,5863.96,27513.01,6380.16
622,Sep 27 2017,17237469.38,1282.55,1093.25,958.16,8509.59,5863.03,27642.43,6453.26
623,Sep 28 2017,17318806.27,1283.35,1088.92,954.52,8559.82,5841.05,27421.6,6453.45
624,Sep 29 2017,17282071.93,1283.1,1085.35,956.36,8523.37,5900.85,27554.3,6495.96
625,Oct 03 2017,17213996.25,1271.25,1081.5,959.72,8444.66,5939.45,28173.21,6531.71
626,Oct 04 2017,17172430.13,1274.25,1083.41,959.45,8464.59,5951.48,28379.18,6534.63
627,Oct 06 2017,17039344.56,1261.8,1075.47,966.34,8381.88,5905.38,28458.04,6590.18
628,Oct 10 2017,17446812.68,1291.4,1092.88,976.96,8505.29,5905.76,28490.83,6587.25
629,Oct 11 2017,17438395.5,1289.25,1088.57,977.52,8491.0,5882.79,28389.57,6603.55
630,Oct 12 2017,17424181.13,1290.25,1089.19,979.99,8501.59,5926.2,28459.03,6591.51
631,Oct 13 2017,17532901.62,1299.6,1098.05,976.78,8560.98,5924.12,28476.43,6605.8
632,Oct 16 2017,17563268.17,1303.3,1104.73,981.51,8590.96,5949.7,28692.8,6624.01
633,Oct 17 2017,17352475.88,1284.75,1093.22,975.62,8499.91,5947.33,28697.49,6623.66
634,Oct 18 2017,17303182.54,1280.2,1087.08,972.06,8475.56,5929.2,28711.76,6624.22
635,Oct 19 2017,17390197.08,1286.4,1085.25,974.25,8526.13,5910.53,28159.09,6605.07
636,Oct 20 2017,17322463.94,1281.2,1086.96,971.42,8482.18,5929.55,28487.24,6629.05
637,Oct 23 2017,17265331.93,1274.9,1085.53,966.86,8463.81,5950.03,28305.88,6586.83
638,Oct 24 2017,17273558.96,1276.45,1085.32,973.05,8466.56,5952.08,28154.97,6598.43
639,Oct 25 2017,17304937.5,1275.0,1079.55,962.16,8466.38,6025.43,28302.89,6563.89
640,Oct 26 2017,17299435.63,1273.75,1088.35,967.27,8451.33,5995.85,28202.38,6556.77
641,Oct 27 2017,17244615.76,1266.45,1093.42,965.87,8425.44,5975.28,28438.85,6701.26
642,Oct 30 2017,17276940.0,1272.0,1093.96,964.04,8455.75,5974.08,28336.19,6698.96
643,Oct 31 2017,17226408.05,1270.15,1090.3,956.47,8417.79,6005.78,28245.54,6727.67
644,Nov 01 2017,17344251.92,1277.05,1099.34,963.38,8448.45,6038.15,28594.06,6716.53
645,Nov 02 2017,17336357.34,1279.2,1095.82,978.95,8450.78,6031.11,28518.64,6714.94
646,Nov 06 2017,17185743.93,1270.9,1096.93,968.53,8431.28,6050.82,28596.8,6786.44
647,Nov 07 2017,17238456.42,1275.6,1101.89,970.81,8459.39,6060.45,28994.34,6767.78
648,Nov 08 2017,17355828.0,1284.0,1108.28,980.12,8519.34,6049.38,28907.6,6789.12
649,Nov 09 2017,17364069.36,1284.8,1105.2,979.42,8529.14,6042.46,29136.57,6750.05
650,Nov 10 2017,17381071.41,1284.3,1101.22,971.45,8527.24,6021.83,29120.92,6750.94
651,Nov 13 2017,17316221.84,1277.95,1095.59,974.72,8490.06,6021.46,29182.18,6757.6
652,Nov 14 2017,17274014.51,1274.6,1084.35,971.68,8467.04,5988.29,29152.12,6737.87
653,Nov 15 2017,17354576.34,1282.2,1086.52,974.13,8501.24,5972.31,28851.69,6706.21
654,Nov 16 2017,17333760.0,1280.0,1087.28,970.1,8489.86,6037.91,29018.76,6793.29
655,Nov 17 2017,17374042.64,1284.35,1090.1,972.81,8522.17,6051.73,29199.04,6782.79
656,Nov 20 2017,17407430.14,1286.2,1094.78,969.77,8527.63,6053.28,29260.31,6790.71
657,Nov 21 2017,17367537.91,1283.3,1094.45,970.07,8513.41,6031.86,29818.07,6862.48
658,Nov 22 2017,17407285.04,1286.95,1091.88,968.83,8514.98,6069.78,30003.49,6867.36
659,Nov 24 2017,17429493.0,1290.5,1081.09,966.3,8522.07,6067.14,29866.32,6889.16
660,Nov 27 2017,17505104.33,1294.9,1086.46,970.76,8543.62,6064.59,29686.19,6878.52
661,Nov 28 2017,17451599.67,1291.85,1088.56,976.45,8518.84,6070.72,29680.85,6912.36
662,Nov 29 2017,17335182.65,1283.85,1083.37,957.42,8470.71,6061.37,29623.83,6824.39
663,Nov 30 2017,17315984.54,1280.2,1073.68,945.74,8463.02,5952.14,29177.35,6873.97
664,Dec 04 2017,17224684.04,1273.45,1074.64,944.84,8428.33,5998.19,29138.28,6775.37
665,Dec 05 2017,17115941.31,1266.3,1070.28,941.0,8373.66,6000.47,28842.8,6762.21
666,Dec 06 2017,17103546.99,1263.7,1071.93,944.15,8359.0,6035.51,28224.8,6776.38
667,Dec 07 2017,17009642.5,1255.0,1064.46,935.35,8302.33,6006.84,28303.19,6812.84
668,Dec 08 2017,16943804.88,1250.65,1064.25,935.0,8276.3,6030.96,28639.85,6840.08
669,Dec 11 2017,16898257.6,1247.15,1057.31,933.57,8252.76,6026.63,28965.29,6875.08
670,Dec 12 2017,16835909.43,1240.9,1057.93,931.5,8216.12,6032.37,28793.88,6862.32
671,Dec 13 2017,16884505.55,1242.65,1056.9,930.02,8226.71,6054.6,29222.1,6875.8
672,Dec 14 2017,16985452.5,1251.0,1062.38,931.91,8267.61,6113.65,29166.38,6856.53
673,Dec 15 2017,17033074.91,1254.6,1066.34,942.1,8290.65,6119.42,28848.11,6936.58
674,Dec 18 2017,17120206.61,1260.6,1067.17,940.85,8340.63,6133.96,29050.41,6994.76
675,Dec 19 2017,17111139.79,1260.35,1067.14,944.08,8327.51,6167.67,29253.66,6963.85
676,Dec 20 2017,17169424.97,1264.55,1064.21,943.27,8320.74,6109.48,29234.09,6960.96
677,Dec 21 2017,17144133.98,1264.55,1066.23,946.94,8328.07,6183.39,29367.06,6965.36
678,Dec 22 2017,17148559.9,1264.55,1068.57,946.09,8307.33,6221.01,29578.01,6959.96
679,Dec 27 2017,17348022.98,1279.4,1075.71,954.81,8389.02,6277.16,29597.66,6939.34
680,Dec 28 2017,17508542.0,1291.0,1081.42,960.67,8437.07,6314.05,29863.71,6950.16
681,Dec 29 2017,17515642.5,1291.0,1075.12,954.35,8406.99,6355.65,29919.15,6903.39
682,Jan 04 2018,17645190.75,1314.5,1088.57,970.0,8540.57,6292.32,30736.48,7077.91
683,Jan 05 2018,17672858.81,1317.15,1094.3,971.14,8541.85,6353.74,30814.64,7136.56
684,Jan 09 2018,17616562.5,1311.0,1098.91,969.46,8549.16,6373.14,31011.41,7163.58
685,Jan 10 2018,17730181.38,1319.75,1101.49,975.32,8600.55,6371.17,31073.72,7153.57
686,Jan 11 2018,17728205.86,1323.05,1098.33,977.54,8611.07,6386.34,31120.39,7211.78
687,Jan 12 2018,17717421.19,1326.8,1092.33,969.35,8581.74,6370.06,31412.54,7261.06
688,Jan 16 2018,17790222.42,1333.85,1090.59,968.38,8584.66,6429.69,31904.75,7223.69
689,Jan 17 2018,17842947.05,1335.65,1090.99,965.48,8590.9,6444.52,31983.41,7298.28
690,Jan 18 2018,17780206.65,1332.2,1088.44,959.45,8559.92,6472.67,32121.94,7296.05
691,Jan 19 2018,17772856.17,1334.95,1092.03,964.11,8549.02,6490.9,32254.89,7336.38
692,Jan 22 2018,17786876.54,1332.6,1087.7,954.14,8533.3,6500.53,32393.41,7408.03
693,Jan 23 2018,17770887.2,1333.4,1084.68,951.21,8540.43,6635.33,32930.7,7460.29
694,Jan 24 2018,18023161.15,1353.7,1093.28,951.77,8647.03,6615.49,32958.69,7415.06
695,Jan 25 2018,18003897.48,1354.95,1083.7,947.35,8583.61,6615.33,32654.45,7411.16
696,Jan 26 2018,18002306.3,1353.15,1088.31,954.06,8554.61,6660.62,33154.12,7505.77
697,Jan 29 2018,17958537.52,1343.85,1087.57,955.56,8501.6,6680.62,32966.89,7466.51
698,Jan 30 2018,18065367.94,1344.9,1083.59,952.68,8530.56,6575.49,32607.29,7402.48
699,Jan 31 2018,18008199.31,1345.05,1079.71,945.85,8461.98,6605.63,32887.27,7411.48
700,Feb 01 2018,18010304.48,1341.35,1075.62,942.19,8444.87,6598.46,32642.09,7385.86
701,Feb 02 2018,17905962.91,1331.15,1070.32,942.47,8358.69,6628.82,32601.78,7240.95
702,Feb 05 2018,18033604.02,1333.6,1073.75,951.28,8392.74,6589.68,32245.22,6967.53
703,Feb 06 2018,18046459.98,1331.4,1078.54,957.33,8357.33,6478.54,30595.42,7115.88
704,Feb 07 2018,17952317.8,1324.65,1077.52,954.19,8291.65,6534.87,30323.2,7051.98
705,Feb 08 2018,17901300.66,1315.45,1073.18,939.74,8321.54,6544.63,30451.27,6777.16
706,Feb 09 2018,17903953.45,1314.1,1072.87,951.76,8278.96,6505.52,29507.42,6874.49
707,Feb 13 2018,18098314.92,1325.35,1072.64,954.93,8407.09,6578.18,29839.53,7013.51
708,Feb 14 2018,18220436.88,1336.25,1077.06,956.93,8477.3,6594.4,30515.6,7143.61
709,Feb 15 2018,18337192.66,1352.45,1083.74,962.05,8580.08,6591.58,31115.43,7256.43
710,Feb 20 2018,18240715.91,1339.85,1085.69,956.69,8500.14,6662.88,30873.63,7234.31
711,Feb 21 2018,18118749.0,1330.5,1080.0,951.82,8440.83,6643.4,31431.89,7218.23
712,Feb 22 2018,18175146.87,1328.35,1078.21,952.94,8448.97,6593.06,30965.68,7210.09
713,Feb 23 2018,18149755.96,1327.95,1079.85,950.44,8415.48,6619.8,31267.17,7337.39
714,Feb 26 2018,18216276.75,1333.5,1085.25,956.84,8411.32,6554.67,31498.6,7421.46
715,Feb 27 2018,18129631.25,1325.75,1083.22,955.08,8361.77,6598.93,31268.66,7330.35
716,Feb 28 2018,18118458.71,1317.85,1080.52,956.45,8344.62,6597.22,30844.72,7273.01
717,Mar 01 2018,17975023.75,1307.75,1073.82,953.03,8295.06,6606.05,31044.25,7180.56
718,Mar 02 2018,18191539.56,1322.3,1074.12,960.21,8392.11,6582.32,30583.45,7257.87
719,Mar 05 2018,18172003.66,1320.4,1071.15,953.63,8372.66,6550.59,29886.39,7330.7
720,Mar 06 2018,18340033.65,1331.4,1073.71,958.98,8441.74,6500.11,30510.73,7372.01
721,Mar 07 2018,18303177.86,1329.4,1071.88,956.78,8405.53,6368.27,30196.92,7396.65
722,Mar 08 2018,18209985.0,1321.0,1071.5,955.2,8364.7,6443.02,30654.52,7427.95
723,Mar 09 2018,18204468.98,1320.6,1071.96,952.33,8368.64,6433.32,30996.21,7560.81
724,Mar 12 2018,18165353.73,1319.15,1070.87,949.17,8341.91,6500.69,31594.33,7588.32
725,Mar 13 2018,18191119.38,1322.75,1066.99,945.73,8371.16,6412.85,31601.45,7511.01
726,Mar 14 2018,18180280.12,1323.55,1070.88,949.09,8359.41,6382.62,31435.01,7496.81
727,Mar 15 2018,18130834.38,1318.75,1070.37,945.54,8336.74,6321.9,31541.1,7481.74
728,Mar 16 2018,18014528.04,1310.1,1066.86,941.23,8285.86,6304.95,31501.97,7481.99
729,Mar 19 2018,18064528.46,1312.4,1064.4,935.39,8310.51,6289.57,31513.76,7344.24
730,Mar 20 2018,18026250.0,1311.0,1068.33,935.53,8298.76,6243.58,31549.93,7364.3
731,Mar 22 2018,18279134.03,1329.15,1079.86,942.99,8402.35,6254.07,31071.05,7166.68
732,Mar 23 2018,18558165.88,1346.6,1089.48,951.66,8515.9,6210.7,30309.29,6992.67
733,Mar 26 2018,18578593.66,1352.4,1086.96,950.72,8502.54,6200.17,30548.77,7220.54
734,Mar 27 2018,18433534.5,1341.45,1082.25,948.62,8415.45,6209.35,30790.83,7008.81
735,Mar 28 2018,18340507.35,1332.45,1078.82,944.93,8379.38,6140.84,30022.53,6949.23
736,Mar 29 2018,18226102.86,1323.85,1076.43,943.72,8329.27,6188.99,30093.38,7063.44
737,Apr 03 2018,18351604.95,1333.45,1086.4,949.41,8380.2,6229.01,30180.1,6941.28
738,Apr 04 2018,18409269.11,1337.3,1087.32,949.48,8424.85,6157.1,29518.69,7042.11
739,Apr 06 2018,18337944.93,1331.2,1085.68,945.12,8386.43,6175.05,29844.94,6915.11
740,Apr 09 2018,18330295.23,1331.95,1081.92,942.87,8405.8,6246.13,30229.58,6950.34
741,Apr 10 2018,18409222.88,1338.95,1084.17,944.65,8430.3,6325.82,30728.74,7094.3
742,Apr 11 2018,18584293.88,1350.75,1090.68,950.83,8489.87,6360.93,30897.71,7069.03
743,Apr 12 2018,18467034.11,1341.35,1088.98,942.49,8425.55,6310.8,30831.28,7140.25
744,Apr 13 2018,18479905.43,1343.7,1090.05,943.11,8439.64,6270.33,30808.38,7106.65
745,Apr 16 2018,18586619.56,1349.35,1091.13,941.63,8476.21,6286.75,30315.59,7156.28
746,Apr 17 2018,18475346.58,1342.1,1087.21,938.07,8424.23,6285.76,30062.75,7281.1
747,Apr 18 2018,18615547.35,1351.45,1091.9,949.42,8494.4,6320.01,30284.25,7295.24
748,Apr 19 2018,18586403.18,1348.6,1090.7,948.18,8466.78,6355.9,30708.44,7238.06
749,Apr 20 2018,18550748.13,1336.75,1088.69,953.26,8406.95,6337.69,30418.33,7146.13
750,Apr 23 2018,18401145.79,1324.3,1083.67,949.39,8348.52,6308.15,30254.4,7128.6
751,Apr 24 2018,18454402.34,1328.85,1087.93,951.59,8384.64,6229.64,30636.24,7007.35
752,Apr 25 2018,18398027.47,1321.65,1085.77,948.37,8353.36,6079.85,30328.15,7003.74
753,Apr 26 2018,18341220.57,1320.7,1090.32,947.93,8360.29,5909.2,30007.68,7118.68
754,Apr 27 2018,18355635.0,1321.5,1092.01,957.85,8384.78,5919.24,30280.67,7119.8
755,May 02 2018,18190328.82,1304.2,1090.79,959.04,8295.1,6012.24,30723.88,7100.9
756,May 07 2018,18331598.63,1309.4,1099.0,964.99,8334.2,5885.1,29994.26,7265.21
757,May 08 2018,18357727.94,1306.6,1102.15,966.53,8320.43,5774.72,30402.81,7266.9
758,May 09 2018,18497692.09,1313.85,1108.22,967.56,8380.13,5907.94,30536.14,7339.9
759,May 11 2018,18474680.46,1324.35,1108.8,977.2,8389.09,5956.83,31122.06,7402.88
760,May 14 2018,18436982.6,1319.85,1102.77,970.83,8363.49,5947.15,31541.08,7411.31
761,May 15 2018,18177915.0,1295.0,1091.72,959.51,8228.95,5838.12,31152.03,7351.63
762,May 16 2018,18198877.5,1291.25,1095.53,957.62,8223.33,5841.46,31110.2,7398.3
763,May 17 2018,18120054.0,1289.5,1093.54,954.94,8210.38,5815.92,30942.15,7382.47
764,May 18 2018,18229442.24,1288.3,1094.56,956.1,8213.04,5783.31,31047.91,7354.34
765,May 21 2018,18275242.67,1288.35,1096.42,960.99,8231.01,5733.85,31234.35,7394.04
766,May 23 2018,18312823.0,1289.0,1101.33,966.16,8230.78,5792.0,30665.64,7425.95
767,May 24 2018,18444052.68,1304.85,1112.97,975.66,8330.55,5946.54,30760.41,7424.43
768,May 25 2018,18405420.0,1303.5,1118.45,979.12,8328.32,5975.74,30588.04,7433.85
769,May 30 2018,18196792.32,1300.7,1120.09,979.89,8356.61,6011.06,30056.79,7462.45
770,May 31 2018,18137836.21,1305.35,1118.26,980.99,8355.54,5983.59,30468.56,7442.12
771,Jun 04 2018,17970481.72,1295.45,1107.55,971.65,8306.81,6014.82,30997.98,7606.46
772,Jun 05 2018,17932359.24,1292.05,1107.25,968.37,8270.8,6088.79,31093.45,7637.86
773,Jun 06 2018,18009633.22,1300.1,1103.56,968.24,8314.92,6069.71,31259.1,7689.24
774,Jun 07 2018,17994803.38,1297.25,1097.04,966.76,8295.13,6106.7,31512.63,7635.07
775,Jun 08 2018,18086569.88,1298.25,1103.39,968.7,8321.78,5993.63,30958.21,7645.51
776,Jun 20 2018,17751516.62,1274.2,1100.49,967.06,8244.71,5884.04,29696.17,7781.52
777,Jun 21 2018,17856512.07,1266.15,1090.85,955.04,8226.18,5822.33,29296.05,7712.95
778,Jun 22 2018,17869630.63,1269.15,1090.52,956.33,8243.38,5821.81,29338.7,7692.82
779,Jun 25 2018,17958447.81,1268.7,1085.66,956.32,8278.14,5859.08,28961.39,7532.01
780,Jun 26 2018,17868530.63,1260.3,1080.37,952.39,8263.41,5825.65,28881.4,7561.63
781,Jun 27 2018,17787716.72,1254.6,1081.97,954.25,8274.09,5787.55,28356.26,7445.09
782,Jun 28 2018,18009801.69,1251.55,1080.97,955.89,8293.39,5667.32,28497.32,7503.68
783,Jun 29 2018,17918947.8,1250.45,1071.0,947.13,8284.61,5799.24,28955.11,7510.3
784,Jul 03 2018,18000165.0,1251.75,1074.51,950.1,8344.42,5633.94,28545.57,7502.67
785,Jul 05 2018,18060367.5,1255.5,1072.8,949.41,8329.49,5739.33,28182.09,7586.43
786,Jul 06 2018,18039377.4,1255.35,1067.7,945.69,8344.94,5694.91,28315.62,7688.39
787,Jul 09 2018,18078863.45,1262.05,1073.22,951.81,8350.73,5807.38,28688.5,7756.2
788,Jul 10 2018,18007440.0,1254.0,1069.92,945.34,8303.99,5881.76,28682.25,7759.2
789,Jul 11 2018,18001387.6,1251.4,1067.66,944.6,8342.46,5893.36,28311.69,7716.61
790,Jul 12 2018,17916040.6,1245.9,1066.28,942.15,8306.41,5907.87,28480.83,7823.92
791,Jul 13 2018,17855645.3,1241.7,1064.24,940.61,8307.72,5944.07,28525.44,7825.98
792,Jul 17 2018,17715333.19,1232.8,1055.21,936.78,8234.61,5861.51,28181.68,7855.12
793,Jul 18 2018,17638922.5,1224.5,1051.75,938.39,8221.9,5890.73,28117.42,7854.44
794,Jul 19 2018,17624033.42,1217.55,1048.48,936.43,8245.12,5871.08,28010.86,7825.3
795,Jul 20 2018,17792300.0,1228.75,1049.54,937.91,8330.68,5872.78,28224.48,7820.2
796,Jul 23 2018,17749524.79,1224.95,1046.56,934.11,8308.34,5915.8,28256.12,7841.87
797,Jul 24 2018,17847923.37,1228.35,1049.38,933.93,8370.59,5931.84,28662.57,7840.77
798,Jul 25 2018,17807490.0,1231.5,1054.95,936.5,8348.09,5933.89,28920.9,7932.24
799,Jul 26 2018,17760495.0,1228.25,1053.43,934.03,8333.68,5946.14,28781.14,7852.19
800,Jul 27 2018,17646298.42,1223.95,1050.38,932.46,8348.32,5989.14,28804.28,7737.42
801,Jul 30 2018,17634955.19,1223.8,1044.96,930.86,8354.88,6027.94,28733.13,7630.0
802,Jul 31 2018,17606098.3,1220.95,1043.5,930.78,8334.81,5936.44,28583.01,7671.79
803,Aug 01 2018,17602360.0,1219.0,1044.34,928.94,8283.1,6033.42,28340.74,7707.29
804,Aug 02 2018,17593638.04,1215.45,1046.72,932.67,8299.09,6011.72,27714.56,7802.69
805,Aug 03 2018,17627224.92,1216.3,1049.44,934.32,8348.68,6007.54,27676.32,7812.02
806,Aug 06 2018,17503634.09,1209.65,1046.59,934.85,8277.27,6101.13,27819.56,7859.68
807,Aug 07 2018,17506331.88,1212.35,1045.85,935.93,8285.44,6091.25,28248.88,7883.66
808,Aug 08 2018,17459851.43,1209.55,1042.4,938.91,8264.01,6094.83,28359.14,7888.33
809,Aug 09 2018,17498781.39,1214.35,1049.34,943.66,8292.07,6065.26,28607.3,7891.78
810,Aug 10 2018,17578438.59,1214.4,1062.24,950.64,8327.87,6077.17,28366.62,7839.11
811,Aug 13 2018,17519106.11,1200.35,1051.46,939.54,8254.45,5861.25,27936.57,7819.71
812,Aug 14 2018,17452260.0,1197.0,1052.54,938.68,8238.47,5769.87,27752.93,7870.89
813,Aug 15 2018,17257200.0,1182.0,1044.86,932.99,8160.53,5816.59,27323.59,7774.12
814,Aug 16 2018,17245642.57,1180.4,1036.21,927.62,8141.69,5783.8,27100.06,7806.52
815,Aug 20 2018,17279664.36,1184.35,1035.95,928.17,8114.69,5892.19,27598.02,7821.01
816,Aug 21 2018,17364050.29,1190.95,1033.9,925.69,8151.22,5944.3,27752.79,7859.17
817,Aug 23 2018,17444078.36,1192.35,1030.11,928.98,8195.62,5982.98,27790.46,7878.46
818,Aug 24 2018,17536722.69,1197.7,1030.06,931.45,8238.14,5968.75,27671.87,7945.98
819,Aug 27 2018,17510373.29,1197.7,1026.26,929.17,8164.84,6025.97,28271.27,8017.9
820,Aug 28 2018,17725519.5,1212.25,1034.92,941.15,8251.78,6042.65,28351.62,8030.04
821,Aug 29 2018,17647550.28,1204.2,1029.85,926.74,8214.81,6065.15,28416.44,8109.69
822,Aug 30 2018,17588334.13,1197.3,1027.06,920.58,8185.1,6018.96,28164.05,8088.36
823,Aug 31 2018,17712087.78,1202.45,1033.48,925.14,8212.25,6018.46,27888.55,8109.54
824,Sep 04 2018,17785342.56,1190.85,1030.55,928.07,8135.41,5905.3,27973.34,8091.25
825,Sep 05 2018,17872713.77,1196.7,1029.38,923.63,8184.83,5683.5,27243.85,7995.17
826,Sep 06 2018,17944682.05,1205.15,1036.11,930.69,8231.9,5776.1,26974.82,7922.73
827,Sep 07 2018,17767696.55,1198.9,1035.01,925.72,8197.96,5851.46,26973.47,7902.54
828,Sep 10 2018,17777884.02,1196.6,1031.2,919.01,8214.66,5831.12,26613.42,7924.16
829,Sep 12 2018,17730745.83,1195.6,1028.47,918.07,8211.02,5798.15,26345.04,7954.23
830,Sep 13 2018,17953429.1,1209.8,1036.28,923.86,8284.23,5858.27,27014.49,8013.71
831,Sep 14 2018,17794869.03,1201.95,1030.26,919.27,8234.56,5931.28,27286.41,8010.04
832,Sep 18 2018,17828970.27,1200.2,1025.86,912.49,8238.89,5811.79,27084.66,7956.11
833,Sep 19 2018,17899084.59,1203.3,1031.15,914.85,8245.61,5873.6,27407.37,7950.04
834,Sep 20 2018,17937953.58,1208.35,1028.25,911.76,8280.46,5931.27,27477.67,8028.23
835,Sep 21 2018,17761736.53,1198.7,1019.26,915.18,8197.91,5957.74,27953.58,7986.95
836,Sep 26 2018,17803281.88,1194.25,1016.56,905.87,8209.03,5873.27,27816.87,7990.37
837,Sep 27 2018,17682610.34,1185.4,1015.16,903.75,8152.23,5929.22,27715.67,8041.97
838,Sep 28 2018,17691805.88,1187.25,1022.17,910.43,8168.99,5976.55,27788.52,8046.35
839,Oct 02 2018,18124710.77,1204.7,1042.53,927.98,8289.06,5875.62,27126.38,7999.55
840,Oct 03 2018,18108089.26,1201.2,1041.08,923.64,8264.98,5867.74,27091.26,8025.09
841,Oct 04 2018,18256335.76,1203.45,1044.57,923.71,8280.46,5756.62,26623.87,7879.51
842,Oct 05 2018,18273681.04,1203.8,1045.83,920.55,8282.86,5731.94,26572.57,7788.45
843,Oct 09 2018,18055923.53,1185.55,1033.65,905.62,8208.51,5796.79,26172.91,7738.02
844,Oct 10 2018,18069094.97,1188.6,1030.65,900.49,8224.4,5820.67,26193.07,7422.05
845,Oct 11 2018,18366551.27,1205.55,1042.86,912.54,8350.36,5702.82,25266.37,7329.06
846,Oct 12 2018,18546298.75,1219.75,1055.01,927.07,8443.35,5756.49,25801.49,7496.89
847,Oct 15 2018,18707538.76,1229.95,1061.54,935.96,8519.62,5727.26,25445.06,7430.74
848,Oct 16 2018,18706639.26,1230.7,1062.74,931.61,8514.72,5800.82,25462.26,7645.49
849,Oct 18 2018,18581650.5,1223.0,1064.4,935.44,8488.96,5845.24,25454.55,7485.14
850,Oct 19 2018,18647969.65,1227.85,1068.07,941.31,8511.58,5837.29,25561.4,7449.03
851,Oct 22 2018,18560622.53,1222.3,1065.7,942.22,8479.09,5840.44,26153.15,7468.63
852,Oct 23 2018,18774079.76,1235.95,1078.63,952.75,8575.64,5797.89,25346.55,7437.54
853,Oct 24 2018,18700665.38,1230.55,1079.81,953.03,8540.14,5709.42,25249.78,7108.4
854,Oct 25 2018,18692772.03,1230.8,1081.59,960.51,8554.06,5754.96,24994.46,7318.34
855,Oct 26 2018,18774876.3,1233.85,1085.13,962.44,8572.54,5784.92,24717.63,7167.21
856,Oct 29 2018,18732773.03,1230.8,1080.64,961.11,8560.58,5754.61,24812.04,7050.29
857,Oct 30 2018,18654262.71,1225.4,1078.37,962.53,8530.13,5789.1,24585.53,7161.65
858,Oct 31 2018,18470276.63,1214.95,1072.28,950.85,8473.18,5831.65,24979.69,7305.9
859,Nov 01 2018,18624220.15,1231.15,1080.24,948.97,8557.72,5835.92,25416.0,7434.06
860,Nov 02 2018,18422973.06,1232.1,1082.83,950.47,8489.17,5906.29,26486.35,7356.99
861,Nov 05 2018,18454176.0,1232.25,1080.87,946.43,8534.56,5920.59,25934.39,7328.85
862,Nov 06 2018,18230756.83,1231.6,1078.74,941.55,8518.61,5923.93,26120.96,7375.96
863,Nov 07 2018,17932670.29,1229.95,1072.23,936.36,8518.88,5939.89,26147.69,7570.75
864,Nov 08 2018,17799139.58,1224.15,1071.33,932.54,8482.26,5976.81,26227.72,7530.89
865,Nov 09 2018,17781533.47,1211.4,1066.98,929.77,8412.32,5874.15,25601.92,7406.9
866,Nov 12 2018,17860220.36,1205.55,1071.51,937.0,8397.86,5777.05,25633.18,7200.87
867,Nov 13 2018,17803098.83,1202.1,1065.64,924.98,8358.8,5835.2,25792.87,7200.88
868,Nov 14 2018,17792457.75,1203.25,1064.07,925.33,8364.15,5858.29,25654.43,7136.39
869,Nov 15 2018,17786926.22,1211.85,1070.63,947.79,8404.78,5955.74,26103.34,7259.03
870,Nov 16 2018,17861096.17,1222.4,1072.8,952.17,8493.11,6012.35,26183.53,7247.87
871,Nov 19 2018,17817033.86,1221.6,1066.57,949.81,8481.32,6005.3,26372.0,7028.48
872,Nov 21 2018,17907188.36,1226.1,1076.09,959.54,8508.15,5948.05,25971.47,6972.25
873,Nov 26 2018,17708713.59,1223.4,1078.88,953.92,8484.28,6022.78,26376.18,7081.85
874,Nov 27 2018,17725717.29,1221.2,1081.71,958.63,8485.63,6013.59,26331.96,7082.7
875,Nov 28 2018,17626702.63,1213.25,1076.01,951.42,8439.61,5991.25,26682.56,7291.59
876,Nov 29 2018,17636540.63,1226.25,1076.93,959.7,8516.55,6107.17,26451.03,7273.08
877,Nov 30 2018,17414006.08,1217.55,1075.34,954.27,8454.42,6056.12,26506.75,7330.54
878,Dec 03 2018,17525620.72,1230.3,1084.2,966.0,8474.55,6118.32,27182.04,7441.51
879,Dec 04 2018,17723884.21,1240.3,1092.63,974.47,8486.38,6152.86,27260.44,7158.43
880,Dec 06 2018,18041823.16,1242.55,1091.63,972.19,8554.46,6115.49,26156.38,7188.26
881,Dec 07 2018,17990548.17,1243.3,1091.48,974.53,8553.65,6126.36,26063.76,6969.25
882,Dec 10 2018,18126067.12,1245.35,1094.67,993.9,8610.1,6111.36,25752.38,7020.52
883,Dec 11 2018,18181377.15,1245.3,1099.65,994.29,8590.7,6076.59,25771.67,7031.83
884,Dec 12 2018,18186081.38,1245.75,1096.03,983.93,8581.97,6115.58,26186.71,7098.31
885,Dec 13 2018,18016768.13,1242.75,1095.18,984.9,8535.21,6177.72,26524.35,7070.33
886,Dec 14 2018,18017577.61,1235.35,1093.47,983.6,8521.81,6169.84,26094.79,6910.66
887,Dec 17 2018,18100151.45,1241.65,1095.27,984.58,8568.38,6089.31,26087.98,6753.73
888,Dec 18 2018,18071347.17,1246.3,1096.76,986.7,8594.73,6081.87,25814.25,6783.91
889,Dec 19 2018,18125337.5,1255.0,1098.76,992.64,8653.85,6176.09,25865.39,6636.83
890,Dec 20 2018,18228582.5,1259.75,1103.5,997.03,8688.62,6147.88,25623.53,6528.41
891,Dec 21 2018,18312371.83,1258.15,1102.34,992.7,8684.0,6163.6,25753.42,6332.99
892,Dec 27 2018,18468420.0,1268.0,1112.04,1003.6,8711.54,6190.64,25478.88,6579.49
893,Dec 28 2018,18622240.0,1279.0,1118.54,1008.32,8781.23,6194.5,25504.2,6584.52
894,Jan 04 2019,18264171.61,1279.9,1121.79,1006.21,8785.49,6274.54,25626.03,6738.86
895,Jan 07 2019,18207097.31,1292.2,1127.43,1012.06,8851.18,6287.22,25835.7,6823.47
896,Jan 08 2019,18196834.56,1286.45,1124.37,1010.41,8820.54,6262.85,25875.45,6897.0
897,Jan 09 2019,18201472.93,1288.6,1119.45,1011.3,8805.0,6272.24,26462.32,6957.08
898,Jan 10 2019,18157653.13,1291.9,1121.3,1011.07,8759.08,6328.71,26521.43,6986.07
899,Jan 11 2019,18102013.11,1288.95,1123.02,1005.23,8698.09,6361.46,26667.27,6971.48
900,Jan 15 2019,18241330.62,1294.4,1132.21,1010.7,8742.38,6408.78,26830.29,7023.83
901,Jan 16 2019,18250503.99,1292.3,1134.14,1004.86,8728.06,6413.36,26902.1,7034.69
902,Jan 17 2019,18302125.31,1290.7,1134.23,999.85,8744.1,6423.78,26755.63,7084.46
903,Jan 18 2019,18203534.31,1284.2,1129.81,995.04,8693.78,6448.16,27090.81,7157.23
904,Jan 22 2019,18225049.42,1282.1,1128.96,989.35,8731.23,6468.56,27005.45,7020.36
905,Jan 23 2019,18147561.23,1279.8,1124.7,979.79,8686.64,6451.17,27008.2,7025.77
906,Jan 24 2019,18183609.81,1283.7,1130.67,984.13,8721.07,6466.65,27120.98,7073.46
907,Jan 25 2019,18224580.12,1293.9,1135.2,982.5,8751.29,6482.84,27569.19,7164.86
908,Jan 28 2019,18321249.13,1302.15,1138.69,989.81,8775.06,6458.71,27576.96,7085.69
909,Jan 29 2019,18429914.5,1307.55,1145.47,994.64,8801.12,6436.48,27531.68,7028.29
910,Jan 30 2019,18520190.31,1310.7,1147.17,1002.83,8800.04,6464.19,27642.85,7183.08
911,Jan 31 2019,18489110.63,1323.25,1153.21,1005.93,8873.05,6532.97,27942.47,7281.74
912,Feb 01 2019,18382677.32,1318.7,1149.9,1007.18,8882.76,6538.64,27930.74,7263.87
913,Feb 04 2019,18311051.89,1312.15,1148.14,1002.94,8838.64,6481.45,27990.21,7347.54
914,Feb 08 2019,18365822.75,1314.85,1160.71,1015.8,8856.83,6521.66,27946.32,7298.2
915,Feb 12 2019,18429735.0,1310.0,1159.34,1016.81,8880.23,6426.33,28171.33,7414.62
916,Feb 13 2019,18454683.25,1312.8,1163.06,1019.1,8874.0,6419.12,28497.59,7420.38
917,Feb 14 2019,18478329.81,1311.45,1163.15,1026.13,8879.96,6420.02,28432.05,7426.95
918,Feb 15 2019,18619305.61,1316.55,1168.86,1024.75,8927.13,6389.08,27900.84,7472.41
919,Feb 19 2019,18816183.15,1334.15,1177.07,1023.79,9028.86,6494.67,28228.13,7486.77
920,Feb 20 2019,18869609.38,1343.75,1184.03,1028.59,9035.91,6512.78,28514.05,7489.07
921,Feb 21 2019,18724696.88,1331.25,1173.17,1018.83,8934.02,6537.77,28629.92,7459.71
922,Feb 22 2019,18682453.1,1329.05,1172.05,1017.88,8929.35,6501.38,28816.3,7527.55
923,Feb 25 2019,18657990.64,1331.05,1172.99,1018.67,8909.91,6525.36,28959.3,7554.46
924,Feb 26 2019,18536784.24,1325.05,1166.57,1000.87,8872.0,6540.95,28772.06,7549.3
925,Feb 27 2019,18559583.44,1322.85,1162.18,991.94,8841.27,6525.68,28757.44,7554.51
926,Feb 28 2019,18557141.25,1319.15,1158.47,991.77,8820.1,6443.35,28633.18,7532.53
927,Mar 01 2019,18518173.56,1311.95,1152.1,990.64,8800.3,6499.88,28812.17,7595.35
928,Mar 04 2019,18162700.62,1285.4,1135.36,975.86,8610.64,6488.42,28959.59,7577.57
929,Mar 05 2019,18136881.74,1283.8,1135.55,979.1,8606.46,6441.28,28961.6,7576.36
930,Mar 06 2019,18182559.85,1285.85,1136.16,977.72,8629.34,6457.96,29037.6,7505.92
931,Mar 08 2019,18559734.38,1296.75,1154.26,996.2,8722.59,6383.07,28228.42,7408.14
932,Mar 11 2019,18473397.5,1292.75,1151.77,987.06,8694.65,6366.43,28503.3,7558.06
933,Mar 12 2019,18502415.46,1297.05,1150.43,990.46,8705.02,6353.77,28920.87,7591.03
934,Mar 13 2019,18643641.05,1306.95,1155.62,988.09,8768.59,6377.58,28807.45,7643.4
935,Mar 14 2019,18483609.06,1295.55,1146.05,975.34,8702.21,6413.27,28851.39,7630.91
936,Mar 15 2019,18586606.5,1303.5,1150.89,981.81,8749.74,6461.18,29012.26,7688.53
937,Mar 18 2019,18588477.91,1305.6,1151.58,987.59,8763.58,6509.45,29409.01,7714.48
938,Mar 19 2019,18608570.31,1307.7,1152.51,985.98,8781.34,6480.28,29466.28,7723.95
939,Mar 20 2019,18492983.81,1303.7,1148.43,988.51,8733.75,6482.71,29320.97,7728.97
940,Mar 22 2019,18574561.73,1311.3,1162.19,991.91,8793.58,6525.27,29113.36,7642.67
941,Mar 25 2019,18711216.23,1319.55,1165.42,999.62,8856.55,6411.25,28523.35,7637.54
942,Mar 26 2019,18651968.23,1316.3,1166.88,996.22,8836.19,6470.0,28566.91,7691.52
943,Mar 27 2019,18591190.81,1309.7,1163.97,992.87,8803.15,6444.74,28728.25,7643.38
944,Mar 28 2019,18445524.91,1295.15,1152.78,989.72,8715.06,6480.79,28775.21,7669.17
945,Mar 29 2019,18446494.61,1295.4,1153.67,994.13,8705.35,6468.75,29051.36,7729.32
946,Apr 01 2019,18400037.5,1293.5,1152.75,984.02,8680.29,6452.61,29562.02,7828.91
947,Apr 02 2019,18348063.22,1290.3,1153.03,990.18,8672.75,6476.07,29624.67,7848.69
948,Apr 04 2019,18195065.62,1283.15,1143.98,981.0,8620.84,6494.63,29936.32,7891.78
949,Apr 08 2019,18411900.0,1300.0,1154.38,996.28,8736.39,6425.73,30077.15,7953.88
950,Apr 09 2019,18415299.0,1303.0,1155.86,998.74,8746.39,6484.35,30157.49,7909.28
951,Apr 10 2019,18472116.81,1305.45,1160.3,997.36,8768.97,6478.33,30119.56,7964.24
952,Apr 11 2019,18358535.24,1298.8,1152.13,992.55,8723.65,6410.17,29839.45,7947.36
953,Apr 12 2019,18239920.0,1294.3,1143.98,987.94,8690.58,6405.87,29909.76,7984.16
954,Apr 15 2019,18076237.63,1285.65,1136.79,980.29,8621.57,6435.15,29810.72,7976.01
955,Apr 16 2019,17977387.69,1276.35,1129.51,977.75,8560.99,6481.54,30129.87,8000.23
956,Apr 18 2019,17914016.56,1275.7,1134.61,980.59,8553.57,6507.22,29963.26,7998.06
957,Apr 23 2019,17871386.25,1269.5,1132.77,981.18,8530.02,6462.82,29963.24,8120.82
958,Apr 24 2019,17930263.62,1271.65,1135.15,981.55,8542.31,6447.88,29805.83,8102.02
959,Apr 25 2019,18168145.23,1280.8,1149.32,992.33,8635.41,6372.79,29549.8,8118.68
960,Apr 26 2019,18219586.81,1284.2,1150.46,992.77,8653.07,6401.08,29605.01,8146.4
961,May 07 2019,18295535.3,1281.2,1145.16,981.76,8661.3,6297.32,29363.02,7963.76
962,May 08 2019,18371933.3,1285.2,1147.3,988.77,8702.34,6270.2,29003.2,7943.32
963,May 09 2019,18455532.9,1286.1,1145.29,987.79,8773.26,6198.8,28311.07,7910.59
964,May 10 2019,18437705.4,1287.1,1144.7,987.57,8767.47,6209.12,28550.24,7916.94
965,May 14 2019,18735910.59,1298.4,1158.05,1005.19,8940.26,6071.2,28122.02,7734.49
966,May 15 2019,18784983.88,1299.1,1159.24,1009.79,8927.67,5980.88,28268.71,7822.15
967,May 16 2019,18665064.29,1291.7,1155.47,1009.81,8889.61,5895.74,28275.07,7898.05
968,May 17 2019,18507557.18,1280.8,1147.72,1005.77,8854.81,5826.87,27946.46,7816.28
969,May 20 2019,18456864.63,1276.85,1143.62,1002.63,8828.52,5907.12,27787.61,7702.38
970,May 21 2019,18406250.59,1271.15,1136.83,994.33,8792.03,5951.37,27657.24,7785.72
971,May 22 2019,18501942.16,1273.8,1142.01,1006.24,8793.68,5939.64,27705.94,7750.84
972,May 23 2019,18561577.59,1283.65,1151.26,1013.22,8880.93,6032.7,27267.13,7628.28
973,May 24 2019,18458381.25,1282.5,1144.68,1010.48,8855.66,6057.35,27353.93,7637.01
974,May 28 2019,18375559.69,1278.3,1144.0,1008.56,8836.89,6033.14,27390.81,7607.35
975,May 29 2019,18455758.59,1281.65,1150.24,1014.65,8856.07,6104.11,27235.71,7547.31
976,May 31 2019,18490734.59,1295.55,1162.61,1027.89,8943.18,6209.12,26901.09,7453.15
977,Jun 10 2019,18932547.91,1328.6,1174.19,1046.97,9210.78,6289.61,27578.64,7823.17
978,Jun 11 2019,18851407.72,1324.3,1170.45,1041.2,9155.81,6305.99,27789.34,7822.57
979,Jun 12 2019,18966000.16,1332.35,1176.94,1047.12,9215.73,6276.18,27308.46,7792.72
980,Jun 13 2019,19076650.61,1335.9,1185.1,1053.22,9247.63,6273.08,27294.71,7837.13
981,Jun 14 2019,19360034.38,1351.25,1203.79,1071.74,9355.51,6250.27,27118.35,7796.66
982,Jun 17 2019,19227532.7,1341.3,1194.82,1068.21,9288.5,6190.52,27227.16,7845.02
983,Jun 18 2019,19208129.9,1341.35,1199.19,1069.49,9290.72,6257.33,27498.77,7953.88
984,Jun 19 2019,19178918.69,1344.05,1198.39,1064.05,9279.18,6339.26,28202.14,7987.32
985,Jun 20 2019,19564758.75,1379.5,1221.77,1086.18,9450.26,6335.7,28550.43,8051.34
986,Jun 21 2019,19776656.87,1397.15,1234.18,1100.51,9604.43,6315.44,28473.71,8031.71
987,Jun 24 2019,19876597.31,1405.7,1234.21,1104.68,9669.67,6288.46,28513.0,8005.7
988,Jun 25 2019,20218523.62,1431.4,1257.55,1125.23,9848.6,6320.44,28185.98,7884.72
989,Jun 26 2019,19900990.56,1403.95,1234.08,1107.43,9666.9,6310.49,28221.98,7909.97
990,Jun 27 2019,19831350.0,1402.5,1233.67,1106.38,9644.99,6352.71,28621.42,7967.76
991,Jun 28 2019,19905647.5,1409.0,1237.27,1107.1,9677.43,6358.63,28542.62,8006.24
992,Jul 02 2019,19665966.61,1391.05,1231.56,1104.58,9573.48,6384.9,28875.56,8109.09
993,Jul 03 2019,19955086.25,1413.5,1252.94,1125.13,9730.53,6362.62,28855.14,8170.23
994,Jul 05 2019,19555662.25,1388.65,1237.38,1110.21,9551.13,6373.48,28774.83,8161.79
995,Jul 08 2019,19755408.93,1400.1,1248.36,1118.78,9631.71,6351.83,28331.69,8098.38
996,Jul 09 2019,19662598.74,1391.55,1241.74,1116.28,9580.26,6388.32,28116.28,8141.73
997,Jul 10 2019,19899276.24,1408.3,1251.71,1127.09,9689.95,6410.68,28204.69,8202.53
998,Jul 11 2019,19884393.75,1413.75,1256.33,1127.62,9707.65,6417.07,28431.8,8196.04
999,Jul 12 2019,19716251.15,1407.6,1250.92,1120.61,9681.89,6373.35,28471.62,8244.14
1000,Jul 16 2019,19646257.71,1409.85,1256.16,1135.33,9695.4,6401.88,28619.62,8222.8
1001,Jul 17 2019,19716690.95,1410.35,1256.38,1134.63,9702.92,6394.61,28593.17,8185.21
1002,Jul 18 2019,19787601.32,1417.45,1263.49,1135.41,9744.4,6403.29,28461.66,8207.24
1003,Jul 19 2019,20062218.82,1439.7,1282.93,1151.39,9900.1,6456.54,28765.4,8146.49
1004,Jul 22 2019,19909973.75,1427.75,1272.22,1142.52,9823.49,6433.55,28371.26,8204.14
1005,Jul 23 2019,19934888.47,1425.55,1278.52,1146.17,9806.93,6403.81,28466.48,8251.4
1006,Jul 24 2019,19969451.09,1426.95,1280.58,1141.61,9810.0,6384.99,28524.04,8321.5
1007,Jul 25 2019,19793535.7,1416.1,1269.08,1133.29,9735.97,6401.37,28594.3,8238.54
1008,Jul 26 2019,19892700.63,1420.4,1276.59,1146.69,9772.21,6325.24,28397.74,8330.21
1009,Jul 29 2019,19895078.26,1419.05,1274.81,1160.35,9780.8,6299.04,28106.41,8293.33
1010,Jul 30 2019,19991116.63,1425.9,1280.04,1173.34,9816.46,6377.0,28146.5,8273.61
1011,Jul 31 2019,20009965.61,1427.55,1282.15,1165.87,9829.39,6390.5,27777.75,8175.42
1012,Aug 01 2019,19858386.04,1406.8,1272.14,1157.91,9709.73,6381.54,27565.7,8111.12
1013,Aug 02 2019,20444015.0,1441.75,1298.64,1189.66,10007.62,6340.18,26918.58,8004.07
1014,Aug 05 2019,20887138.75,1465.25,1310.01,1206.96,10308.77,6175.7,26151.32,7726.04
1015,Aug 06 2019,20901791.25,1465.25,1309.84,1204.08,10304.96,6119.47,25976.24,7833.27
1016,Aug 07 2019,21419793.35,1506.05,1342.83,1239.24,10604.7,6204.19,25997.03,7862.83
1017,Aug 08 2019,21251616.0,1495.75,1335.43,1232.74,10537.56,6274.67,26120.77,8039.16
1018,Aug 09 2019,21252362.31,1497.7,1337.05,1239.92,10562.23,6282.13,25939.3,7959.14
1019,Aug 13 2019,21453340.6,1498.4,1339.29,1241.27,10589.04,6210.96,25281.3,8016.36
1020,Aug 14 2019,21556246.25,1513.25,1357.18,1253.73,10617.41,6267.33,25302.28,7773.94
1021,Aug 15 2019,21624534.98,1515.65,1364.41,1251.31,10655.17,6257.59,25495.46,7766.62
1022,Aug 16 2019,21569583.75,1515.25,1364.54,1247.84,10674.33,6286.66,25734.22,7895.99
1023,Aug 19 2019,21304098.91,1496.6,1348.84,1233.34,10542.8,6296.71,26291.84,8002.81
1024,Aug 20 2019,21454880.21,1504.55,1356.8,1240.15,10627.24,6295.74,26231.54,7948.56
1025,Aug 21 2019,21406280.0,1503.25,1355.07,1239.23,10617.76,6252.97,26270.04,8020.21
1026,Aug 22 2019,21381678.97,1502.05,1355.58,1225.96,10644.12,6239.25,26048.72,7991.39
1027,Aug 23 2019,21372754.72,1503.8,1353.74,1225.14,10650.66,6255.6,26179.33,7751.77
1028,Aug 26 2019,21414109.22,1503.8,1353.13,1230.35,10740.89,6214.51,25680.33,7853.73
1029,Aug 27 2019,21852201.55,1532.95,1380.91,1248.79,10986.65,6278.17,25664.07,7826.95
1030,Aug 28 2019,21912071.86,1537.15,1387.88,1257.85,11011.37,6281.65,25615.48,7856.88
1031,Aug 29 2019,21932447.3,1540.2,1391.77,1262.05,11014.74,6289.12,25703.5,7973.39
1032,Aug 30 2019,21680352.61,1528.4,1387.88,1255.0,10920.88,6328.47,25724.73,7962.88
1033,Sep 03 2019,21875914.17,1537.85,1402.83,1271.58,11039.45,6261.59,25527.85,7874.16
1034,Sep 04 2019,21881178.18,1546.1,1401.79,1268.02,11060.49,6269.66,26523.23,7976.88
1035,Sep 05 2019,21636762.93,1529.1,1384.62,1240.7,10926.79,6306.8,26515.53,8116.83
1036,Sep 06 2019,21476550.81,1523.7,1379.23,1237.37,10855.29,6308.95,26690.76,8103.07
1037,Sep 09 2019,21175584.51,1509.2,1364.93,1222.72,10758.48,6326.21,26681.4,8087.44
1038,Sep 10 2019,21050412.5,1498.25,1356.99,1212.81,10644.77,6336.67,26683.68,8084.15
1039,Sep 11 2019,20958537.63,1490.65,1355.51,1207.49,10609.85,6381.95,27159.06,8169.68
1040,Sep 12 2019,21197647.32,1515.2,1373.65,1228.72,10740.04,6342.17,27087.63,8194.47
1041,Sep 13 2019,20990789.45,1503.1,1356.1,1206.44,10654.27,6334.84,27352.69,8176.71
1042,Sep 17 2019,21172097.44,1502.1,1359.43,1203.27,10655.29,6236.69,26790.24,8186.02
1043,Sep 18 2019,21139210.0,1503.5,1359.47,1204.39,10656.66,6276.63,26754.12,8177.39
1044,Sep 19 2019,21099841.31,1500.7,1357.3,1201.57,10653.02,6244.47,26468.95,8182.88
1045,Sep 20 2019,21109203.13,1501.9,1363.94,1201.23,10648.62,6231.47,26435.67,8117.67
1046,Sep 24 2019,21460171.75,1520.65,1382.79,1218.76,10807.71,6137.61,26281.0,7993.63
1047,Sep 25 2019,21631812.5,1528.75,1395.1,1234.95,10890.51,6146.4,25945.35,8077.38
1048,Sep 26 2019,21356984.62,1506.4,1376.78,1221.19,10744.55,6230.33,26041.93,8030.66
1049,Sep 27 2019,21104432.12,1489.9,1360.95,1210.12,10608.53,6196.89,25954.81,7939.63
1050,Sep 30 2019,21083830.73,1485.3,1362.41,1205.31,10602.66,6169.1,26092.27,7999.34
1051,Oct 02 2019,21187454.92,1492.6,1363.67,1213.05,10654.77,6055.42,26042.69,7785.25
1052,Oct 03 2019,21501097.67,1517.1,1381.13,1222.97,10829.66,6038.53,26110.31,7872.27
1053,Oct 04 2019,21190483.87,1499.15,1365.41,1219.27,10701.53,6061.25,25821.03,7982.46
1054,Oct 08 2019,21315304.68,1505.85,1374.39,1232.79,10736.41,6039.6,25893.4,7823.76
1055,Oct 09 2019,21357732.5,1507.25,1372.72,1233.78,10752.27,6029.16,25682.81,7903.73
1056,Oct 10 2019,21153659.44,1494.8,1357.24,1217.02,10650.75,6023.64,25707.93,7950.77
1057,Oct 11 2019,20907783.87,1479.15,1340.3,1166.06,10503.3,6105.8,26308.44,8057.04
1058,Oct 15 2019,21074684.23,1487.8,1347.95,1164.39,10531.84,6158.17,26503.93,8148.71
1059,Oct 16 2019,21042379.82,1485.1,1343.92,1159.83,10547.92,6169.59,26664.28,8124.18
1060,Oct 17 2019,21118010.82,1492.65,1342.79,1162.41,10573.33,6181.01,26848.49,8156.85
1061,Oct 18 2019,21079775.0,1490.0,1337.58,1154.99,10552.92,6191.95,26719.58,8089.54
1062,Oct 21 2019,20999447.33,1491.65,1338.22,1148.84,10543.88,6198.99,26725.68,8162.99
1063,Oct 23 2019,20965638.36,1494.45,1344.41,1160.11,10572.19,6257.81,26566.73,8119.79
1064,Oct 24 2019,21039993.7,1496.55,1347.7,1164.77,10581.05,6339.65,26797.95,8185.8
1065,Oct 25 2019,21245053.69,1513.45,1364.58,1179.07,10701.45,6252.35,26667.39,8243.12
1066,Oct 28 2019,20930908.63,1492.4,1345.41,1160.77,10538.28,6265.38,26891.26,8325.99
1067,Oct 29 2019,20851668.75,1486.75,1337.55,1152.48,10502.4,6281.14,26786.76,8276.85
1068,Oct 30 2019,20929684.65,1492.1,1341.45,1159.27,10531.99,6295.75,26667.71,8303.98
1069,Oct 31 2019,21209204.46,1510.95,1354.32,1167.66,10630.14,6228.32,26906.72,8292.36
1070,Nov 01 2019,21176005.26,1508.8,1350.82,1165.19,10618.63,6207.19,27100.76,8386.4
1071,Nov 05 2019,20796908.44,1488.95,1344.49,1157.1,10419.82,6264.15,27683.4,8434.68
1072,Nov 06 2019,20826988.01,1486.05,1341.93,1154.26,10400.42,6217.54,27688.64,8410.63
1073,Nov 07 2019,20771336.63,1484.25,1343.88,1157.67,10371.34,6165.62,27847.23,8434.52
1074,Nov 08 2019,20518596.73,1464.15,1328.51,1144.4,10231.48,6177.99,27651.14,8475.31
1075,Nov 11 2019,20513697.41,1458.7,1321.95,1133.06,10220.38,6148.74,26926.55,8464.28
1076,Nov 12 2019,20408560.0,1452.05,1318.55,1130.97,10169.29,6180.99,27065.28,8486.09
1077,Nov 13 2019,20590316.13,1462.9,1328.76,1139.37,10263.71,6142.5,26571.46,8482.1
1078,Nov 14 2019,20657763.87,1466.65,1333.14,1140.7,10296.18,6098.95,26323.69,8479.02
1079,Nov 15 2019,20643682.33,1466.9,1327.27,1136.82,10286.19,6128.35,26326.66,8540.83
