Date;US Bond
Nov 15 2019;1,84
Nov 14 2019;1,82
Nov 13 2019;1,89
Nov 12 2019;1,93
Nov 11 2019;1,92
Nov 08 2019;1,95
Nov 07 2019;1,93
Nov 06 2019;1,83
Nov 05 2019;1,86
Nov 04 2019;1,78
Nov 03 2019;1,71
Nov 01 2019;1,71
Oct 31 2019;1,69
Oct 30 2019;1,78
Oct 29 2019;1,84
Oct 28 2019;1,85
Oct 27 2019;1,81
Oct 25 2019;1,80
Oct 24 2019;1,77
Oct 23 2019;1,77
Oct 22 2019;1,77
Oct 21 2019;1,80
Oct 20 2019;1,74
Oct 18 2019;1,75
Oct 17 2019;1,75
Oct 16 2019;1,75
Oct 15 2019;1,77
Oct 14 2019;1,72
Oct 11 2019;1,73
Oct 10 2019;1,67
Oct 09 2019;1,59
Oct 08 2019;1,53
Oct 07 2019;1,57
Oct 06 2019;1,52
Oct 04 2019;1,53
Oct 03 2019;1,53
Oct 02 2019;1,60
Oct 01 2019;1,64
Sep 30 2019;1,67
Sep 29 2019;1,68
Sep 27 2019;1,69
Sep 26 2019;1,70
Sep 25 2019;1,74
Sep 24 2019;1,65
Sep 23 2019;1,72
Sep 22 2019;1,72
Sep 20 2019;1,72
Sep 19 2019;1,79
Sep 18 2019;1,80
Sep 17 2019;1,81
Sep 16 2019;1,84
Sep 15 2019;1,90
Sep 13 2019;1,90
Sep 12 2019;1,78
Sep 11 2019;1,75
Sep 10 2019;1,74
Sep 09 2019;1,65
Sep 08 2019;1,56
Sep 06 2019;1,56
Sep 05 2019;1,57
Sep 04 2019;1,47
Sep 03 2019;1,46
Sep 02 2019;1,51
Aug 30 2019;1,50
Aug 29 2019;1,50
Aug 28 2019;1,47
Aug 27 2019;1,47
Aug 26 2019;1,54
Aug 25 2019;1,48
Aug 23 2019;1,53
Aug 22 2019;1,61
Aug 21 2019;1,59
Aug 20 2019;1,55
Aug 19 2019;1,61
Aug 18 2019;1,57
Aug 16 2019;1,56
Aug 15 2019;1,50
Aug 14 2019;1,58
Aug 13 2019;1,70
Aug 12 2019;1,64
Aug 11 2019;1,75
Aug 09 2019;1,75
Aug 08 2019;1,72
Aug 07 2019;1,72
Aug 06 2019;1,72
Aug 05 2019;1,72
Aug 04 2019;1,85
Aug 02 2019;1,84
Aug 01 2019;1,90
Jul 31 2019;2,01
Jul 30 2019;2,06
Jul 29 2019;2,06
Jul 28 2019;2,07
Jul 26 2019;2,07
Jul 25 2019;2,08
Jul 24 2019;2,05
Jul 23 2019;2,08
Jul 22 2019;2,05
Jul 21 2019;2,06
Jul 19 2019;2,06
Jul 18 2019;2,03
Jul 17 2019;2,04
Jul 16 2019;2,11
Jul 15 2019;2,09
Jul 14 2019;2,12
Jul 12 2019;2,12
Jul 11 2019;2,14
Jul 10 2019;2,06
Jul 09 2019;2,07
Jul 08 2019;2,05
Jul 07 2019;2,04
Jul 05 2019;2,04
Jul 04 2019;1,95
Jul 03 2019;1,95
Jul 02 2019;1,98
Jul 01 2019;2,03
Jun 30 2019;2,05
Jun 28 2019;2,01
Jun 27 2019;2,01
Jun 26 2019;2,05
Jun 25 2019;1,99
Jun 24 2019;2,02
Jun 23 2019;2,06
Jun 21 2019;2,06
Jun 20 2019;2,02
Jun 19 2019;2,03
Jun 18 2019;2,06
Jun 17 2019;2,09
Jun 16 2019;2,09
Jun 14 2019;2,08
Jun 13 2019;2,09
Jun 12 2019;2,12
Jun 11 2019;2,15
Jun 10 2019;2,15
Jun 09 2019;2,12
Jun 07 2019;2,08
Jun 06 2019;2,12
Jun 05 2019;2,13
Jun 04 2019;2,12
Jun 03 2019;2,08
Jun 02 2019;2,13
May 31 2019;2,13
May 30 2019;2,22
May 29 2019;2,26
May 28 2019;2,27
May 27 2019;2,31
May 24 2019;2,32
May 23 2019;2,32
May 22 2019;2,38
May 21 2019;2,43
May 20 2019;2,42
May 19 2019;2,40
May 17 2019;2,39
May 16 2019;2,39
May 15 2019;2,38
May 14 2019;2,41
May 13 2019;2,40
May 12 2019;2,44
May 10 2019;2,47
May 09 2019;2,45
May 08 2019;2,49
May 07 2019;2,45
May 06 2019;2,50
May 05 2019;2,53
May 03 2019;2,53
May 02 2019;2,55
May 01 2019;2,50
Apr 30 2019;2,50
Apr 29 2019;2,53
Apr 26 2019;2,50
Apr 25 2019;2,53
Apr 24 2019;2,52
Apr 23 2019;2,57
Apr 22 2019;2,59
Apr 21 2019;2,56
Apr 18 2019;2,56
Apr 17 2019;2,59
Apr 16 2019;2,59
Apr 15 2019;2,56
Apr 14 2019;2,56
Apr 12 2019;2,56
Apr 11 2019;2,50
Apr 10 2019;2,47
Apr 09 2019;2,50
Apr 08 2019;2,52
Apr 07 2019;2,50
Apr 05 2019;2,50
Apr 04 2019;2,51
Apr 03 2019;2,53
Apr 02 2019;2,47
Apr 01 2019;2,50
Mar 31 2019;2,43
Mar 29 2019;2,41
Mar 28 2019;2,39
Mar 27 2019;2,38
Mar 26 2019;2,43
Mar 25 2019;2,41
Mar 24 2019;2,45
Mar 22 2019;2,44
Mar 21 2019;2,54
Mar 20 2019;2,53
Mar 19 2019;2,62
Mar 18 2019;2,61
Mar 17 2019;2,59
Mar 15 2019;2,59
Mar 14 2019;2,63
Mar 13 2019;2,63
Mar 12 2019;2,60
Mar 11 2019;2,64
Mar 10 2019;2,63
Mar 08 2019;2,63
Mar 07 2019;2,64
Mar 06 2019;2,69
Mar 05 2019;2,72
Mar 04 2019;2,72
Mar 03 2019;2,77
Mar 01 2019;2,76
Feb 28 2019;2,72
Feb 27 2019;2,69
Feb 26 2019;2,64
Feb 25 2019;2,67
Feb 24 2019;2,67
Feb 22 2019;2,65
Feb 21 2019;2,70
Feb 20 2019;2,65
Feb 19 2019;2,64
Feb 18 2019;2,67
Feb 15 2019;2,66
Feb 14 2019;2,66
Feb 13 2019;2,71
Feb 12 2019;2,69
Feb 11 2019;2,65
Feb 10 2019;2,63
Feb 08 2019;2,63
Feb 07 2019;2,66
Feb 06 2019;2,70
Feb 05 2019;2,70
Feb 04 2019;2,73
Feb 03 2019;2,69
Feb 01 2019;2,68
Jan 31 2019;2,63
Jan 30 2019;2,68
Jan 29 2019;2,71
Jan 28 2019;2,75
Jan 27 2019;2,76
Jan 25 2019;2,76
Jan 24 2019;2,72
Jan 23 2019;2,75
Jan 22 2019;2,74
Jan 21 2019;2,77
Jan 18 2019;2,79
Jan 17 2019;2,75
Jan 16 2019;2,73
Jan 15 2019;2,72
Jan 14 2019;2,71
Jan 13 2019;2,70
Jan 11 2019;2,70
Jan 10 2019;2,75
Jan 09 2019;2,71
Jan 08 2019;2,73
Jan 07 2019;2,70
Jan 06 2019;2,67
Jan 04 2019;2,67
Jan 03 2019;2,55
Jan 02 2019;2,63
Jan 01 2019;2,69
Dec 31 2018;2,69
Dec 30 2018;2,72
Dec 28 2018;2,72
Dec 27 2018;2,77
Dec 26 2018;2,81
Dec 25 2018;2,75
Dec 24 2018;2,74
Dec 23 2018;2,79
Dec 21 2018;2,79
Dec 20 2018;2,81
Dec 19 2018;2,76
Dec 18 2018;2,82
Dec 17 2018;2,86
Dec 16 2018;2,89
Dec 14 2018;2,90
Dec 13 2018;2,91
Dec 12 2018;2,91
Dec 11 2018;2,88
Dec 10 2018;2,86
Dec 09 2018;2,83
Dec 07 2018;2,86
Dec 06 2018;2,89
Dec 05 2018;2,92
Dec 04 2018;2,92
Dec 03 2018;2,97
Dec 02 2018;3,04
Nov 30 2018;2,99
Nov 29 2018;3,03
Nov 28 2018;3,06
Nov 27 2018;3,06
Nov 26 2018;3,06
Nov 25 2018;3,05
Nov 23 2018;3,05
Nov 22 2018;3,07
Nov 21 2018;3,07
Nov 20 2018;3,06
Nov 19 2018;3,06
Nov 18 2018;3,06
Nov 16 2018;3,07
Nov 15 2018;3,11
Nov 14 2018;3,13
Nov 13 2018;3,14
Nov 12 2018;3,15
Nov 09 2018;3,19
Nov 08 2018;3,24
Nov 07 2018;3,24
Nov 06 2018;3,23
Nov 05 2018;3,20
Nov 04 2018;3,21
Nov 02 2018;3,22
Nov 01 2018;3,13
Oct 31 2018;3,15
Oct 30 2018;3,12
Oct 29 2018;3,09
Oct 28 2018;3,08
Oct 26 2018;3,08
Oct 25 2018;3,13
Oct 24 2018;3,11
Oct 23 2018;3,17
Oct 22 2018;3,20
Oct 21 2018;3,19
Oct 19 2018;3,20
Oct 18 2018;3,18
Oct 17 2018;3,21
Oct 16 2018;3,16
Oct 15 2018;3,16
Oct 14 2018;3,16
Oct 12 2018;3,17
Oct 11 2018;3,15
Oct 10 2018;3,17
Oct 09 2018;3,21
Oct 08 2018;3,23
Oct 05 2018;3,23
Oct 04 2018;3,19
Oct 03 2018;3,18
Oct 02 2018;3,06
Oct 01 2018;3,09
Sep 30 2018;3,07
Sep 28 2018;3,07
Sep 27 2018;3,06
Sep 26 2018;3,05
Sep 25 2018;3,10
Sep 24 2018;3,09
Sep 23 2018;3,07
Sep 21 2018;3,07
Sep 20 2018;3,06
Sep 19 2018;3,07
Sep 18 2018;3,06
Sep 17 2018;2,99
Sep 16 2018;3,00
Sep 14 2018;3,00
Sep 13 2018;2,97
Sep 12 2018;2,97
Sep 11 2018;2,98
Sep 10 2018;2,94
Sep 09 2018;2,94
Sep 07 2018;2,94
Sep 06 2018;2,88
Sep 05 2018;2,90
Sep 04 2018;2,90
Sep 03 2018;2,86
Aug 31 2018;2,86
Aug 30 2018;2,86
Aug 29 2018;2,89
Aug 28 2018;2,88
Aug 27 2018;2,85
Aug 26 2018;2,82
Aug 24 2018;2,81
Aug 23 2018;2,83
Aug 22 2018;2,82
Aug 21 2018;2,84
Aug 20 2018;2,82
Aug 19 2018;2,87
Aug 17 2018;2,86
Aug 16 2018;2,87
Aug 15 2018;2,86
Aug 14 2018;2,90
Aug 13 2018;2,88
Aug 12 2018;2,86
Aug 10 2018;2,87
Aug 09 2018;2,93
Aug 08 2018;2,96
Aug 07 2018;2,98
Aug 06 2018;2,95
Aug 05 2018;2,96
Aug 03 2018;2,95
Aug 02 2018;2,99
Aug 01 2018;3,01
Jul 31 2018;2,96
Jul 30 2018;2,98
Jul 29 2018;2,96
Jul 27 2018;2,96
Jul 26 2018;2,98
Jul 25 2018;2,97
Jul 24 2018;2,95
Jul 23 2018;2,96
Jul 22 2018;2,89
Jul 20 2018;2,90
Jul 19 2018;2,84
Jul 18 2018;2,88
Jul 17 2018;2,86
Jul 16 2018;2,86
Jul 15 2018;2,83
Jul 13 2018;2,83
Jul 12 2018;2,85
Jul 11 2018;2,84
Jul 10 2018;2,87
Jul 09 2018;2,86
Jul 08 2018;2,83
Jul 06 2018;2,82
Jul 05 2018;2,83
Jul 04 2018;2,84
Jul 03 2018;2,83
Jul 02 2018;2,87
Jul 01 2018;2,86
Jun 29 2018;2,86
Jun 28 2018;2,84
Jun 27 2018;2,83
Jun 26 2018;2,88
Jun 25 2018;2,88
Jun 24 2018;2,89
Jun 22 2018;2,90
Jun 21 2018;2,90
Jun 20 2018;2,94
Jun 19 2018;2,90
Jun 18 2018;2,92
Jun 17 2018;2,92
Jun 15 2018;2,92
Jun 14 2018;2,94
Jun 13 2018;2,97
Jun 12 2018;2,97
Jun 11 2018;2,95
Jun 10 2018;2,95
Jun 08 2018;2,95
Jun 07 2018;2,92
Jun 06 2018;2,97
Jun 05 2018;2,93
Jun 04 2018;2,94
Jun 03 2018;2,91
Jun 01 2018;2,90
May 31 2018;2,86
May 30 2018;2,86
May 29 2018;2,79
May 28 2018;2,90
May 25 2018;2,93
May 24 2018;2,98
May 23 2018;2,99
May 22 2018;3,06
May 21 2018;3,06
May 20 2018;3,08
May 18 2018;3,06
May 17 2018;3,12
May 16 2018;3,10
May 15 2018;3,07
May 14 2018;3,00
May 13 2018;2,98
May 11 2018;2,97
May 10 2018;2,96
May 09 2018;3,01
May 08 2018;2,97
May 07 2018;2,95
May 06 2018;2,95
May 04 2018;2,95
May 03 2018;2,95
May 02 2018;2,98
May 01 2018;2,97
Apr 30 2018;2,96
Apr 29 2018;2,96
Apr 27 2018;2,96
Apr 26 2018;2,98
Apr 25 2018;3,03
Apr 24 2018;3,00
Apr 23 2018;2,98
Apr 22 2018;2,97
Apr 20 2018;2,96
Apr 19 2018;2,91
Apr 18 2018;2,88
Apr 17 2018;2,83
Apr 16 2018;2,83
Apr 15 2018;2,84
Apr 13 2018;2,83
Apr 12 2018;2,84
Apr 11 2018;2,78
Apr 10 2018;2,80
Apr 09 2018;2,78
Apr 08 2018;2,79
Apr 06 2018;2,78
Apr 05 2018;2,83
Apr 04 2018;2,81
Apr 03 2018;2,78
Apr 02 2018;2,73
Apr 01 2018;2,76
Mar 29 2018;2,74
Mar 28 2018;2,78
Mar 27 2018;2,78
Mar 26 2018;2,85
Mar 25 2018;2,82
Mar 23 2018;2,81
Mar 22 2018;2,82
Mar 21 2018;2,88
Mar 20 2018;2,90
Mar 19 2018;2,86
Mar 18 2018;2,86
Mar 16 2018;2,85
Mar 15 2018;2,83
Mar 14 2018;2,82
Mar 13 2018;2,84
Mar 12 2018;2,87
Mar 11 2018;2,91
Mar 09 2018;2,90
Mar 08 2018;2,86
Mar 07 2018;2,88
Mar 06 2018;2,89
Mar 05 2018;2,88
Mar 04 2018;2,85
Mar 02 2018;2,87
Mar 01 2018;2,81
Feb 28 2018;2,86
Feb 27 2018;2,90
Feb 26 2018;2,86
Feb 25 2018;2,88
Feb 23 2018;2,87
Feb 22 2018;2,92
Feb 21 2018;2,95
Feb 20 2018;2,89
Feb 19 2018;2,89
Feb 18 2018;2,87
Feb 16 2018;2,87
Feb 15 2018;2,91
Feb 14 2018;2,91
Feb 13 2018;2,83
Feb 12 2018;2,86
Feb 11 2018;2,86
Feb 09 2018;2,86
Feb 08 2018;2,83
Feb 07 2018;2,83
Feb 06 2018;2,81
Feb 05 2018;2,71
Feb 04 2018;2,85
Feb 02 2018;2,84
Feb 01 2018;2,78
Jan 31 2018;2,71
Jan 30 2018;2,72
Jan 29 2018;2,70
Jan 28 2018;2,66
Jan 26 2018;2,66
Jan 25 2018;2,62
Jan 24 2018;2,65
Jan 23 2018;2,62
Jan 22 2018;2,66
Jan 21 2018;2,66
Jan 19 2018;2,66
Jan 18 2018;2,62
Jan 17 2018;2,59
Jan 16 2018;2,54
Jan 15 2018;2,55
Jan 12 2018;2,55
Jan 11 2018;2,54
Jan 10 2018;2,56
Jan 09 2018;2,55
Jan 08 2018;2,48
Jan 07 2018;2,48
Jan 05 2018;2,48
Jan 04 2018;2,45
Jan 03 2018;2,45
Jan 02 2018;2,46
Jan 01 2018;2,41
Dec 29 2017;2,41
Dec 28 2017;2,43
Dec 27 2017;2,41
Dec 26 2017;2,47
Dec 25 2017;2,49
Dec 22 2017;2,49
Dec 21 2017;2,48
Dec 20 2017;2,50
Dec 19 2017;2,46
Dec 18 2017;2,39
Dec 17 2017;2,37
Dec 16 2017;2,35
Dec 15 2017;2,35
Dec 14 2017;2,35
Dec 13 2017;2,35
Dec 12 2017;2,40
Dec 11 2017;2,39
Dec 10 2017;2,39
Dec 08 2017;2,38
Dec 07 2017;2,36
Dec 06 2017;2,34
Dec 05 2017;2,35
Dec 04 2017;2,37
Dec 03 2017;2,42
Dec 01 2017;2,36
Nov 30 2017;2,42
Nov 29 2017;2,39
Nov 28 2017;2,33
Nov 27 2017;2,33
Nov 26 2017;2,34
Nov 24 2017;2,34
Nov 23 2017;2,33
Nov 22 2017;2,32
Nov 21 2017;2,36
Nov 20 2017;2,37
Nov 19 2017;2,34
Nov 17 2017;2,35
Nov 16 2017;2,38
Nov 15 2017;2,33
Nov 14 2017;2,38
Nov 13 2017;2,41
Nov 12 2017;2,40
Nov 10 2017;2,40
Nov 09 2017;2,34
Nov 08 2017;2,33
Nov 07 2017;2,32
Nov 06 2017;2,32
Nov 05 2017;2,34
Nov 03 2017;2,33
Nov 02 2017;2,35
Nov 01 2017;2,37
Oct 31 2017;2,38
Oct 30 2017;2,37
Oct 29 2017;2,41
Oct 27 2017;2,42
Oct 26 2017;2,46
Oct 25 2017;2,44
Oct 24 2017;2,42
Oct 23 2017;2,37
Oct 22 2017;2,39
Oct 20 2017;2,38
Oct 19 2017;2,32
Oct 18 2017;2,35
Oct 17 2017;2,30
Oct 16 2017;2,31
Oct 15 2017;2,29
Oct 13 2017;2,28
Oct 12 2017;2,32
Oct 11 2017;2,35
Oct 10 2017;2,36
Oct 09 2017;2,36
Oct 06 2017;2,36
Oct 05 2017;2,35
Oct 04 2017;2,32
Oct 03 2017;2,33
Oct 02 2017;2,34
Oct 01 2017;2,34
Sep 29 2017;2,34
Sep 28 2017;2,31
Sep 27 2017;2,31
Sep 26 2017;2,24
Sep 25 2017;2,22
Sep 24 2017;2,26
Sep 22 2017;2,25
Sep 21 2017;2,28
Sep 20 2017;2,27
Sep 19 2017;2,25
Sep 18 2017;2,23
Sep 17 2017;2,20
Sep 15 2017;2,20
Sep 14 2017;2,19
Sep 13 2017;2,19
Sep 12 2017;2,17
Sep 11 2017;2,13
Sep 10 2017;2,09
Sep 08 2017;2,05
Sep 07 2017;2,04
Sep 06 2017;2,11
Sep 05 2017;2,06
Sep 03 2017;2,17
Sep 01 2017;2,17
Aug 31 2017;2,12
Aug 30 2017;2,14
Aug 29 2017;2,13
Aug 28 2017;2,16
Aug 27 2017;2,18
Aug 25 2017;2,17
Aug 24 2017;2,20
Aug 23 2017;2,17
Aug 22 2017;2,22
Aug 21 2017;2,18
Aug 20 2017;2,21
Aug 18 2017;2,20
Aug 17 2017;2,19
Aug 16 2017;2,23
Aug 15 2017;2,27
Aug 14 2017;2,22
Aug 13 2017;2,20
Aug 11 2017;2,19
Aug 10 2017;2,20
Aug 09 2017;2,25
Aug 08 2017;2,26
Aug 07 2017;2,26
Aug 06 2017;2,27
Aug 04 2017;2,26
Aug 03 2017;2,22
Aug 02 2017;2,27
Aug 01 2017;2,25
Jul 31 2017;2,30
Jul 30 2017;2,28
Jul 28 2017;2,29
Jul 27 2017;2,32
Jul 26 2017;2,29
Jul 25 2017;2,33
Jul 24 2017;2,26
Jul 23 2017;2,23
Jul 21 2017;2,24
Jul 20 2017;2,26
Jul 19 2017;2,27
Jul 18 2017;2,26
Jul 17 2017;2,31
Jul 16 2017;2,33
Jul 14 2017;2,33
Jul 13 2017;2,35
Jul 12 2017;2,32
Jul 11 2017;2,36
Jul 10 2017;2,37
Jul 09 2017;2,39
Jul 07 2017;2,39
Jul 06 2017;2,37
Jul 05 2017;2,33
Jul 04 2017;2,33
Jul 03 2017;2,35
Jul 02 2017;2,32
Jul 01 2017;2,30
Jun 30 2017;2,30
Jun 29 2017;2,27
Jun 28 2017;2,23
Jun 27 2017;2,20
Jun 26 2017;2,14
Jun 25 2017;2,15
Jun 23 2017;2,14
Jun 22 2017;2,15
Jun 21 2017;2,17
Jun 20 2017;2,16
Jun 19 2017;2,19
Jun 18 2017;2,16
Jun 16 2017;2,15
Jun 15 2017;2,16
Jun 14 2017;2,13
Jun 13 2017;2,21
Jun 12 2017;2,22
Jun 11 2017;2,21
Jun 09 2017;2,20
Jun 08 2017;2,19
Jun 07 2017;2,18
Jun 06 2017;2,15
Jun 05 2017;2,18
Jun 04 2017;2,16
Jun 02 2017;2,16
Jun 01 2017;2,21
May 31 2017;2,21
May 30 2017;2,21
May 29 2017;2,24
May 26 2017;2,25
May 25 2017;2,26
May 24 2017;2,25
May 23 2017;2,28
May 22 2017;2,25
May 21 2017;2,25
May 19 2017;2,24
May 18 2017;2,23
May 17 2017;2,22
May 16 2017;2,33
May 15 2017;2,34
May 14 2017;2,32
May 12 2017;2,33
May 11 2017;2,39
May 10 2017;2,41
May 09 2017;2,40
May 08 2017;2,39
May 07 2017;2,36
May 05 2017;2,35
May 04 2017;2,35
May 03 2017;2,32
May 02 2017;2,29
May 01 2017;2,32
Apr 30 2017;2,28
Apr 28 2017;2,29
Apr 27 2017;2,30
Apr 26 2017;2,30
Apr 25 2017;2,33
Apr 24 2017;2,27
Apr 22 2017;2,25
Apr 21 2017;2,25
Apr 20 2017;2,24
Apr 19 2017;2,22
Apr 18 2017;2,17
Apr 17 2017;2,25
Apr 16 2017;2,20
Apr 13 2017;2,23
Apr 12 2017;2,24
Apr 11 2017;2,30
Apr 10 2017;2,37
Apr 09 2017;2,38
Apr 07 2017;2,38
Apr 06 2017;2,34
Apr 05 2017;2,34
Apr 04 2017;2,36
Apr 03 2017;2,32
Apr 02 2017;2,40
Mar 31 2017;2,39
Mar 30 2017;2,42
Mar 29 2017;2,38
Mar 28 2017;2,42
Mar 27 2017;2,38
Mar 26 2017;2,38
Mar 24 2017;2,42
Mar 23 2017;2,42
Mar 22 2017;2,40
Mar 21 2017;2,42
Mar 20 2017;2,46
Mar 19 2017;2,50
Mar 18 2017;2,50
Mar 17 2017;2,50
Mar 16 2017;2,54
Mar 15 2017;2,50
Mar 14 2017;2,60
Mar 13 2017;2,63
Mar 12 2017;2,58
Mar 10 2017;2,58
Mar 09 2017;2,61
Mar 08 2017;2,56
Mar 07 2017;2,52
Mar 06 2017;2,49
Mar 05 2017;2,48
Mar 03 2017;2,48
Mar 02 2017;2,48
Mar 01 2017;2,46
Feb 28 2017;2,40
Feb 27 2017;2,37
Feb 26 2017;2,32
Feb 24 2017;2,32
Feb 23 2017;2,38
Feb 22 2017;2,42
Feb 21 2017;2,43
Feb 20 2017;2,44
Feb 17 2017;2,42
Feb 16 2017;2,45
Feb 15 2017;2,50
Feb 14 2017;2,47
Feb 13 2017;2,44
Feb 12 2017;2,43
Feb 10 2017;2,41
Feb 09 2017;2,40
Feb 08 2017;2,34
Feb 07 2017;2,40
Feb 06 2017;2,42
Feb 05 2017;2,47
Feb 03 2017;2,47
Feb 02 2017;2,47
Feb 01 2017;2,48
Jan 31 2017;2,47
Jan 30 2017;2,49
Jan 29 2017;2,48
Jan 27 2017;2,49
Jan 26 2017;2,51
Jan 25 2017;2,52
Jan 24 2017;2,47
Jan 23 2017;2,40
Jan 22 2017;2,44
Jan 20 2017;2,47
Jan 19 2017;2,47
Jan 18 2017;2,43
Jan 17 2017;2,33
Jan 16 2017;2,38
Jan 13 2017;2,40
Jan 12 2017;2,36
Jan 11 2017;2,37
Jan 10 2017;2,38
Jan 09 2017;2,37
Jan 08 2017;2,42
Jan 06 2017;2,42
Jan 05 2017;2,35
Jan 04 2017;2,44
Jan 03 2017;2,45
Jan 02 2017;2,45
Dec 30 2016;2,45
Dec 29 2016;2,48
Dec 28 2016;2,51
Dec 27 2016;2,56
Dec 26 2016;2,54
Dec 23 2016;2,54
Dec 22 2016;2,55
Dec 21 2016;2,54
Dec 20 2016;2,56
Dec 19 2016;2,54
Dec 18 2016;2,58
Dec 16 2016;2,60
Dec 15 2016;2,61
Dec 14 2016;2,57
Dec 13 2016;2,47
Dec 12 2016;2,48
Dec 11 2016;2,49
Dec 09 2016;2,47
Dec 08 2016;2,41
Dec 07 2016;2,34
Dec 06 2016;2,39
Dec 05 2016;2,40
Dec 04 2016;2,37
Dec 02 2016;2,39
Dec 01 2016;2,45
Nov 30 2016;2,39
Nov 29 2016;2,29
Nov 28 2016;2,31
Nov 27 2016;2,34
Nov 25 2016;2,36
Nov 24 2016;2,38
Nov 23 2016;2,36
Nov 22 2016;2,31
Nov 21 2016;2,31
Nov 20 2016;2,35
Nov 18 2016;2,35
Nov 17 2016;2,30
Nov 16 2016;2,21
Nov 15 2016;2,23
Nov 14 2016;2,25
Nov 13 2016;2,17
Nov 10 2016;2,14
Nov 09 2016;2,07
Nov 08 2016;1,86
Nov 07 2016;1,83
Nov 06 2016;1,83
Nov 04 2016;1,78
Nov 03 2016;1,81
Nov 02 2016;1,80
Nov 01 2016;1,83
Oct 31 2016;1,83
Oct 30 2016;1,84
Oct 28 2016;1,85
Oct 27 2016;1,85
Oct 26 2016;1,79
Oct 25 2016;1,76
Oct 24 2016;1,77
Oct 23 2016;1,74
Oct 21 2016;1,74
Oct 20 2016;1,76
Oct 19 2016;1,75
Oct 18 2016;1,74
Oct 17 2016;1,77
Oct 16 2016;1,79
Oct 15 2016;1,81
Oct 14 2016;1,81
Oct 13 2016;1,75
Oct 12 2016;1,77
Oct 11 2016;1,77
Oct 10 2016;1,77
Oct 07 2016;1,72
Oct 06 2016;1,74
Oct 05 2016;1,71
Oct 04 2016;1,69
Oct 03 2016;1,63
Oct 02 2016;1,60
Sep 30 2016;1,60
Sep 29 2016;1,56
Sep 28 2016;1,57
Sep 27 2016;1,56
Sep 26 2016;1,58
Sep 25 2016;1,62
Sep 24 2016;1,62
Sep 23 2016;1,62
Sep 22 2016;1,62
Sep 21 2016;1,66
Sep 20 2016;1,69
Sep 19 2016;1,71
Sep 18 2016;1,69
Sep 17 2016;1,69
Sep 16 2016;1,69
Sep 15 2016;1,70
Sep 14 2016;1,70
Sep 13 2016;1,73
Sep 12 2016;1,67
Sep 11 2016;1,67
Sep 09 2016;1,68
Sep 08 2016;1,60
Sep 07 2016;1,54
Sep 06 2016;1,54
Sep 05 2016;1,61
Sep 02 2016;1,61
Sep 01 2016;1,57
Aug 31 2016;1,58
Aug 30 2016;1,57
Aug 29 2016;1,56
Aug 28 2016;1,63
Aug 26 2016;1,63
Aug 25 2016;1,58
Aug 24 2016;1,56
Aug 23 2016;1,55
Aug 22 2016;1,54
Aug 21 2016;1,60
Aug 19 2016;1,58
Aug 18 2016;1,53
Aug 17 2016;1,55
Aug 16 2016;1,58
Aug 15 2016;1,56
Aug 14 2016;1,51
Aug 13 2016;1,51
Aug 12 2016;1,51
Aug 11 2016;1,56
Aug 10 2016;1,51
Aug 09 2016;1,55
Aug 08 2016;1,59
Aug 07 2016;1,60
Aug 06 2016;1,59
Aug 05 2016;1,59
Aug 04 2016;1,50
Aug 03 2016;1,55
Aug 02 2016;1,55
Aug 01 2016;1,52
Jul 31 2016;1,46
Jul 29 2016;1,45
Jul 28 2016;1,51
Jul 27 2016;1,50
Jul 26 2016;1,56
Jul 25 2016;1,58
Jul 24 2016;1,57
Jul 22 2016;1,57
Jul 21 2016;1,56
Jul 20 2016;1,58
Jul 19 2016;1,56
Jul 18 2016;1,58
Jul 17 2016;1,56
Jul 15 2016;1,56
Jul 14 2016;1,54
Jul 13 2016;1,47
Jul 12 2016;1,51
Jul 11 2016;1,43
Jul 10 2016;1,37
Jul 08 2016;1,36
Jul 07 2016;1,39
Jul 06 2016;1,37
Jul 05 2016;1,38
Jul 04 2016;1,44
Jul 01 2016;1,46
Jun 30 2016;1,48
Jun 29 2016;1,52
Jun 28 2016;1,47
Jun 27 2016;1,44
Jun 26 2016;1,51
Jun 24 2016;1,56
Jun 23 2016;1,74
Jun 22 2016;1,69
Jun 21 2016;1,71
Jun 20 2016;1,68
Jun 19 2016;1,66
Jun 17 2016;1,61
Jun 16 2016;1,58
Jun 15 2016;1,58
Jun 14 2016;1,61
Jun 13 2016;1,61
Jun 12 2016;1,62
Jun 10 2016;1,64
Jun 09 2016;1,68
Jun 08 2016;1,70
Jun 07 2016;1,72
Jun 06 2016;1,74
Jun 05 2016;1,71
Jun 03 2016;1,70
Jun 02 2016;1,80
Jun 01 2016;1,84
May 31 2016;1,85
May 30 2016;1,86
May 27 2016;1,85
May 26 2016;1,83
May 25 2016;1,87
May 24 2016;1,87
May 23 2016;1,84
May 22 2016;1,84
May 20 2016;1,84
May 19 2016;1,85
May 18 2016;1,86
May 17 2016;1,77
May 16 2016;1,76
May 15 2016;1,70
May 13 2016;1,70
May 12 2016;1,75
May 11 2016;1,74
May 10 2016;1,75
May 09 2016;1,75
May 08 2016;1,79
May 06 2016;1,78
May 05 2016;1,74
May 04 2016;1,78
May 03 2016;1,80
May 02 2016;1,87
May 01 2016;1,83
Apr 29 2016;1,84
Apr 28 2016;1,82
Apr 27 2016;1,85
Apr 26 2016;1,93
Apr 25 2016;1,92
Apr 24 2016;1,89
Apr 22 2016;1,89
Apr 21 2016;1,87
Apr 20 2016;1,85
Apr 19 2016;1,79
Apr 18 2016;1,77
Apr 17 2016;1,73
Apr 15 2016;1,75
Apr 14 2016;1,79
Apr 13 2016;1,77
Apr 12 2016;1,78
Apr 11 2016;1,72
Apr 10 2016;1,73
Apr 08 2016;1,72
Apr 07 2016;1,69
Apr 06 2016;1,76
Apr 05 2016;1,72
Apr 04 2016;1,76
Apr 03 2016;1,77
Apr 01 2016;1,77
Mar 31 2016;1,77
Mar 30 2016;1,83
Mar 29 2016;1,80
Mar 28 2016;1,88
Mar 27 2016;1,91
Mar 24 2016;1,90
Mar 23 2016;1,88
Mar 22 2016;1,94
Mar 21 2016;1,92
Mar 20 2016;1,88
Mar 18 2016;1,88
Mar 17 2016;1,90
Mar 16 2016;1,91
Mar 15 2016;1,97
Mar 14 2016;1,96
Mar 13 2016;1,98
Mar 11 2016;1,98
Mar 10 2016;1,94
Mar 09 2016;1,88
Mar 08 2016;1,83
Mar 07 2016;1,90
Mar 06 2016;1,88
Mar 04 2016;1,88
Mar 03 2016;1,84
Mar 02 2016;1,84
Mar 01 2016;1,83
Feb 29 2016;1,74
Feb 28 2016;1,76
Feb 26 2016;1,76
Feb 25 2016;1,71
Feb 24 2016;1,75
Feb 23 2016;1,72
Feb 22 2016;1,76
Feb 21 2016;1,75
Feb 19 2016;1,74
Feb 18 2016;1,74
Feb 17 2016;1,82
Feb 16 2016;1,78
Feb 15 2016;1,77
Feb 14 2016;1,75
Feb 12 2016;1,75
Feb 11 2016;1,66
Feb 10 2016;1,67
Feb 09 2016;1,73
Feb 08 2016;1,75
Feb 07 2016;1,85
Feb 05 2016;1,84
Feb 04 2016;1,85
Feb 03 2016;1,88
Feb 02 2016;1,85
Feb 01 2016;1,95
Jan 31 2016;1,93
Jan 29 2016;1,92
Jan 28 2016;1,98
Jan 27 2016;2,00
Jan 26 2016;2,00
Jan 25 2016;2,01
Jan 24 2016;2,06
Jan 22 2016;2,06
Jan 21 2016;2,03
Jan 20 2016;1,99
Jan 19 2016;2,06
Jan 18 2016;2,05
Jan 15 2016;2,04
Jan 14 2016;2,09
Jan 13 2016;2,09
Jan 12 2016;2,11
Jan 11 2016;2,18
Jan 10 2016;2,12
Jan 08 2016;2,12
Jan 07 2016;2,15
Jan 06 2016;2,17
Jan 05 2016;2,24
Jan 04 2016;2,24
Jan 03 2016;2,29
Dec 31 2015;2,27
Dec 30 2015;2,29
Dec 29 2015;2,31
Dec 28 2015;2,23
Dec 27 2015;2,26
Dec 24 2015;2,25
Dec 23 2015;2,26
Dec 22 2015;2,24
Dec 21 2015;2,20
Dec 20 2015;2,20
Dec 18 2015;2,20
Dec 17 2015;2,23
Dec 16 2015;2,30
Dec 15 2015;2,27
Dec 14 2015;2,23
Dec 13 2015;2,15
Dec 11 2015;2,13
Dec 10 2015;2,23
Dec 09 2015;2,21
Dec 08 2015;2,22
Dec 07 2015;2,24
Dec 06 2015;2,29
Dec 04 2015;2,27
Dec 03 2015;2,32
Dec 02 2015;2,18
Dec 01 2015;2,15
Nov 30 2015;2,21
Nov 29 2015;2,22
Nov 27 2015;2,22
Nov 26 2015;2,22
Nov 25 2015;2,23
Nov 24 2015;2,24
Nov 23 2015;2,24
Nov 22 2015;2,26
Nov 20 2015;2,26
Nov 19 2015;2,25
Nov 18 2015;2,27
Nov 17 2015;2,27
Nov 16 2015;2,27
Nov 15 2015;2,24
Nov 13 2015;2,28
Nov 12 2015;2,32
Nov 11 2015;2,33
Nov 10 2015;2,34
Nov 09 2015;2,35
Nov 08 2015;2,33
Nov 06 2015;2,33
Nov 05 2015;2,24
Nov 04 2015;2,23
Nov 03 2015;2,22
Nov 02 2015;2,18
Nov 01 2015;2,14
Oct 30 2015;2,15
Oct 29 2015;2,17
Oct 28 2015;2,10
Oct 27 2015;2,04
Oct 26 2015;2,06
Oct 25 2015;2,08
Oct 23 2015;2,09
Oct 22 2015;2,03
Oct 21 2015;2,03
Oct 20 2015;2,07
Oct 19 2015;2,02
Oct 18 2015;2,02
Oct 16 2015;2,04
Oct 15 2015;2,02
Oct 14 2015;1,98
Oct 13 2015;2,04
Oct 12 2015;2,07
Oct 09 2015;2,09
Oct 08 2015;2,10
Oct 07 2015;2,07
Oct 06 2015;2,04
Oct 05 2015;2,06
Oct 04 2015;1,98
Oct 03 2015;1,99
Oct 02 2015;1,99
Oct 01 2015;2,04
Sep 30 2015;2,04
Sep 29 2015;2,06
Sep 28 2015;2,10
Sep 27 2015;2,16
Sep 25 2015;2,17
Sep 24 2015;2,13
Sep 23 2015;2,15
Sep 22 2015;2,13
Sep 21 2015;2,20
Sep 20 2015;2,13
Sep 18 2015;2,13
Sep 17 2015;2,19
Sep 16 2015;2,30
Sep 15 2015;2,29
Sep 14 2015;2,18
Sep 13 2015;2,20
Sep 11 2015;2,19
Sep 10 2015;2,23
Sep 09 2015;2,20
Sep 08 2015;2,19
Sep 07 2015;2,15
Sep 04 2015;2,13
Sep 03 2015;2,16
Sep 02 2015;2,19
Sep 01 2015;2,16
Aug 31 2015;2,21
Aug 30 2015;2,20
Aug 28 2015;2,18
Aug 27 2015;2,19
Aug 26 2015;2,18
Aug 25 2015;2,08
Aug 24 2015;2,01
Aug 23 2015;2,03
Aug 21 2015;2,05
Aug 20 2015;2,07
Aug 19 2015;2,13
Aug 18 2015;2,19
Aug 17 2015;2,17
Aug 16 2015;2,20
Aug 14 2015;2,20
Aug 13 2015;2,19
Aug 12 2015;2,15
Aug 11 2015;2,14
Aug 10 2015;2,23
Aug 09 2015;2,18
Aug 07 2015;2,17
Aug 06 2015;2,23
Aug 05 2015;2,27
Aug 04 2015;2,22
Aug 03 2015;2,15
Aug 02 2015;2,20
Jul 31 2015;2,19
Jul 30 2015;2,26
Jul 29 2015;2,29
Jul 28 2015;2,25
Jul 27 2015;2,22
Jul 26 2015;2,26
Jul 24 2015;2,26
Jul 23 2015;2,27
Jul 22 2015;2,33
Jul 21 2015;2,33
Jul 20 2015;2,38
Jul 19 2015;2,35
Jul 18 2015;2,35
Jul 17 2015;2,35
Jul 16 2015;2,36
Jul 15 2015;2,36
Jul 14 2015;2,40
Jul 13 2015;2,45
Jul 12 2015;2,39
Jul 10 2015;2,40
Jul 09 2015;2,32
Jul 08 2015;2,20
Jul 07 2015;2,26
Jul 06 2015;2,29
Jul 05 2015;2,27
Jul 02 2015;2,39
Jul 01 2015;2,43
Jun 30 2015;2,35
Jun 29 2015;2,33
Jun 28 2015;2,30
Jun 26 2015;2,47
Jun 25 2015;2,41
Jun 24 2015;2,37
Jun 23 2015;2,41
Jun 22 2015;2,37
Jun 21 2015;2,29
Jun 19 2015;2,26
Jun 18 2015;2,33
Jun 17 2015;2,32
Jun 16 2015;2,31
Jun 15 2015;2,36
Jun 14 2015;2,35
Jun 12 2015;2,39
Jun 11 2015;2,38
Jun 10 2015;2,49
Jun 09 2015;2,44
Jun 08 2015;2,38
Jun 07 2015;2,41
Jun 05 2015;2,41
Jun 04 2015;2,31
Jun 03 2015;2,36
Jun 02 2015;2,27
Jun 01 2015;2,18
May 31 2015;2,13
May 30 2015;2,12
May 29 2015;2,12
May 28 2015;2,14
May 27 2015;2,13
May 26 2015;2,14
May 25 2015;2,20
May 22 2015;2,22
May 21 2015;2,20
May 20 2015;2,26
May 19 2015;2,29
May 18 2015;2,23
May 17 2015;2,15
May 15 2015;2,15
May 14 2015;2,24
May 13 2015;2,30
May 12 2015;2,25
May 11 2015;2,29
May 10 2015;2,14
May 08 2015;2,14
May 07 2015;2,18
May 06 2015;2,25
May 05 2015;2,18
May 04 2015;2,15
May 03 2015;2,11
May 01 2015;2,11
Apr 30 2015;2,04
Apr 29 2015;2,05
Apr 28 2015;2,00
Apr 27 2015;1,93
Apr 26 2015;1,91
Apr 24 2015;1,91
Apr 23 2015;1,95
Apr 22 2015;1,98
Apr 21 2015;1,91
Apr 20 2015;1,89
Apr 19 2015;1,87
Apr 17 2015;1,87
Apr 16 2015;1,90
Apr 15 2015;1,89
Apr 14 2015;1,90
Apr 13 2015;1,93
Apr 12 2015;1,95
Apr 10 2015;1,95
Apr 09 2015;1,96
Apr 08 2015;1,91
Apr 07 2015;1,89
Apr 06 2015;1,90
Apr 05 2015;1,83
Apr 03 2015;1,84
Apr 02 2015;1,91
Apr 01 2015;1,86
Mar 31 2015;1,93
Mar 30 2015;1,95
Mar 29 2015;1,96
Mar 27 2015;1,96
Mar 26 2015;2,00
Mar 25 2015;1,93
Mar 24 2015;1,87
Mar 23 2015;1,91
Mar 22 2015;1,93
Mar 20 2015;1,93
Mar 19 2015;1,97
Mar 18 2015;1,92
Mar 17 2015;2,05
Mar 16 2015;2,07
Mar 15 2015;2,11
Mar 13 2015;2,12
Mar 12 2015;2,11
Mar 11 2015;2,11
Mar 10 2015;2,12
Mar 09 2015;2,19
Mar 08 2015;2,25
Mar 06 2015;2,25
Mar 05 2015;2,12
Mar 04 2015;2,12
Mar 03 2015;2,12
Mar 02 2015;2,09
Mar 01 2015;2,01
Feb 27 2015;2,00
Feb 26 2015;2,03
Feb 25 2015;1,97
Feb 24 2015;1,97
Feb 23 2015;2,06
Feb 22 2015;2,12
Feb 20 2015;2,12
Feb 19 2015;2,12
Feb 18 2015;2,09
Feb 17 2015;2,15
Feb 16 2015;2,02
Feb 13 2015;2,05
Feb 12 2015;1,99
Feb 11 2015;2,02
Feb 10 2015;2,00
Feb 09 2015;1,98
Feb 08 2015;1,94
Feb 06 2015;1,96
Feb 05 2015;1,82
Feb 04 2015;1,75
Feb 03 2015;1,80
Feb 02 2015;1,67
Feb 01 2015;1,65
Jan 30 2015;1,64
Jan 29 2015;1,76
Jan 28 2015;1,72
Jan 27 2015;1,83
Jan 26 2015;1,83
Jan 25 2015;1,77
Jan 23 2015;1,79
Jan 22 2015;1,87
Jan 21 2015;1,88
Jan 20 2015;1,79
Jan 19 2015;1,80
Jan 16 2015;1,83
Jan 15 2015;1,73
Jan 14 2015;1,86
Jan 13 2015;1,91
Jan 12 2015;1,91
Jan 11 2015;1,95
Jan 09 2015;1,95
Jan 08 2015;2,02
Jan 07 2015;1,97
Jan 06 2015;1,94
Jan 05 2015;2,03
Jan 04 2015;2,10
Jan 02 2015;2,11
Jan 01 2015;2,17
Dec 31 2014;2,17
Dec 30 2014;2,19
Dec 29 2014;2,20
Dec 28 2014;2,25
Dec 26 2014;2,25
Dec 25 2014;2,26
Dec 24 2014;2,26
Dec 23 2014;2,27
Dec 22 2014;2,16
Dec 21 2014;2,17
Dec 19 2014;2,16
Dec 18 2014;2,21
Dec 17 2014;2,14
Dec 16 2014;2,06
Dec 15 2014;2,12
Dec 14 2014;2,08
Dec 12 2014;2,08
Dec 11 2014;2,17
Dec 10 2014;2,17
Dec 09 2014;2,21
Dec 08 2014;2,26
Dec 07 2014;2,31
Dec 05 2014;2,31
Dec 04 2014;2,24
Dec 03 2014;2,28
Dec 02 2014;2,29
Dec 01 2014;2,24
Nov 30 2014;2,18
Nov 28 2014;2,17
Nov 27 2014;2,22
Nov 26 2014;2,25
Nov 25 2014;2,26
Nov 24 2014;2,31
Nov 23 2014;2,31
Nov 21 2014;2,31
Nov 20 2014;2,34
Nov 19 2014;2,36
Nov 18 2014;2,32
Nov 17 2014;2,34
Nov 16 2014;2,31
Nov 14 2014;2,32
Nov 13 2014;2,35
Nov 12 2014;2,37
Nov 11 2014;2,37
Nov 10 2014;2,36
Nov 09 2014;2,31
Nov 07 2014;2,30
Nov 06 2014;2,38
Nov 05 2014;2,35
Nov 04 2014;2,34
Nov 03 2014;2,35
Nov 02 2014;2,34
Oct 31 2014;2,34
Oct 30 2014;2,31
Oct 29 2014;2,32
Oct 28 2014;2,30
Oct 27 2014;2,26
Oct 26 2014;2,29
Oct 24 2014;2,27
Oct 23 2014;2,28
Oct 22 2014;2,22
Oct 21 2014;2,23
Oct 20 2014;2,19
Oct 19 2014;2,22
Oct 17 2014;2,20
Oct 16 2014;2,15
Oct 15 2014;2,13
Oct 14 2014;2,20
Oct 13 2014;2,24
Oct 10 2014;2,29
Oct 09 2014;2,33
Oct 08 2014;2,32
Oct 07 2014;2,34
Oct 06 2014;2,42
Oct 05 2014;2,44
Oct 03 2014;2,44
Oct 02 2014;2,44
Oct 01 2014;2,39
Sep 30 2014;2,50
Sep 29 2014;2,48
Sep 28 2014;2,53
Sep 27 2014;2,53
Sep 26 2014;2,53
Sep 25 2014;2,50
Sep 24 2014;2,57
Sep 23 2014;2,53
Sep 22 2014;2,57
Sep 21 2014;2,57
Sep 19 2014;2,58
Sep 18 2014;2,62
Sep 17 2014;2,62
Sep 16 2014;2,59
Sep 15 2014;2,59
Sep 14 2014;2,61
Sep 13 2014;2,61
Sep 12 2014;2,61
Sep 11 2014;2,55
Sep 10 2014;2,54
Sep 09 2014;2,50
Sep 08 2014;2,47
Sep 07 2014;2,45
Sep 05 2014;2,46
Sep 04 2014;2,45
Sep 03 2014;2,40
Sep 02 2014;2,42
Sep 01 2014;2,36
Aug 31 2014;2,35
Aug 29 2014;2,35
Aug 28 2014;2,34
Aug 27 2014;2,36
Aug 26 2014;2,40
Aug 25 2014;2,38
Aug 24 2014;2,41
Aug 22 2014;2,40
Aug 21 2014;2,41
Aug 20 2014;2,43
Aug 19 2014;2,40
Aug 18 2014;2,39
Aug 17 2014;2,36
Aug 15 2014;2,34
Aug 14 2014;2,40
Aug 13 2014;2,42
Aug 12 2014;2,45
Aug 11 2014;2,43
Aug 10 2014;2,43
Aug 08 2014;2,42
Aug 07 2014;2,41
Aug 06 2014;2,47
Aug 05 2014;2,49
Aug 04 2014;2,49
Aug 03 2014;2,50
Aug 02 2014;2,49
Aug 01 2014;2,49
Jul 31 2014;2,56
Jul 30 2014;2,56
Jul 29 2014;2,46
Jul 28 2014;2,49
Jul 27 2014;2,47
Jul 25 2014;2,47
Jul 24 2014;2,50
Jul 23 2014;2,47
Jul 22 2014;2,47
Jul 21 2014;2,47
Jul 20 2014;2,48
Jul 18 2014;2,48
Jul 17 2014;2,44
Jul 16 2014;2,53
Jul 15 2014;2,55
Jul 14 2014;2,55
Jul 13 2014;2,52
Jul 12 2014;2,52
Jul 11 2014;2,52
Jul 10 2014;2,54
Jul 09 2014;2,56
Jul 08 2014;2,56
Jul 07 2014;2,61
Jul 06 2014;2,66
Jul 03 2014;2,64
Jul 02 2014;2,63
Jul 01 2014;2,57
Jun 30 2014;2,53
Jun 29 2014;2,53
Jun 27 2014;2,54
Jun 26 2014;2,53
Jun 25 2014;2,56
Jun 24 2014;2,58
Jun 23 2014;2,63
Jun 22 2014;2,61
Jun 20 2014;2,61
Jun 19 2014;2,62
Jun 18 2014;2,59
Jun 17 2014;2,65
Jun 16 2014;2,60
Jun 15 2014;2,60
Jun 13 2014;2,61
Jun 12 2014;2,60
Jun 11 2014;2,64
Jun 10 2014;2,64
Jun 09 2014;2,61
Jun 08 2014;2,59
Jun 06 2014;2,60
Jun 05 2014;2,58
Jun 04 2014;2,61
Jun 03 2014;2,60
Jun 02 2014;2,53
Jun 01 2014;2,48
May 30 2014;2,48
May 29 2014;2,47
May 28 2014;2,45
May 27 2014;2,52
May 26 2014;2,54
May 25 2014;2,54
May 23 2014;2,54
May 22 2014;2,55
May 21 2014;2,53
May 20 2014;2,51
May 19 2014;2,55
May 18 2014;2,52
May 16 2014;2,52
May 15 2014;2,50
May 14 2014;2,55
May 13 2014;2,61
May 12 2014;2,66
May 11 2014;2,63
May 09 2014;2,62
May 08 2014;2,61
May 07 2014;2,59
May 06 2014;2,59
May 05 2014;2,61
May 04 2014;2,59
May 02 2014;2,59
May 01 2014;2,61
Apr 30 2014;2,65
Apr 29 2014;2,70
Apr 28 2014;2,71
Apr 27 2014;2,67
Apr 25 2014;2,67
Apr 24 2014;2,68
Apr 23 2014;2,69
Apr 22 2014;2,71
Apr 21 2014;2,72
Apr 20 2014;2,72
Apr 17 2014;2,72
Apr 16 2014;2,64
Apr 15 2014;2,63
Apr 14 2014;2,65
Apr 13 2014;2,60
Apr 11 2014;2,63
Apr 10 2014;2,65
Apr 09 2014;2,69
Apr 08 2014;2,68
Apr 07 2014;2,70
Apr 06 2014;2,72
Apr 04 2014;2,73
Apr 03 2014;2,80
Apr 02 2014;2,81
Apr 01 2014;2,76
Mar 31 2014;2,72
Mar 30 2014;2,72
Mar 28 2014;2,72
Mar 27 2014;2,68
Mar 26 2014;2,69
Mar 25 2014;2,75
Mar 24 2014;2,73
Mar 23 2014;2,76
Mar 21 2014;2,75
Mar 20 2014;2,77
Mar 19 2014;2,77
Mar 18 2014;2,67
Mar 17 2014;2,69
Mar 16 2014;2,64
Mar 14 2014;2,66
Mar 13 2014;2,65
Mar 12 2014;2,73
Mar 11 2014;2,77
Mar 10 2014;2,78
Mar 09 2014;2,79
Mar 07 2014;2,79
Mar 06 2014;2,74
Mar 05 2014;2,71
Mar 04 2014;2,70
Mar 03 2014;2,60
Mar 02 2014;2,61
Feb 28 2014;2,65
Feb 27 2014;2,64
Feb 26 2014;2,67
Feb 25 2014;2,70
Feb 24 2014;2,74
Feb 23 2014;2,74
Feb 21 2014;2,73
Feb 20 2014;2,75
Feb 19 2014;2,74
Feb 18 2014;2,71
Feb 17 2014;2,75
Feb 14 2014;2,75
Feb 13 2014;2,73
Feb 12 2014;2,76
Feb 11 2014;2,73
Feb 10 2014;2,67
Feb 09 2014;2,68
Feb 07 2014;2,68
Feb 06 2014;2,70
Feb 05 2014;2,67
Feb 04 2014;2,63
Feb 03 2014;2,58
Feb 02 2014;2,67
Jan 31 2014;2,64
Jan 30 2014;2,70
Jan 29 2014;2,68
Jan 28 2014;2,75
Jan 27 2014;2,75
Jan 26 2014;2,72
Jan 24 2014;2,72
Jan 23 2014;2,78
Jan 22 2014;2,87
Jan 21 2014;2,83
Jan 20 2014;2,83
Jan 17 2014;2,82
Jan 16 2014;2,84
Jan 15 2014;2,89
Jan 14 2014;2,87
Jan 13 2014;2,83
Jan 12 2014;2,86
Jan 10 2014;2,86
Jan 09 2014;2,97
Jan 08 2014;2,99
Jan 07 2014;2,94
Jan 06 2014;2,96
Jan 05 2014;3,01
Jan 03 2014;3,00
Jan 02 2014;2,99
Jan 01 2014;3,03
Dec 31 2013;3,03
Dec 30 2013;2,97
Dec 29 2013;3,01
Dec 27 2013;3,00
Dec 26 2013;2,99
Dec 25 2013;3,00
Dec 24 2013;2,98
Dec 23 2013;2,93
Dec 22 2013;2,89
Dec 20 2013;2,89
Dec 19 2013;2,93
Dec 18 2013;2,90
Dec 17 2013;2,84
Dec 16 2013;2,88
Dec 15 2013;2,87
Dec 13 2013;2,87
Dec 12 2013;2,88
Dec 11 2013;2,86
Dec 10 2013;2,80
Dec 09 2013;2,84
Dec 08 2013;2,87
Dec 06 2013;2,86
Dec 05 2013;2,87
Dec 04 2013;2,84
Dec 03 2013;2,78
Dec 02 2013;2,80
Dec 01 2013;2,75
Nov 29 2013;2,75
Nov 28 2013;2,75
Nov 27 2013;2,74
Nov 26 2013;2,71
Nov 25 2013;2,73
Nov 24 2013;2,75
Nov 22 2013;2,74
Nov 21 2013;2,79
Nov 20 2013;2,80
Nov 19 2013;2,71
Nov 18 2013;2,67
Nov 17 2013;2,71
Nov 15 2013;2,70
Nov 14 2013;2,69
Nov 13 2013;2,72
Nov 12 2013;2,77
Nov 11 2013;2,77
Nov 08 2013;2,75
Nov 07 2013;2,60
Nov 06 2013;2,64
Nov 05 2013;2,67
Nov 04 2013;2,60
Nov 03 2013;2,62
Nov 01 2013;2,62
Oct 31 2013;2,55
Oct 30 2013;2,54
Oct 29 2013;2,50
Oct 28 2013;2,52
Oct 27 2013;2,51
Oct 25 2013;2,51
Oct 24 2013;2,52
Oct 23 2013;2,50
Oct 22 2013;2,51
Oct 21 2013;2,60
Oct 20 2013;2,59
Oct 18 2013;2,58
Oct 17 2013;2,59
Oct 16 2013;2,67
Oct 15 2013;2,73
Oct 14 2013;2,74
Oct 11 2013;2,69
Oct 10 2013;2,68
Oct 09 2013;2,66
Oct 08 2013;2,64
Oct 07 2013;2,63
Oct 06 2013;2,64
Oct 04 2013;2,65
Oct 03 2013;2,61
Oct 02 2013;2,62
Oct 01 2013;2,65
Sep 30 2013;2,62
Sep 29 2013;2,60
Sep 27 2013;2,63
Sep 26 2013;2,65
Sep 25 2013;2,63
Sep 24 2013;2,66
Sep 23 2013;2,70
Sep 22 2013;2,74
Sep 20 2013;2,74
Sep 19 2013;2,75
Sep 18 2013;2,69
Sep 17 2013;2,85
Sep 16 2013;2,86
Sep 15 2013;2,89
Sep 13 2013;2,89
Sep 12 2013;2,91
Sep 11 2013;2,91
Sep 10 2013;2,97
Sep 09 2013;2,91
Sep 08 2013;2,94
Sep 07 2013;2,93
Sep 06 2013;2,93
Sep 05 2013;3,00
Sep 04 2013;2,90
Sep 03 2013;2,86
Sep 02 2013;2,84
Sep 01 2013;2,79
Aug 30 2013;2,79
Aug 29 2013;2,76
Aug 28 2013;2,77
Aug 27 2013;2,71
Aug 26 2013;2,79
Aug 25 2013;2,82
Aug 23 2013;2,82
Aug 22 2013;2,89
Aug 21 2013;2,89
Aug 20 2013;2,82
Aug 19 2013;2,88
Aug 18 2013;2,85
Aug 16 2013;2,83
Aug 15 2013;2,76
Aug 14 2013;2,71
Aug 13 2013;2,72
Aug 12 2013;2,62
Aug 11 2013;2,58
Aug 10 2013;2,58
Aug 09 2013;2,58
Aug 08 2013;2,59
Aug 07 2013;2,60
Aug 06 2013;2,64
Aug 05 2013;2,64
Aug 03 2013;2,60
Aug 02 2013;2,60
Aug 01 2013;2,71
Jul 31 2013;2,59
Jul 30 2013;2,61
Jul 29 2013;2,60
Jul 27 2013;2,56
Jul 26 2013;2,56
Jul 25 2013;2,58
Jul 24 2013;2,58
Jul 23 2013;2,51
Jul 22 2013;2,48
Jul 20 2013;2,48
Jul 19 2013;2,48
Jul 18 2013;2,53
Jul 17 2013;2,49
Jul 16 2013;2,53
Jul 15 2013;2,54
Jul 13 2013;2,59
Jul 12 2013;2,59
Jul 11 2013;2,57
Jul 10 2013;2,67
Jul 09 2013;2,64
Jul 08 2013;2,64
Jul 06 2013;2,74
Jul 05 2013;2,74
Jul 04 2013;2,50
Jul 03 2013;2,50
Jul 02 2013;2,47
Jul 01 2013;2,48
Jun 29 2013;2,49
Jun 28 2013;2,49
Jun 27 2013;2,47
Jun 26 2013;2,54
Jun 25 2013;2,61
Jun 24 2013;2,54
Jun 23 2013;2,54
Jun 22 2013;2,54
Jun 21 2013;2,54
Jun 20 2013;2,42
Jun 19 2013;2,35
Jun 18 2013;2,19
Jun 17 2013;2,18
Jun 16 2013;2,13
Jun 15 2013;2,13
Jun 14 2013;2,13
Jun 13 2013;2,15
Jun 12 2013;2,23
Jun 11 2013;2,19
Jun 10 2013;2,21
Jun 08 2013;2,18
Jun 07 2013;2,18
Jun 06 2013;2,08
Jun 05 2013;2,09
Jun 04 2013;2,15
Jun 03 2013;2,13
Jun 01 2013;2,13
May 31 2013;2,13
May 30 2013;2,12
May 29 2013;2,12
May 28 2013;2,17
May 25 2013;2,01
May 24 2013;2,01
May 23 2013;2,02
May 22 2013;2,04
May 21 2013;1,93
May 20 2013;1,97
May 18 2013;1,95
May 17 2013;1,95
May 16 2013;1,88
May 15 2013;1,94
May 14 2013;1,98
May 13 2013;1,92
May 11 2013;1,90
May 10 2013;1,90
May 09 2013;1,81
May 08 2013;1,77
May 07 2013;1,78
May 06 2013;1,76
May 03 2013;1,74
May 02 2013;1,62
May 01 2013;1,63
Apr 30 2013;1,67
Apr 29 2013;1,67
Apr 26 2013;1,67
Apr 25 2013;1,71
Apr 24 2013;1,70
Apr 23 2013;1,71
Apr 22 2013;1,70
Apr 19 2013;1,71
Apr 18 2013;1,69
Apr 17 2013;1,70
Apr 16 2013;1,72
Apr 15 2013;1,69
Apr 12 2013;1,72
Apr 11 2013;1,79
Apr 10 2013;1,81
Apr 09 2013;1,75
Apr 08 2013;1,75
Apr 05 2013;1,71
Apr 04 2013;1,77
Apr 03 2013;1,82
Apr 02 2013;1,86
Apr 01 2013;1,84
Mar 28 2013;1,85
Mar 27 2013;1,85
Mar 26 2013;1,91
Mar 25 2013;1,92
Mar 22 2013;1,93
Mar 21 2013;1,92
Mar 20 2013;1,96
Mar 19 2013;1,90
Mar 18 2013;1,96
Mar 15 2013;1,99
Mar 14 2013;2,04
Mar 13 2013;2,02
Mar 12 2013;2,02
Mar 11 2013;2,06
Mar 08 2013;2,05
Mar 07 2013;2,00
Mar 06 2013;1,94
Mar 05 2013;1,90
Mar 04 2013;1,88
Mar 01 2013;1,85
Feb 28 2013;1,88
Feb 27 2013;1,90
Feb 26 2013;1,89
Feb 25 2013;1,87
Feb 22 2013;1,96
Feb 21 2013;1,97
Feb 20 2013;2,01
Feb 19 2013;2,03
Feb 15 2013;2,01
Feb 14 2013;2,00
Feb 13 2013;2,03
Feb 12 2013;1,98
Feb 11 2013;1,96
Feb 08 2013;1,95
Feb 07 2013;1,96
Feb 06 2013;1,96
Feb 05 2013;2,01
Feb 04 2013;1,96
Feb 01 2013;2,03
Jan 31 2013;1,99
Jan 30 2013;1,99
Jan 29 2013;2,00
Jan 28 2013;1,97
Jan 25 2013;1,95
Jan 24 2013;1,85
Jan 23 2013;1,83
Jan 22 2013;1,84
Jan 18 2013;1,84
Jan 17 2013;1,88
Jan 16 2013;1,82
Jan 15 2013;1,84
Jan 14 2013;1,85
Jan 11 2013;1,87
Jan 10 2013;1,90
Jan 09 2013;1,86
Jan 08 2013;1,86
Jan 07 2013;1,90
Jan 04 2013;1,90
Jan 03 2013;1,91
Jan 02 2013;1,84
Dec 31 2012;1,76
Dec 28 2012;1,70
Dec 27 2012;1,73
Dec 26 2012;1,75
Dec 24 2012;1,78
Dec 21 2012;1,77
Dec 20 2012;1,80
Dec 19 2012;1,81
Dec 18 2012;1,82
Dec 17 2012;1,77
Dec 14 2012;1,70
Dec 13 2012;1,73
Dec 12 2012;1,70
Dec 11 2012;1,66
Dec 10 2012;1,62
Dec 07 2012;1,62
Dec 06 2012;1,59
Dec 05 2012;1,59
Dec 04 2012;1,61
Dec 03 2012;1,62
Nov 30 2012;1,62
Nov 29 2012;1,62
Nov 28 2012;1,63
Nov 27 2012;1,64
Nov 26 2012;1,67
Nov 23 2012;1,69
Nov 21 2012;1,68
Nov 20 2012;1,67
Nov 19 2012;1,61
Nov 16 2012;1,58
Nov 15 2012;1,60
Nov 14 2012;1,59
Nov 13 2012;1,60
Nov 09 2012;1,61
Nov 08 2012;1,62
Nov 07 2012;1,64
Nov 06 2012;1,75
Nov 05 2012;1,68
Nov 02 2012;1,72
Nov 01 2012;1,73
Oct 31 2012;1,69
Oct 29 2012;1,72
Oct 26 2012;1,75
Oct 25 2012;1,81
Oct 24 2012;1,79
Oct 23 2012;1,76
Oct 22 2012;1,82
Oct 19 2012;1,77
Oct 18 2012;1,83
Oct 17 2012;1,82
Oct 16 2012;1,72
Oct 15 2012;1,67
Oct 12 2012;1,66
Oct 11 2012;1,67
Oct 10 2012;1,68
Oct 09 2012;1,71
Oct 05 2012;1,73
Oct 04 2012;1,67
Oct 03 2012;1,62
Oct 02 2012;1,62
Oct 01 2012;1,62
Sep 28 2012;1,63
Sep 27 2012;1,66
Sep 26 2012;1,61
Sep 25 2012;1,67
Sep 24 2012;1,72
Sep 21 2012;1,75
Sep 20 2012;1,77
Sep 19 2012;1,77
Sep 18 2012;1,81
Sep 17 2012;1,84
Sep 14 2012;1,87
Sep 13 2012;1,72
Sep 12 2012;1,76
Sep 11 2012;1,70
Sep 10 2012;1,65
Sep 07 2012;1,67
Sep 06 2012;1,68
Sep 05 2012;1,60
Sep 04 2012;1,57
Aug 31 2012;1,55
Aug 30 2012;1,63
Aug 29 2012;1,65
Aug 28 2012;1,64
Aug 27 2012;1,65
Aug 24 2012;1,69
Aug 23 2012;1,68
Aug 22 2012;1,70
Aug 21 2012;1,80
Aug 20 2012;1,81
Aug 17 2012;1,81
Aug 16 2012;1,84
Aug 15 2012;1,82
Aug 14 2012;1,73
Aug 13 2012;1,67
Aug 10 2012;1,66
Aug 09 2012;1,70
Aug 08 2012;1,65
Aug 07 2012;1,63
Aug 06 2012;1,57
Aug 03 2012;1,57
Aug 02 2012;1,48
Aug 01 2012;1,52
Jul 31 2012;1,47
Jul 30 2012;1,50
Jul 27 2012;1,55
Jul 26 2012;1,44
Jul 25 2012;1,40
Jul 24 2012;1,39
Jul 23 2012;1,44
Jul 20 2012;1,46
Jul 19 2012;1,51
Jul 18 2012;1,49
Jul 17 2012;1,51
Jul 16 2012;1,47
Jul 13 2012;1,49
Jul 12 2012;1,48
Jul 11 2012;1,52
Jul 10 2012;1,50
Jul 09 2012;1,51
Jul 06 2012;1,55
Jul 05 2012;1,60
Jul 03 2012;1,63
Jul 02 2012;1,59
Jun 29 2012;1,64
Jun 28 2012;1,58
Jun 27 2012;1,62
Jun 26 2012;1,63
Jun 25 2012;1,60
Jun 22 2012;1,68
Jun 21 2012;1,62
Jun 20 2012;1,65
Jun 19 2012;1,62
Jun 18 2012;1,57
Jun 15 2012;1,59
Jun 14 2012;1,64
Jun 13 2012;1,60
Jun 12 2012;1,66
Jun 11 2012;1,59
Jun 08 2012;1,63
Jun 07 2012;1,64
Jun 06 2012;1,66
Jun 05 2012;1,57
Jun 04 2012;1,52
Jun 01 2012;1,46
May 31 2012;1,56
May 30 2012;1,62
May 29 2012;1,75
May 28 2012;1,75
May 25 2012;1,75
May 24 2012;1,78
May 23 2012;1,73
May 22 2012;1,78
May 21 2012;1,74
May 18 2012;1,72
May 17 2012;1,69
May 16 2012;1,76
May 15 2012;1,77
May 14 2012;1,77
May 11 2012;1,84
May 10 2012;1,87
May 09 2012;1,83
May 08 2012;1,84
May 07 2012;1,87
May 04 2012;1,88
May 03 2012;1,93
May 02 2012;1,93
May 01 2012;1,95
Apr 30 2012;1,92
Apr 27 2012;1,94
Apr 26 2012;1,95
Apr 25 2012;1,99
Apr 24 2012;1,97
Apr 23 2012;1,94
Apr 20 2012;1,96
Apr 19 2012;1,97
Apr 18 2012;1,98
Apr 17 2012;2,00
Apr 16 2012;1,98
Apr 13 2012;1,99
Apr 12 2012;2,06
Apr 11 2012;2,04
Apr 10 2012;1,99
Apr 09 2012;2,05
Apr 06 2012;2,05
Apr 05 2012;2,18
Apr 04 2012;2,22
Apr 03 2012;2,29
Apr 02 2012;2,18
Mar 30 2012;2,21
Mar 29 2012;2,16
Mar 28 2012;2,20
Mar 27 2012;2,19
Mar 26 2012;2,25
Mar 23 2012;2,23
Mar 22 2012;2,28
Mar 21 2012;2,30
Mar 20 2012;2,36
Mar 19 2012;2,38
Mar 16 2012;2,30
Mar 15 2012;2,28
Mar 14 2012;2,27
Mar 13 2012;2,13
Mar 12 2012;2,04
Mar 09 2012;2,03
Mar 08 2012;2,02
Mar 07 2012;1,97
Mar 06 2012;1,95
Mar 05 2012;2,01
Mar 02 2012;1,98
Mar 01 2012;2,03
Feb 29 2012;1,97
Feb 28 2012;1,94
Feb 27 2012;1,93
Feb 24 2012;1,98
Feb 23 2012;2,00
Feb 22 2012;2,00
Feb 21 2012;2,06
Feb 20 2012;2,04
Feb 17 2012;2,00
Feb 16 2012;1,98
Feb 15 2012;1,93
Feb 14 2012;1,94
Feb 13 2012;1,98
Feb 10 2012;1,98
Feb 09 2012;2,04
Feb 08 2012;1,98
Feb 07 2012;1,98
Feb 06 2012;1,90
Feb 03 2012;1,92
Feb 02 2012;1,82
Feb 01 2012;1,83
Jan 31 2012;1,80
Jan 30 2012;1,85
Jan 27 2012;1,89
Jan 26 2012;1,94
Jan 25 2012;2,00
Jan 24 2012;2,06
Jan 23 2012;2,06
Jan 20 2012;2,03
Jan 19 2012;1,98
Jan 18 2012;1,90
Jan 17 2012;1,86
Jan 16 2012;1,86
Jan 13 2012;1,87
Jan 12 2012;1,93
Jan 11 2012;1,91
Jan 10 2012;1,96
Jan 09 2012;1,96
Jan 06 2012;1,96
Jan 05 2012;2,00
Jan 04 2012;1,98
Jan 03 2012;1,96
Jan 02 2012;1,87
Dec 30 2011;1,88
Dec 29 2011;1,90
Dec 28 2011;1,92
Dec 27 2011;2,00
Dec 26 2011;2,03
Dec 23 2011;2,02
Dec 22 2011;1,95
Dec 21 2011;1,97
Dec 20 2011;1,93
Dec 19 2011;1,81
Dec 16 2011;1,85
Dec 15 2011;1,91
Dec 14 2011;1,90
Dec 13 2011;1,96
Dec 12 2011;2,02
Dec 09 2011;2,06
Dec 08 2011;1,97
Dec 07 2011;2,03
Dec 06 2011;2,09
Dec 05 2011;2,03
Dec 02 2011;2,03
Dec 01 2011;2,09
Nov 30 2011;2,07
Nov 29 2011;1,99
Nov 28 2011;1,97
Nov 25 2011;1,97
Nov 24 2011;1,89
Nov 23 2011;1,89
Nov 22 2011;1,92
Nov 21 2011;1,97
Nov 18 2011;2,01
Nov 17 2011;1,97
Nov 16 2011;2,00
Nov 15 2011;2,05
Nov 14 2011;2,05
Nov 11 2011;2,06
Nov 10 2011;2,06
Nov 09 2011;1,97
Nov 08 2011;2,08
Nov 07 2011;2,02
Nov 04 2011;2,04
Nov 03 2011;2,07
Nov 02 2011;1,99
Nov 01 2011;1,99
Oct 31 2011;2,12
Oct 28 2011;2,32
Oct 27 2011;2,39
Oct 26 2011;2,21
Oct 25 2011;2,11
Oct 24 2011;2,23
Oct 21 2011;2,22
Oct 20 2011;2,19
Oct 19 2011;2,16
Oct 18 2011;2,18
Oct 17 2011;2,16
Oct 14 2011;2,25
Oct 13 2011;2,18
Oct 12 2011;2,21
Oct 11 2011;2,16
Oct 10 2011;2,07
Oct 07 2011;2,08
Oct 06 2011;1,99
Oct 05 2011;1,89
Oct 04 2011;1,82
Oct 03 2011;1,75
Sep 30 2011;1,92
Sep 29 2011;2,00
Sep 28 2011;1,99
Sep 27 2011;1,98
Sep 26 2011;1,90
Sep 23 2011;1,83
Sep 22 2011;1,72
Sep 21 2011;1,86
Sep 20 2011;1,94
Sep 19 2011;1,96
Sep 16 2011;2,06
Sep 15 2011;2,08
Sep 14 2011;1,99
Sep 13 2011;1,99
Sep 12 2011;1,95
Sep 09 2011;1,92
Sep 08 2011;1,98
Sep 07 2011;2,04
Sep 06 2011;1,98
Sep 05 2011;1,99
Sep 02 2011;1,99
Sep 01 2011;2,13
Aug 31 2011;2,23
Aug 30 2011;2,18
Aug 29 2011;2,26
Aug 26 2011;2,19
Aug 25 2011;2,23
Aug 24 2011;2,29
Aug 23 2011;2,16
Aug 22 2011;2,11
Aug 19 2011;2,07
Aug 18 2011;2,07
Aug 17 2011;2,17
Aug 16 2011;2,23
Aug 15 2011;2,31
Aug 12 2011;2,26
Aug 11 2011;2,33
Aug 10 2011;2,10
Aug 09 2011;2,28
Aug 08 2011;2,32
Aug 05 2011;2,56
Aug 04 2011;2,41
Aug 03 2011;2,62
Aug 02 2011;2,61
Aug 01 2011;2,75
Jul 29 2011;2,79
Jul 28 2011;2,96
Jul 27 2011;2,98
Jul 26 2011;2,96
Jul 25 2011;3,00
Jul 22 2011;2,96
Jul 21 2011;3,01
Jul 20 2011;2,93
Jul 19 2011;2,88
Jul 18 2011;2,92
Jul 15 2011;2,91
Jul 14 2011;2,95
Jul 13 2011;2,88
Jul 12 2011;2,88
Jul 11 2011;2,92
Jul 08 2011;3,03
Jul 07 2011;3,14
Jul 06 2011;3,11
Jul 05 2011;3,12
Jul 04 2011;3,20
Jul 01 2011;3,18
Jun 30 2011;3,16
Jun 29 2011;3,12
Jun 28 2011;3,03
Jun 27 2011;2,93
Jun 24 2011;2,87
Jun 23 2011;2,91
Jun 22 2011;2,98
Jun 21 2011;2,98
Jun 20 2011;2,96
Jun 17 2011;2,94
Jun 16 2011;2,93
Jun 15 2011;2,97
Jun 14 2011;3,10
Jun 13 2011;2,98
Jun 10 2011;2,97
Jun 09 2011;3,00
Jun 08 2011;2,95
Jun 07 2011;3,00
Jun 06 2011;3,00
Jun 03 2011;2,99
Jun 02 2011;3,03
Jun 01 2011;2,94
May 31 2011;3,06
May 30 2011;3,06
May 27 2011;3,07
May 26 2011;3,06
May 25 2011;3,13
May 24 2011;3,12
May 23 2011;3,13
May 20 2011;3,15
May 19 2011;3,17
May 18 2011;3,18
May 17 2011;3,11
May 16 2011;3,15
May 13 2011;3,17
May 12 2011;3,23
May 11 2011;3,16
May 10 2011;3,21
May 09 2011;3,16
May 06 2011;3,15
May 05 2011;3,15
May 04 2011;3,22
May 03 2011;3,25
May 02 2011;3,28
Apr 29 2011;3,29
Apr 28 2011;3,32
Apr 27 2011;3,36
Apr 26 2011;3,31
Apr 25 2011;3,37
Apr 22 2011;3,39
Apr 21 2011;3,39
Apr 20 2011;3,41
Apr 19 2011;3,37
Apr 18 2011;3,38
Apr 15 2011;3,41
Apr 14 2011;3,50
Apr 13 2011;3,46
Apr 12 2011;3,49
Apr 11 2011;3,59
Apr 08 2011;3,58
Apr 07 2011;3,55
Apr 06 2011;3,55
Apr 05 2011;3,49
Apr 04 2011;3,43
Apr 01 2011;3,45
Mar 31 2011;3,47
Mar 30 2011;3,44
Mar 29 2011;3,49
Mar 28 2011;3,44
Mar 25 2011;3,44
Mar 24 2011;3,41
Mar 23 2011;3,35
Mar 22 2011;3,33
Mar 21 2011;3,33
Mar 18 2011;3,27
Mar 17 2011;3,26
Mar 16 2011;3,19
Mar 15 2011;3,31
Mar 14 2011;3,37
Mar 11 2011;3,40
Mar 10 2011;3,36
Mar 09 2011;3,47
Mar 08 2011;3,55
Mar 07 2011;3,52
Mar 04 2011;3,49
Mar 03 2011;3,56
Mar 02 2011;3,47
Mar 01 2011;3,40
Feb 28 2011;3,42
Feb 25 2011;3,42
Feb 24 2011;3,45
Feb 23 2011;3,48
Feb 22 2011;3,46
Feb 21 2011;3,58
Feb 18 2011;3,58
Feb 17 2011;3,58
Feb 16 2011;3,62
Feb 15 2011;3,60
Feb 14 2011;3,63
Feb 11 2011;3,64
Feb 10 2011;3,70
Feb 09 2011;3,65
Feb 08 2011;3,74
Feb 07 2011;3,64
Feb 04 2011;3,64
Feb 03 2011;3,55
Feb 02 2011;3,48
Feb 01 2011;3,44
Jan 31 2011;3,37
Jan 28 2011;3,33
Jan 27 2011;3,39
Jan 26 2011;3,42
Jan 25 2011;3,33
Jan 24 2011;3,41
Jan 21 2011;3,41
Jan 20 2011;3,45
Jan 19 2011;3,34
Jan 18 2011;3,37
Jan 17 2011;3,32
Jan 14 2011;3,33
Jan 13 2011;3,30
Jan 12 2011;3,37
Jan 11 2011;3,34
Jan 10 2011;3,29
Jan 07 2011;3,33
Jan 06 2011;3,40
Jan 05 2011;3,46
Jan 04 2011;3,34
Jan 03 2011;3,33
Dec 31 2010;3,29
Dec 30 2010;3,37
Dec 29 2010;3,36
Dec 28 2010;3,48
Dec 27 2010;3,33
Dec 24 2010;3,41
Dec 23 2010;3,40
Dec 22 2010;3,35
Dec 21 2010;3,30
Dec 20 2010;3,34
Dec 17 2010;3,33
Dec 16 2010;3,43
Dec 15 2010;3,54
Dec 14 2010;3,47
Dec 13 2010;3,28
Dec 10 2010;3,32
Dec 09 2010;3,21
Dec 08 2010;3,27
Dec 07 2010;3,14
Dec 06 2010;2,93
Dec 03 2010;3,01
Dec 02 2010;3,00
Dec 01 2010;2,97
Nov 30 2010;2,80
Nov 29 2010;2,83
Nov 26 2010;2,87
Nov 25 2010;2,91
Nov 24 2010;2,91
Nov 23 2010;2,78
Nov 22 2010;2,81
Nov 19 2010;2,87
Nov 18 2010;2,90
Nov 17 2010;2,88
Nov 16 2010;2,85
Nov 15 2010;2,97
Nov 12 2010;2,79
Nov 11 2010;2,66
Nov 10 2010;2,64
Nov 09 2010;2,66
Nov 08 2010;2,56
Nov 05 2010;2,54
Nov 04 2010;2,49
Nov 03 2010;2,58
Nov 02 2010;2,59
Nov 01 2010;2,63
Oct 29 2010;2,60
Oct 28 2010;2,66
Oct 27 2010;2,72
Oct 26 2010;2,65
Oct 25 2010;2,57
Oct 22 2010;2,56
Oct 21 2010;2,54
Oct 20 2010;2,48
Oct 19 2010;2,48
Oct 18 2010;2,52
Oct 15 2010;2,57
Oct 14 2010;2,51
Oct 13 2010;2,43
Oct 12 2010;2,43
Oct 11 2010;2,39
Oct 08 2010;2,40
Oct 07 2010;2,39
Oct 06 2010;2,40
Oct 05 2010;2,47
Oct 04 2010;2,48
Oct 01 2010;2,51
Sep 30 2010;2,51
Sep 29 2010;2,51
Sep 28 2010;2,47
Sep 27 2010;2,53
Sep 24 2010;2,61
Sep 23 2010;2,55
Sep 22 2010;2,56
Sep 21 2010;2,58
Sep 20 2010;2,70
Sep 17 2010;2,74
Sep 16 2010;2,76
Sep 15 2010;2,72
Sep 14 2010;2,68
Sep 13 2010;2,75
Sep 10 2010;2,80
Sep 09 2010;2,76
Sep 08 2010;2,65
Sep 07 2010;2,60
Sep 06 2010;2,71
Sep 03 2010;2,70
Sep 02 2010;2,63
Sep 01 2010;2,58
Aug 31 2010;2,47
Aug 30 2010;2,53
Aug 27 2010;2,65
Aug 26 2010;2,48
Aug 25 2010;2,54
Aug 24 2010;2,49
Aug 23 2010;2,60
Aug 20 2010;2,61
Aug 19 2010;2,58
Aug 18 2010;2,64
Aug 17 2010;2,64
Aug 16 2010;2,57
Aug 13 2010;2,68
Aug 12 2010;2,75
Aug 11 2010;2,69
Aug 10 2010;2,77
Aug 09 2010;2,83
Aug 06 2010;2,82
Aug 05 2010;2,91
Aug 04 2010;2,95
Aug 03 2010;2,91
Aug 02 2010;2,96
Jul 30 2010;2,91
Jul 29 2010;2,99
Jul 28 2010;2,99
Jul 27 2010;3,05
Jul 26 2010;3,00
Jul 23 2010;3,00
Jul 22 2010;2,93
Jul 21 2010;2,88
Jul 20 2010;2,95
Jul 19 2010;2,96
Jul 16 2010;2,93
Jul 15 2010;3,00
Jul 14 2010;3,05
Jul 13 2010;3,12
Jul 12 2010;3,07
Jul 09 2010;3,06
Jul 08 2010;3,03
Jul 07 2010;2,99
Jul 06 2010;2,94
Jul 05 2010;2,98
Jul 02 2010;2,98
Jul 01 2010;2,95
Jun 30 2010;2,94
Jun 29 2010;2,95
Jun 28 2010;3,02
Jun 25 2010;3,11
Jun 24 2010;3,14
Jun 23 2010;3,12
Jun 22 2010;3,17
Jun 21 2010;3,24
Jun 18 2010;3,23
Jun 17 2010;3,19
Jun 16 2010;3,26
Jun 15 2010;3,31
Jun 14 2010;3,26
Jun 11 2010;3,23
Jun 10 2010;3,33
Jun 09 2010;3,18
Jun 08 2010;3,19
Jun 07 2010;3,15
Jun 04 2010;3,21
Jun 03 2010;3,37
Jun 02 2010;3,35
Jun 01 2010;3,26
May 31 2010;3,30
May 28 2010;3,30
May 27 2010;3,36
May 26 2010;3,19
May 25 2010;3,16
May 24 2010;3,20
May 21 2010;3,24
May 20 2010;3,22
May 19 2010;3,37
May 18 2010;3,35
May 17 2010;3,49
May 14 2010;3,46
May 13 2010;3,54
May 12 2010;3,57
May 11 2010;3,53
May 10 2010;3,54
May 07 2010;3,42
May 06 2010;3,41
May 05 2010;3,55
May 04 2010;3,60
May 03 2010;3,69
Apr 30 2010;3,66
Apr 29 2010;3,73
Apr 28 2010;3,77
Apr 27 2010;3,69
Apr 26 2010;3,81
Apr 23 2010;3,82
Apr 22 2010;3,77
Apr 21 2010;3,74
Apr 20 2010;3,80
Apr 19 2010;3,80
Apr 16 2010;3,77
Apr 15 2010;3,84
Apr 14 2010;3,87
Apr 13 2010;3,82
Apr 12 2010;3,84
Apr 09 2010;3,88
Apr 08 2010;3,89
Apr 07 2010;3,86
Apr 06 2010;3,96
Apr 05 2010;3,99
Apr 02 2010;3,94
Apr 01 2010;3,87
Mar 31 2010;3,83
Mar 30 2010;3,86
Mar 29 2010;3,87
Mar 26 2010;3,85
Mar 25 2010;3,88
Mar 24 2010;3,85
Mar 23 2010;3,69
Mar 22 2010;3,66
Mar 19 2010;3,69
Mar 18 2010;3,68
Mar 17 2010;3,64
Mar 16 2010;3,65
Mar 15 2010;3,70
Mar 12 2010;3,70
Mar 11 2010;3,73
Mar 10 2010;3,72
Mar 09 2010;3,70
Mar 08 2010;3,72
Mar 05 2010;3,68
Mar 04 2010;3,61
Mar 03 2010;3,62
Mar 02 2010;3,61
Mar 01 2010;3,61
Feb 26 2010;3,62
Feb 25 2010;3,63
Feb 24 2010;3,70
Feb 23 2010;3,69
Feb 22 2010;3,80
Feb 19 2010;3,78
Feb 18 2010;3,81
Feb 17 2010;3,74
Feb 16 2010;3,66
Feb 12 2010;3,70
Feb 11 2010;3,72
Feb 10 2010;3,69
Feb 09 2010;3,65
Feb 08 2010;3,56
Feb 05 2010;3,57
Feb 04 2010;3,61
Feb 03 2010;3,71
Feb 02 2010;3,64
Feb 01 2010;3,66
Jan 29 2010;3,59
Jan 28 2010;3,64
Jan 27 2010;3,65
Jan 26 2010;3,62
Jan 25 2010;3,63
Jan 22 2010;3,60
Jan 21 2010;3,60
Jan 20 2010;3,65
Jan 19 2010;3,70
Jan 15 2010;3,68
Jan 14 2010;3,74
Jan 13 2010;3,79
Jan 12 2010;3,72
Jan 11 2010;3,82
Jan 08 2010;3,84
Jan 07 2010;3,83
Jan 06 2010;3,83
Jan 05 2010;3,76
Jan 04 2010;3,82
Dec 31 2009;3,84
Dec 30 2009;3,79
Dec 29 2009;3,80
Dec 28 2009;3,85
Dec 24 2009;3,81
Dec 23 2009;3,75
Dec 22 2009;3,76
Dec 21 2009;3,68
Dec 18 2009;3,55
Dec 17 2009;3,48
Dec 16 2009;3,60
Dec 15 2009;3,59
Dec 14 2009;3,55
Dec 11 2009;3,55
Dec 10 2009;3,50
Dec 09 2009;3,43
Dec 08 2009;3,38
Dec 07 2009;3,43
Dec 04 2009;3,48
Dec 03 2009;3,38
Dec 02 2009;3,31
Dec 01 2009;3,28
Nov 30 2009;3,20
Nov 27 2009;3,21
Nov 25 2009;3,27
Nov 24 2009;3,30
Nov 23 2009;3,35
Nov 20 2009;3,37
Nov 19 2009;3,34
Nov 18 2009;3,37
Nov 17 2009;3,32
Nov 16 2009;3,35
Nov 13 2009;3,42
Nov 12 2009;3,44
Nov 11 2009;3,44
Nov 10 2009;3,48
Nov 09 2009;3,48
Nov 06 2009;3,50
Nov 05 2009;3,53
Nov 04 2009;3,52
Nov 03 2009;3,47
Nov 02 2009;3,42
Oct 30 2009;3,39
Oct 29 2009;3,50
Oct 28 2009;3,42
Oct 27 2009;3,45
Oct 26 2009;3,56
Oct 23 2009;3,49
Oct 22 2009;3,42
Oct 21 2009;3,39
Oct 20 2009;3,34
Oct 19 2009;3,39
Oct 16 2009;3,41
Oct 15 2009;3,46
Oct 14 2009;3,42
Oct 13 2009;3,35
Oct 12 2009;3,39
Oct 09 2009;3,38
Oct 08 2009;3,25
Oct 07 2009;3,19
Oct 06 2009;3,26
Oct 05 2009;3,22
Oct 02 2009;3,22
Oct 01 2009;3,18
Sep 30 2009;3,31
Sep 29 2009;3,29
Sep 28 2009;3,28
Sep 25 2009;3,32
Sep 24 2009;3,38
Sep 23 2009;3,42
Sep 22 2009;3,44
Sep 21 2009;3,48
Sep 18 2009;3,47
Sep 17 2009;3,39
Sep 16 2009;3,48
Sep 15 2009;3,45
Sep 14 2009;3,42
Sep 11 2009;3,35
Sep 10 2009;3,35
Sep 09 2009;3,48
Sep 08 2009;3,48
Sep 04 2009;3,45
Sep 03 2009;3,35
Sep 02 2009;3,31
Sep 01 2009;3,37
Aug 31 2009;3,40
Aug 28 2009;3,45
Aug 27 2009;3,45
Aug 26 2009;3,44
Aug 25 2009;3,44
Aug 24 2009;3,47
Aug 21 2009;3,57
Aug 20 2009;3,43
Aug 19 2009;3,46
Aug 18 2009;3,52
Aug 17 2009;3,47
Aug 14 2009;3,57
Aug 13 2009;3,60
Aug 12 2009;3,71
Aug 11 2009;3,67
Aug 10 2009;3,77
Aug 07 2009;3,85
Aug 06 2009;3,76
Aug 05 2009;3,76
Aug 04 2009;3,69
Aug 03 2009;3,64
Jul 31 2009;3,48
Jul 30 2009;3,62
Jul 29 2009;3,66
Jul 28 2009;3,69
Jul 27 2009;3,73
Jul 24 2009;3,66
Jul 23 2009;3,66
Jul 22 2009;3,54
Jul 21 2009;3,48
Jul 20 2009;3,61
Jul 17 2009;3,65
Jul 16 2009;3,57
Jul 15 2009;3,61
Jul 14 2009;3,47
Jul 13 2009;3,36
Jul 10 2009;3,30
Jul 09 2009;3,41
Jul 08 2009;3,31
Jul 07 2009;3,45
Jul 06 2009;3,51
Jul 02 2009;3,50
Jul 01 2009;3,55
Jun 30 2009;3,54
Jun 29 2009;3,48
Jun 26 2009;3,53
Jun 25 2009;3,54
Jun 24 2009;3,69
Jun 23 2009;3,63
Jun 22 2009;3,69
Jun 19 2009;3,77
Jun 18 2009;3,83
Jun 17 2009;3,69
Jun 16 2009;3,66
Jun 15 2009;3,72
Jun 12 2009;3,80
Jun 11 2009;3,86
Jun 10 2009;3,95
Jun 09 2009;3,87
Jun 08 2009;3,90
Jun 05 2009;3,84
Jun 04 2009;3,72
Jun 03 2009;3,54
Jun 02 2009;3,61
Jun 01 2009;3,68
May 29 2009;3,46
May 28 2009;3,61
May 27 2009;3,74
May 26 2009;3,55
May 22 2009;3,45
May 21 2009;3,37
May 20 2009;3,20
May 19 2009;3,25
May 18 2009;3,24
May 15 2009;3,13
May 14 2009;3,09
May 13 2009;3,11
May 12 2009;3,18
May 11 2009;3,18
May 08 2009;3,29
May 07 2009;3,34
May 06 2009;3,16
May 05 2009;3,17
May 04 2009;3,15
May 01 2009;3,16
Apr 30 2009;3,12
Apr 29 2009;3,11
Apr 28 2009;3,02
Apr 27 2009;2,91
Apr 24 2009;3,00
Apr 23 2009;2,93
Apr 22 2009;2,94
Apr 21 2009;2,90
Apr 20 2009;2,85
Apr 17 2009;2,95
Apr 16 2009;2,84
Apr 15 2009;2,77
Apr 14 2009;2,79
Apr 13 2009;2,86
Apr 09 2009;2,93
Apr 08 2009;2,86
Apr 07 2009;2,90
Apr 06 2009;2,93
Apr 03 2009;2,90
Apr 02 2009;2,78
Apr 01 2009;2,65
Mar 31 2009;2,67
Mar 30 2009;2,72
Mar 27 2009;2,76
Mar 26 2009;2,74
Mar 25 2009;2,79
Mar 24 2009;2,71
Mar 23 2009;2,65
Mar 20 2009;2,63
Mar 19 2009;2,61
Mar 18 2009;2,55
Mar 17 2009;3,01
Mar 16 2009;2,96
Mar 13 2009;2,90
Mar 12 2009;2,86
Mar 11 2009;2,91
Mar 10 2009;3,01
Mar 09 2009;2,86
Mar 06 2009;2,87
Mar 05 2009;2,81
Mar 04 2009;2,98
Mar 03 2009;2,89
Mar 02 2009;2,86
Feb 27 2009;3,02
Feb 26 2009;3,00
Feb 25 2009;2,93
Feb 24 2009;2,81
Feb 23 2009;2,76
Feb 20 2009;2,79
Feb 19 2009;2,86
Feb 18 2009;2,77
Feb 17 2009;2,65
Feb 16 2009;2,82
Feb 13 2009;2,90
Feb 12 2009;2,79
Feb 11 2009;2,76
Feb 10 2009;2,82
Feb 09 2009;2,99
Feb 06 2009;2,99
Feb 05 2009;2,92
Feb 04 2009;2,94
Feb 03 2009;2,89
Feb 02 2009;2,72
Jan 30 2009;2,85
Jan 29 2009;2,86
Jan 28 2009;2,67
Jan 27 2009;2,53
Jan 26 2009;2,65
Jan 23 2009;2,62
Jan 22 2009;2,60
Jan 21 2009;2,55
Jan 20 2009;2,38
Jan 19 2009;2,45
Jan 16 2009;2,34
Jan 15 2009;2,21
Jan 14 2009;2,21
Jan 13 2009;2,30
Jan 12 2009;2,31
Jan 09 2009;2,39
Jan 08 2009;2,45
Jan 07 2009;2,50
Jan 06 2009;2,45
Jan 05 2009;2,49
Jan 02 2009;2,36
Dec 31 2008;2,22
Dec 30 2008;2,06
Dec 29 2008;2,10
Dec 26 2008;2,14
Dec 24 2008;2,19
Dec 23 2008;2,18
Dec 22 2008;2,17
Dec 19 2008;2,13
Dec 18 2008;2,09
Dec 17 2008;2,20
Dec 16 2008;2,26
Dec 15 2008;2,52
Dec 12 2008;2,58
Dec 11 2008;2,61
Dec 10 2008;2,69
Dec 09 2008;2,65
Dec 08 2008;2,74
Dec 05 2008;2,70
Dec 04 2008;2,55
Dec 03 2008;2,66
Dec 02 2008;2,69
Dec 01 2008;2,73
Nov 28 2008;2,92
Nov 27 2008;3,01
Nov 26 2008;2,99
Nov 25 2008;3,11
Nov 24 2008;3,33
Nov 21 2008;3,22
Nov 20 2008;3,01
Nov 19 2008;3,34
Nov 18 2008;3,53
Nov 17 2008;3,66
Nov 14 2008;3,73
Nov 13 2008;3,86
Nov 12 2008;3,66
Nov 10 2008;3,76
Nov 07 2008;3,79
Nov 06 2008;3,69
Nov 05 2008;3,70
Nov 04 2008;3,73
Nov 03 2008;3,91
Oct 31 2008;3,97
Oct 30 2008;3,97
Oct 29 2008;3,86
Oct 28 2008;3,85
Oct 27 2008;3,69
Oct 24 2008;3,68
Oct 23 2008;3,68
Oct 22 2008;3,60
Oct 21 2008;3,74
Oct 20 2008;3,86
Oct 17 2008;3,94
Oct 16 2008;3,97
Oct 15 2008;3,96
Oct 14 2008;4,08
Oct 13 2008;4,09
Oct 10 2008;3,88
Oct 09 2008;3,79
Oct 08 2008;3,65
Oct 07 2008;3,51
Oct 06 2008;3,46
Oct 03 2008;3,60
Oct 02 2008;3,63
Oct 01 2008;3,75
Sep 30 2008;3,83
Sep 29 2008;3,57
Sep 26 2008;3,86
Sep 25 2008;3,85
Sep 24 2008;3,81
Sep 23 2008;3,81
Sep 22 2008;3,85
Sep 19 2008;3,82
Sep 18 2008;3,55
Sep 17 2008;3,42
Sep 16 2008;3,44
Sep 15 2008;3,39
Sep 12 2008;3,72
Sep 11 2008;3,65
Sep 10 2008;3,64
Sep 09 2008;3,57
Sep 08 2008;3,70
Sep 05 2008;3,70
Sep 04 2008;3,63
Sep 03 2008;3,71
Sep 02 2008;3,74
Aug 29 2008;3,83
Aug 28 2008;3,78
Aug 27 2008;3,77
Aug 26 2008;3,78
Aug 25 2008;3,79
Aug 22 2008;3,87
Aug 21 2008;3,83
Aug 20 2008;3,81
Aug 19 2008;3,84
Aug 18 2008;3,82
Aug 15 2008;3,84
Aug 14 2008;3,90
Aug 13 2008;3,94
Aug 12 2008;3,90
Aug 11 2008;4,00
Aug 08 2008;3,94
Aug 07 2008;3,93
Aug 06 2008;4,06
Aug 05 2008;4,02
Aug 04 2008;3,97
Aug 01 2008;3,94
Jul 31 2008;3,96
Jul 30 2008;4,05
Jul 29 2008;4,04
Jul 28 2008;4,01
Jul 25 2008;4,10
Jul 24 2008;4,00
Jul 23 2008;4,12
Jul 22 2008;4,11
Jul 21 2008;4,04
Jul 18 2008;4,09
Jul 17 2008;4,00
Jul 16 2008;3,94
Jul 15 2008;3,83
Jul 14 2008;3,86
Jul 11 2008;3,97
Jul 10 2008;3,80
Jul 09 2008;3,82
Jul 08 2008;3,89
Jul 07 2008;3,91
Jul 04 2008;3,99
Jul 03 2008;3,99
Jul 02 2008;3,96
Jul 01 2008;4,01
Jun 30 2008;3,98
Jun 27 2008;3,97
Jun 26 2008;4,03
Jun 25 2008;4,10
Jun 24 2008;4,10
Jun 23 2008;4,17
Jun 20 2008;4,17
Jun 19 2008;4,21
Jun 18 2008;4,14
Jun 17 2008;4,20
Jun 16 2008;4,28
Jun 13 2008;4,26
Jun 12 2008;4,22
Jun 11 2008;4,08
Jun 10 2008;4,10
Jun 09 2008;4,03
Jun 06 2008;3,93
Jun 05 2008;4,04
Jun 04 2008;3,98
Jun 03 2008;3,89
Jun 02 2008;3,97
May 30 2008;4,07
May 29 2008;4,08
May 28 2008;4,00
May 27 2008;3,92
May 26 2008;3,86
May 23 2008;3,85
May 22 2008;3,92
May 21 2008;3,81
May 20 2008;3,78
May 19 2008;3,84
May 16 2008;3,85
May 15 2008;3,82
May 14 2008;3,92
May 13 2008;3,91
May 12 2008;3,80
May 09 2008;3,78
May 08 2008;3,78
May 07 2008;3,85
May 06 2008;3,92
May 05 2008;3,87
May 02 2008;3,86
May 01 2008;3,77
Apr 30 2008;3,73
Apr 29 2008;3,83
Apr 28 2008;3,83
Apr 25 2008;3,87
Apr 24 2008;3,84
Apr 23 2008;3,74
Apr 22 2008;3,70
Apr 21 2008;3,73
Apr 18 2008;3,71
Apr 17 2008;3,73
Apr 16 2008;3,71
Apr 15 2008;3,61
Apr 14 2008;3,51
Apr 11 2008;3,48
Apr 10 2008;3,55
Apr 09 2008;3,48
Apr 08 2008;3,56
Apr 07 2008;3,55
Apr 04 2008;3,47
Apr 03 2008;3,59
Apr 02 2008;3,60
Apr 01 2008;3,56
Mar 31 2008;3,42
Mar 28 2008;3,44
Mar 27 2008;3,52
Mar 26 2008;3,46
Mar 25 2008;3,51
Mar 24 2008;3,56
Mar 20 2008;3,34
Mar 19 2008;3,33
Mar 18 2008;3,50
Mar 17 2008;3,30
Mar 14 2008;3,47
Mar 13 2008;3,53
Mar 12 2008;3,44
Mar 11 2008;3,60
Mar 10 2008;3,47
Mar 07 2008;3,54
Mar 06 2008;3,59
Mar 05 2008;3,68
Mar 04 2008;3,63
Mar 03 2008;3,55
Feb 29 2008;3,52
Feb 28 2008;3,67
Feb 27 2008;3,85
Feb 26 2008;3,86
Feb 25 2008;3,91
Feb 22 2008;3,81
Feb 21 2008;3,79
Feb 20 2008;3,89
Feb 19 2008;3,91
Feb 15 2008;3,77
Feb 14 2008;3,82
Feb 13 2008;3,74
Feb 12 2008;3,66
Feb 11 2008;3,62
Feb 08 2008;3,65
Feb 07 2008;3,77
Feb 06 2008;3,60
Feb 05 2008;3,57
Feb 04 2008;3,64
Feb 01 2008;3,60
Jan 31 2008;3,60
Jan 30 2008;3,65
Jan 29 2008;3,68
Jan 28 2008;3,58
Jan 25 2008;3,56
Jan 24 2008;3,70
Jan 23 2008;3,61
Jan 22 2008;3,42
Jan 21 2008;3,50
Jan 18 2008;3,64
Jan 17 2008;3,63
Jan 16 2008;3,74
Jan 15 2008;3,68
Jan 14 2008;3,77
Jan 11 2008;3,79
Jan 10 2008;3,89
Jan 09 2008;3,83
Jan 08 2008;3,78
Jan 07 2008;3,84
Jan 04 2008;3,88
Jan 03 2008;3,89
Jan 02 2008;3,91
Dec 31 2007;4,04
Dec 28 2007;4,08
Dec 27 2007;4,20
Dec 26 2007;4,29
Dec 24 2007;4,21
Dec 21 2007;4,17
Dec 20 2007;4,05
Dec 19 2007;4,03
Dec 18 2007;4,12
Dec 17 2007;4,15
Dec 14 2007;4,24
Dec 13 2007;4,21
Dec 12 2007;4,09
Dec 11 2007;3,97
Dec 10 2007;4,16
Dec 07 2007;4,11
Dec 06 2007;4,02
Dec 05 2007;3,96
Dec 04 2007;3,90
Dec 03 2007;3,85
Nov 30 2007;3,95
Nov 29 2007;3,93
Nov 28 2007;4,05
Nov 27 2007;3,95
Nov 26 2007;3,85
Nov 23 2007;4,01
Nov 22 2007;4,01
Nov 21 2007;4,02
Nov 20 2007;4,09
Nov 19 2007;4,08
Nov 16 2007;4,18
Nov 15 2007;4,14
Nov 14 2007;4,25
Nov 13 2007;4,27
Nov 12 2007;4,21
Nov 09 2007;4,21
Nov 08 2007;4,29
Nov 07 2007;4,30
Nov 06 2007;4,38
Nov 05 2007;4,34
Nov 02 2007;4,32
Nov 01 2007;4,35
Oct 31 2007;4,47
Oct 30 2007;4,39
Oct 29 2007;4,39
Oct 26 2007;4,40
Oct 25 2007;4,39
Oct 24 2007;4,35
Oct 23 2007;4,41
Oct 22 2007;4,41
Oct 19 2007;4,40
Oct 18 2007;4,50
Oct 17 2007;4,55
Oct 16 2007;4,66
Oct 15 2007;4,68
Oct 12 2007;4,69
Oct 11 2007;4,64
Oct 10 2007;4,66
Oct 09 2007;4,65
Oct 08 2007;4,65
Oct 05 2007;4,64
Oct 04 2007;4,52
Oct 03 2007;4,56
Oct 02 2007;4,53
Oct 01 2007;4,55
Sep 28 2007;4,59
Sep 27 2007;4,57
Sep 26 2007;4,63
Sep 25 2007;4,63
Sep 24 2007;4,64
Sep 21 2007;4,63
Sep 20 2007;4,70
Sep 19 2007;4,54
Sep 18 2007;4,47
Sep 17 2007;4,47
Sep 14 2007;4,46
Sep 13 2007;4,47
Sep 12 2007;4,42
Sep 11 2007;4,37
Sep 10 2007;4,32
Sep 07 2007;4,39
Sep 06 2007;4,52
Sep 05 2007;4,47
Sep 04 2007;4,55
Aug 31 2007;4,53
Aug 30 2007;4,51
Aug 29 2007;4,57
Aug 28 2007;4,51
Aug 27 2007;4,57
Aug 24 2007;4,61
Aug 23 2007;4,65
Aug 22 2007;4,65
Aug 21 2007;4,60
Aug 20 2007;4,63
Aug 17 2007;4,69
Aug 16 2007;4,70
Aug 15 2007;4,73
Aug 14 2007;4,72
Aug 13 2007;4,77
Aug 10 2007;4,81
Aug 09 2007;4,78
Aug 08 2007;4,88
Aug 07 2007;4,78
Aug 06 2007;4,74
Aug 03 2007;4,68
Aug 02 2007;4,77
Aug 01 2007;4,79
Jul 31 2007;4,73
Jul 30 2007;4,81
Jul 27 2007;4,76
Jul 26 2007;4,81
Jul 25 2007;4,90
Jul 24 2007;4,91
Jul 23 2007;4,95
Jul 20 2007;4,95
Jul 19 2007;5,02
Jul 18 2007;5,04
Jul 17 2007;5,06
Jul 16 2007;5,04
Jul 13 2007;5,10
Jul 12 2007;5,13
Jul 11 2007;5,09
Jul 10 2007;5,03
Jul 09 2007;5,13
Jul 06 2007;5,19
Jul 05 2007;5,14
Jul 04 2007;5,07
Jul 03 2007;5,05
Jul 02 2007;4,99
Jun 29 2007;5,03
Jun 28 2007;5,11
Jun 27 2007;5,09
Jun 26 2007;5,08
Jun 25 2007;5,09
Jun 22 2007;5,14
Jun 21 2007;5,19
Jun 20 2007;5,14
Jun 19 2007;5,09
Jun 18 2007;5,14
Jun 15 2007;5,17
Jun 14 2007;5,23
Jun 13 2007;5,20
Jun 12 2007;5,29
Jun 11 2007;5,17
Jun 08 2007;5,11
Jun 07 2007;5,14
Jun 06 2007;4,97
Jun 05 2007;5,00
Jun 04 2007;4,93
Jun 01 2007;4,96
May 31 2007;4,89
May 30 2007;4,87
May 29 2007;4,89
May 28 2007;4,87
May 25 2007;4,87
May 24 2007;4,85
May 23 2007;4,85
May 22 2007;4,83
May 21 2007;4,79
May 18 2007;4,81
May 17 2007;4,76
May 16 2007;4,72
May 15 2007;4,71
May 14 2007;4,70
May 11 2007;4,68
May 10 2007;4,64
May 09 2007;4,67
May 08 2007;4,64
May 07 2007;4,63
May 04 2007;4,64
May 03 2007;4,68
May 02 2007;4,65
May 01 2007;4,64
Apr 30 2007;4,63
Apr 27 2007;4,70
Apr 26 2007;4,70
Apr 25 2007;4,66
Apr 24 2007;4,62
Apr 23 2007;4,65
Apr 20 2007;4,67
Apr 19 2007;4,67
Apr 18 2007;4,66
Apr 17 2007;4,68
Apr 16 2007;4,74
Apr 13 2007;4,77
Apr 12 2007;4,74
Apr 11 2007;4,74
Apr 10 2007;4,73
Apr 09 2007;4,75
Apr 06 2007;4,76
Apr 05 2007;4,68
Apr 04 2007;4,65
Apr 03 2007;4,67
Apr 02 2007;4,65
Mar 30 2007;4,65
Mar 29 2007;4,64
Mar 28 2007;4,62
Mar 27 2007;4,61
Mar 26 2007;4,61
Mar 23 2007;4,62
Mar 22 2007;4,59
Mar 21 2007;4,54
Mar 20 2007;4,56
Mar 19 2007;4,57
Mar 16 2007;4,55
Mar 15 2007;4,54
Mar 14 2007;4,54
Mar 13 2007;4,49
Mar 12 2007;4,56
Mar 09 2007;4,59
Mar 08 2007;4,52
Mar 07 2007;4,49
Mar 06 2007;4,53
Mar 05 2007;4,50
Mar 02 2007;4,50
Mar 01 2007;4,55
Feb 28 2007;4,58
Feb 27 2007;4,51
Feb 26 2007;4,63
Feb 23 2007;4,67
Feb 22 2007;4,73
Feb 21 2007;4,69
Feb 20 2007;4,68
Feb 19 2007;4,69
Feb 16 2007;4,70
Feb 15 2007;4,71
Feb 14 2007;4,74
Feb 13 2007;4,82
Feb 12 2007;4,81
Feb 09 2007;4,79
Feb 08 2007;4,74
Feb 07 2007;4,75
Feb 06 2007;4,77
Feb 05 2007;4,81
Feb 02 2007;4,83
Feb 01 2007;4,84
Jan 31 2007;4,81
Jan 30 2007;4,88
Jan 29 2007;4,89
Jan 26 2007;4,88
Jan 25 2007;4,88
Jan 24 2007;4,81
Jan 23 2007;4,81
Jan 22 2007;4,76
Jan 19 2007;4,78
Jan 18 2007;4,75
Jan 17 2007;4,79
Jan 16 2007;4,75
Jan 15 2007;4,65
Jan 12 2007;4,78
Jan 11 2007;4,74
Jan 10 2007;4,69
Jan 09 2007;4,66
Jan 08 2007;4,66
Jan 05 2007;4,65
Jan 04 2007;4,61
Jan 03 2007;4,66
Jan 02 2007;4,68
Dec 29 2006;4,70
Dec 28 2006;4,69
Dec 27 2006;4,65
Dec 26 2006;4,60
Dec 22 2006;4,63
Dec 21 2006;4,55
Dec 20 2006;4,60
Dec 19 2006;4,59
Dec 18 2006;4,59
Dec 15 2006;4,60
Dec 14 2006;4,60
Dec 13 2006;4,59
Dec 12 2006;4,49
Dec 11 2006;4,52
Dec 08 2006;4,55
Dec 07 2006;4,49
Dec 06 2006;4,49
Dec 05 2006;4,45
Dec 04 2006;4,43
Dec 01 2006;4,44
Nov 30 2006;4,46
Nov 29 2006;4,52
Nov 28 2006;4,51
Nov 27 2006;4,53
Nov 24 2006;4,56
Nov 22 2006;4,56
Nov 21 2006;4,58
Nov 20 2006;4,60
Nov 17 2006;4,61
Nov 16 2006;4,67
Nov 15 2006;4,63
Nov 14 2006;4,57
Nov 13 2006;4,61
Nov 10 2006;4,59
Nov 09 2006;4,62
Nov 08 2006;4,64
Nov 07 2006;4,67
Nov 06 2006;4,70
Nov 03 2006;4,72
Nov 02 2006;4,60
Nov 01 2006;4,57
Oct 31 2006;4,60
Oct 30 2006;4,68
Oct 27 2006;4,68
Oct 26 2006;4,72
Oct 25 2006;4,77
Oct 24 2006;4,83
Oct 23 2006;4,83
Oct 20 2006;4,79
Oct 19 2006;4,79
Oct 18 2006;4,76
Oct 17 2006;4,77
Oct 16 2006;4,78
Oct 13 2006;4,80
Oct 12 2006;4,78
Oct 11 2006;4,78
Oct 10 2006;4,76
Oct 09 2006;4,70
Oct 06 2006;4,70
Oct 05 2006;4,61
Oct 04 2006;4,56
Oct 03 2006;4,62
Oct 02 2006;4,61
Sep 29 2006;4,63
Sep 28 2006;4,62
Sep 27 2006;4,60
Sep 26 2006;4,59
Sep 25 2006;4,54
Sep 22 2006;4,59
Sep 21 2006;4,64
Sep 20 2006;4,73
Sep 19 2006;4,74
Sep 18 2006;4,81
Sep 15 2006;4,80
Sep 14 2006;4,79
Sep 13 2006;4,77
Sep 12 2006;4,78
Sep 11 2006;4,81
Sep 08 2006;4,78
Sep 07 2006;4,79
Sep 06 2006;4,80
Sep 05 2006;4,79
Sep 01 2006;4,72
Aug 31 2006;4,73
Aug 30 2006;4,75
Aug 29 2006;4,79
Aug 28 2006;4,79
Aug 25 2006;4,79
Aug 24 2006;4,81
Aug 23 2006;4,82
Aug 22 2006;4,81
Aug 21 2006;4,82
Aug 18 2006;4,85
Aug 17 2006;4,87
Aug 16 2006;4,87
Aug 15 2006;4,94
Aug 14 2006;5,00
Aug 11 2006;4,98
Aug 10 2006;4,94
Aug 09 2006;4,94
Aug 08 2006;4,93
Aug 07 2006;4,92
Aug 04 2006;4,90
Aug 03 2006;4,96
Aug 02 2006;4,97
Aug 01 2006;4,98
Jul 31 2006;4,99
Jul 28 2006;4,99
Jul 27 2006;5,04
Jul 26 2006;5,04
Jul 25 2006;5,07
Jul 24 2006;5,05
Jul 21 2006;5,05
Jul 20 2006;5,03
Jul 19 2006;5,06
Jul 18 2006;5,14
Jul 17 2006;5,07
Jul 14 2006;5,07
Jul 13 2006;5,07
Jul 12 2006;5,11
Jul 11 2006;5,11
Jul 10 2006;5,13
Jul 07 2006;5,13
Jul 06 2006;5,18
Jul 05 2006;5,23
Jul 04 2006;5,14
Jul 03 2006;5,16
Jun 30 2006;5,15
Jun 29 2006;5,20
Jun 28 2006;5,25
Jun 27 2006;5,21
Jun 26 2006;5,24
Jun 23 2006;5,23
Jun 22 2006;5,21
Jun 21 2006;5,16
Jun 20 2006;5,16
Jun 19 2006;5,14
Jun 16 2006;5,14
Jun 15 2006;5,10
Jun 14 2006;5,07
Jun 13 2006;4,97
Jun 12 2006;4,98
Jun 09 2006;4,98
Jun 08 2006;5,00
Jun 07 2006;5,02
Jun 06 2006;5,00
Jun 05 2006;5,03
Jun 02 2006;4,99
Jun 01 2006;5,10
May 31 2006;5,12
May 30 2006;5,08
May 29 2006;5,06
May 26 2006;5,06
May 25 2006;5,08
May 24 2006;5,04
May 23 2006;5,02
May 22 2006;5,04
May 19 2006;5,06
May 18 2006;5,06
May 17 2006;5,15
May 16 2006;5,10
May 15 2006;5,16
May 12 2006;5,20
May 11 2006;5,16
May 10 2006;5,13
May 09 2006;5,13
May 08 2006;5,12
May 05 2006;5,11
May 04 2006;5,16
May 03 2006;5,15
May 02 2006;5,11
May 01 2006;5,14
Apr 28 2006;5,06
Apr 27 2006;5,07
Apr 26 2006;5,11
Apr 25 2006;5,07
Apr 24 2006;4,99
Apr 21 2006;5,02
Apr 20 2006;5,05
Apr 19 2006;5,03
Apr 18 2006;4,99
Apr 17 2006;5,01
Apr 13 2006;5,05
Apr 12 2006;4,98
Apr 11 2006;4,92
Apr 10 2006;4,96
Apr 07 2006;4,99
Apr 06 2006;4,90
Apr 05 2006;4,85
Apr 04 2006;4,87
Apr 03 2006;4,87
Mar 31 2006;4,85
Mar 30 2006;4,86
Mar 29 2006;4,81
Mar 28 2006;4,79
Mar 27 2006;4,71
Mar 24 2006;4,68
Mar 23 2006;4,74
Mar 22 2006;4,71
Mar 21 2006;4,73
Mar 20 2006;4,66
Mar 17 2006;4,68
Mar 16 2006;4,65
Mar 15 2006;4,73
Mar 14 2006;4,70
Mar 13 2006;4,77
Mar 10 2006;4,76
Mar 09 2006;4,73
Mar 08 2006;4,73
Mar 07 2006;4,73
Mar 06 2006;4,75
Mar 03 2006;4,68
Mar 02 2006;4,63
Mar 01 2006;4,59
Feb 28 2006;4,56
Feb 27 2006;4,59
Feb 24 2006;4,58
Feb 23 2006;4,56
Feb 22 2006;4,53
Feb 21 2006;4,57
Feb 20 2006;4,55
Feb 17 2006;4,54
Feb 16 2006;4,59
Feb 15 2006;4,60
Feb 14 2006;4,61
Feb 13 2006;4,59
Feb 10 2006;4,59
Feb 09 2006;4,55
Feb 08 2006;4,59
Feb 07 2006;4,57
Feb 06 2006;4,55
Feb 03 2006;4,53
Feb 02 2006;4,56
Feb 01 2006;4,56
Jan 31 2006;4,52
Jan 30 2006;4,53
Jan 27 2006;4,52
Jan 26 2006;4,53
Jan 25 2006;4,48
Jan 24 2006;4,39
Jan 23 2006;4,36
Jan 20 2006;4,36
Jan 19 2006;4,38
Jan 18 2006;4,34
Jan 17 2006;4,33
Jan 16 2006;4,37
Jan 13 2006;4,36
Jan 12 2006;4,41
Jan 11 2006;4,46
Jan 10 2006;4,43
Jan 09 2006;4,37
Jan 06 2006;4,38
Jan 05 2006;4,36
Jan 04 2006;4,35
Jan 03 2006;4,37
Dec 30 2005;4,40
Dec 29 2005;4,36
Dec 28 2005;4,38
Dec 27 2005;4,34
Dec 23 2005;4,38
Dec 22 2005;4,44
Dec 21 2005;4,50
Dec 20 2005;4,47
Dec 19 2005;4,45
Dec 16 2005;4,44
Dec 15 2005;4,46
Dec 14 2005;4,46
Dec 13 2005;4,53
Dec 12 2005;4,55
Dec 09 2005;4,53
Dec 08 2005;4,47
Dec 07 2005;4,52
Dec 06 2005;4,49
Dec 05 2005;4,58
Dec 02 2005;4,52
Dec 01 2005;4,52
Nov 30 2005;4,49
Nov 29 2005;4,48
Nov 28 2005;4,41
Nov 25 2005;4,44
Nov 23 2005;4,48
Nov 22 2005;4,43
Nov 21 2005;4,46
Nov 18 2005;4,50
Nov 17 2005;4,47
Nov 16 2005;4,48
Nov 15 2005;4,56
Nov 14 2005;4,61
Nov 11 2005;4,58
Nov 10 2005;4,56
Nov 09 2005;4,65
Nov 08 2005;4,56
Nov 07 2005;4,63
Nov 04 2005;4,66
Nov 03 2005;4,65
Nov 02 2005;4,61
Nov 01 2005;4,57
Oct 31 2005;4,56
Oct 28 2005;4,57
Oct 27 2005;4,55
Oct 26 2005;4,59
Oct 25 2005;4,54
Oct 24 2005;4,45
Oct 21 2005;4,39
Oct 20 2005;4,44
Oct 19 2005;4,47
Oct 18 2005;4,48
Oct 17 2005;4,50
Oct 14 2005;4,48
Oct 13 2005;4,47
Oct 12 2005;4,45
Oct 11 2005;4,40
Oct 10 2005;4,36
Oct 07 2005;4,36
Oct 06 2005;4,40
Oct 05 2005;4,35
Oct 04 2005;4,37
Oct 03 2005;4,39
Sep 30 2005;4,33
Sep 29 2005;4,30
Sep 28 2005;4,26
Sep 27 2005;4,29
Sep 26 2005;4,30
Sep 23 2005;4,25
Sep 22 2005;4,19
Sep 21 2005;4,17
Sep 20 2005;4,24
Sep 19 2005;4,25
Sep 16 2005;4,28
Sep 15 2005;4,22
Sep 14 2005;4,17
Sep 13 2005;4,13
Sep 12 2005;4,18
Sep 09 2005;4,12
Sep 08 2005;4,15
Sep 07 2005;4,14
Sep 06 2005;4,10
Sep 02 2005;4,04
Sep 01 2005;4,04
Aug 31 2005;4,01
Aug 30 2005;4,09
Aug 29 2005;4,17
Aug 26 2005;4,19
Aug 25 2005;4,16
Aug 24 2005;4,17
Aug 23 2005;4,18
Aug 22 2005;4,21
Aug 19 2005;4,21
Aug 18 2005;4,21
Aug 17 2005;4,27
Aug 16 2005;4,21
Aug 15 2005;4,29
Aug 12 2005;4,25
Aug 11 2005;4,33
Aug 10 2005;4,40
Aug 09 2005;4,39
Aug 08 2005;4,43
Aug 05 2005;4,39
Aug 04 2005;4,32
Aug 03 2005;4,30
Aug 02 2005;4,34
Aug 01 2005;4,32
Jul 29 2005;4,28
Jul 28 2005;4,19
Jul 27 2005;4,26
Jul 26 2005;4,23
Jul 25 2005;4,25
Jul 22 2005;4,22
Jul 21 2005;4,28
Jul 20 2005;4,16
Jul 19 2005;4,19
Jul 18 2005;4,23
Jul 15 2005;4,17
Jul 14 2005;4,18
Jul 13 2005;4,16
Jul 12 2005;4,15
Jul 11 2005;4,10
Jul 08 2005;4,10
Jul 07 2005;4,07
Jul 06 2005;4,07
Jul 05 2005;4,11
Jul 01 2005;4,06
Jun 30 2005;3,92
Jun 29 2005;3,99
Jun 28 2005;3,97
Jun 27 2005;3,91
Jun 24 2005;3,93
Jun 23 2005;3,96
Jun 22 2005;3,95
Jun 21 2005;4,05
Jun 20 2005;4,12
Jun 17 2005;4,08
Jun 16 2005;4,07
Jun 15 2005;4,11
Jun 14 2005;4,11
Jun 13 2005;4,09
Jun 10 2005;4,06
Jun 09 2005;3,95
Jun 08 2005;3,94
Jun 07 2005;3,91
Jun 06 2005;3,96
Jun 03 2005;3,98
Jun 02 2005;3,91
Jun 01 2005;3,89
May 31 2005;3,99
May 27 2005;4,07
May 26 2005;4,08
May 25 2005;4,09
May 24 2005;4,03
May 23 2005;4,06
May 20 2005;4,13
May 19 2005;4,12
May 18 2005;4,09
May 17 2005;4,12
May 16 2005;4,14
May 13 2005;4,12
May 12 2005;4,18
May 11 2005;4,21
May 10 2005;4,20
May 09 2005;4,29
May 06 2005;4,26
May 05 2005;4,16
May 04 2005;4,19
May 03 2005;4,17
May 02 2005;4,19
Apr 29 2005;4,20
Apr 28 2005;4,15
Apr 27 2005;4,23
Apr 26 2005;4,27
Apr 25 2005;4,26
Apr 22 2005;4,25
Apr 21 2005;4,30
Apr 20 2005;4,19
Apr 19 2005;4,22
Apr 18 2005;4,27
Apr 15 2005;4,25
Apr 14 2005;4,31
Apr 13 2005;4,37
Apr 12 2005;4,36
Apr 11 2005;4,44
Apr 08 2005;4,47
Apr 07 2005;4,49
Apr 06 2005;4,43
Apr 05 2005;4,47
Apr 04 2005;4,46
Apr 01 2005;4,45
Mar 31 2005;4,49
Mar 30 2005;4,55
Mar 29 2005;4,58
Mar 28 2005;4,64
Mar 24 2005;4,60
Mar 23 2005;4,59
Mar 22 2005;4,65
Mar 21 2005;4,53
Mar 18 2005;4,51
Mar 17 2005;4,47
Mar 16 2005;4,51
Mar 15 2005;4,55
Mar 14 2005;4,51
Mar 11 2005;4,55
Mar 10 2005;4,47
Mar 09 2005;4,53
Mar 08 2005;4,40
Mar 07 2005;4,31
Mar 04 2005;4,32
Mar 03 2005;4,38
Mar 02 2005;4,38
Mar 01 2005;4,37
Feb 28 2005;4,38
Feb 25 2005;4,27
Feb 24 2005;4,29
Feb 23 2005;4,27
Feb 22 2005;4,29
Feb 18 2005;4,26
Feb 17 2005;4,19
Feb 16 2005;4,16
Feb 15 2005;4,10
Feb 14 2005;4,08
Feb 11 2005;4,09
Feb 10 2005;4,09
Feb 09 2005;3,99
Feb 08 2005;4,02
Feb 07 2005;4,06
Feb 04 2005;4,08
Feb 03 2005;4,17
Feb 02 2005;4,15
Feb 01 2005;4,14
Jan 31 2005;4,13
Jan 28 2005;4,15
Jan 27 2005;4,23
Jan 26 2005;4,20
Jan 25 2005;4,20
Jan 24 2005;4,12
Jan 21 2005;4,14
Jan 20 2005;4,17
Jan 19 2005;4,18
Jan 18 2005;4,19
Jan 14 2005;4,22
Jan 13 2005;4,17
Jan 12 2005;4,24
Jan 11 2005;4,24
Jan 10 2005;4,27
Jan 07 2005;4,28
Jan 06 2005;4,26
Jan 05 2005;4,29
Jan 04 2005;4,30
Jan 03 2005;4,22
Dec 31 2004;4,22
Dec 30 2004;4,26
Dec 29 2004;4,32
Dec 28 2004;4,30
Dec 27 2004;4,30
Dec 23 2004;4,22
Dec 22 2004;4,20
Dec 21 2004;4,17
Dec 20 2004;4,19
Dec 17 2004;4,20
Dec 16 2004;4,19
Dec 15 2004;4,08
Dec 14 2004;4,13
Dec 13 2004;4,15
Dec 10 2004;4,16
Dec 09 2004;4,18
Dec 08 2004;4,12
Dec 07 2004;4,23
Dec 06 2004;4,23
Dec 03 2004;4,26
Dec 02 2004;4,42
Dec 01 2004;4,37
Nov 30 2004;4,36
Nov 29 2004;4,32
Nov 26 2004;4,23
Nov 24 2004;4,20
Nov 23 2004;4,19
Nov 22 2004;4,18
Nov 19 2004;4,21
Nov 18 2004;4,12
Nov 17 2004;4,13
Nov 16 2004;4,21
Nov 15 2004;4,19
Nov 12 2004;4,19
Nov 11 2004;4,25
Nov 10 2004;4,25
Nov 09 2004;4,23
Nov 08 2004;4,22
Nov 05 2004;4,18
Nov 04 2004;4,08
Nov 03 2004;4,08
Nov 02 2004;4,05
Nov 01 2004;4,07
Oct 29 2004;4,03
Oct 28 2004;4,05
Oct 27 2004;4,09
Oct 26 2004;4,00
Oct 25 2004;3,98
Oct 22 2004;3,98
Oct 21 2004;4,01
Oct 20 2004;3,98
Oct 19 2004;4,04
Oct 18 2004;4,05
Oct 15 2004;4,06
Oct 14 2004;4,02
Oct 13 2004;4,06
Oct 12 2004;4,10
Oct 11 2004;4,14
Oct 08 2004;4,13
Oct 07 2004;4,25
Oct 06 2004;4,23
Oct 05 2004;4,17
Oct 04 2004;4,17
Oct 01 2004;4,19
Sep 30 2004;4,12
Sep 29 2004;4,09
Sep 28 2004;4,01
Sep 27 2004;4,00
Sep 24 2004;4,03
Sep 23 2004;4,02
Sep 22 2004;3,98
Sep 21 2004;4,05
Sep 20 2004;4,06
Sep 17 2004;4,11
Sep 16 2004;4,08
Sep 15 2004;4,17
Sep 14 2004;4,13
Sep 13 2004;4,14
Sep 10 2004;4,19
Sep 09 2004;4,20
Sep 08 2004;4,16
Sep 07 2004;4,24
Sep 06 2004;4,29
Sep 03 2004;4,29
Sep 02 2004;4,22
Sep 01 2004;4,12
Aug 31 2004;4,24
Aug 30 2004;4,23
Aug 27 2004;4,19
Aug 26 2004;4,26
Aug 25 2004;4,23
Aug 24 2004;4,26
Aug 23 2004;4,28
Aug 20 2004;4,29
Aug 19 2004;4,26
Aug 18 2004;4,23
Aug 17 2004;4,19
Aug 16 2004;4,26
Aug 13 2004;4,23
Aug 12 2004;4,26
Aug 11 2004;4,28
Aug 10 2004;4,29
Aug 09 2004;4,26
Aug 06 2004;4,23
Aug 05 2004;4,40
Aug 04 2004;4,42
Aug 03 2004;4,43
Aug 02 2004;4,45
Jul 30 2004;4,49
Jul 29 2004;4,58
Jul 28 2004;4,59
Jul 27 2004;4,62
Jul 26 2004;4,49
Jul 23 2004;4,43
Jul 22 2004;4,45
Jul 21 2004;4,47
Jul 20 2004;4,45
Jul 19 2004;4,36
Jul 16 2004;4,36
Jul 15 2004;4,48
Jul 14 2004;4,49
Jul 13 2004;4,47
Jul 12 2004;4,45
Jul 09 2004;4,46
Jul 08 2004;4,48
Jul 07 2004;4,48
Jul 06 2004;4,48
Jul 02 2004;4,46
Jul 01 2004;4,57
Jun 30 2004;4,58
Jun 29 2004;4,69
Jun 28 2004;4,74
Jun 25 2004;4,65
Jun 24 2004;4,65
Jun 23 2004;4,70
Jun 22 2004;4,72
Jun 21 2004;4,69
Jun 18 2004;4,72
Jun 17 2004;4,68
Jun 16 2004;4,72
Jun 15 2004;4,68
Jun 14 2004;4,88
Jun 10 2004;4,80
Jun 09 2004;4,81
Jun 08 2004;4,77
Jun 07 2004;4,76
Jun 04 2004;4,77
Jun 03 2004;4,72
Jun 02 2004;4,75
Jun 01 2004;4,70
May 28 2004;4,67
May 27 2004;4,61
May 26 2004;4,67
May 25 2004;4,73
May 24 2004;4,73
May 21 2004;4,76
May 20 2004;4,71
May 19 2004;4,78
May 18 2004;4,73
May 17 2004;4,70
May 14 2004;4,77
May 13 2004;4,86
May 12 2004;4,82
May 11 2004;4,75
May 10 2004;4,80
May 07 2004;4,78
May 06 2004;4,60
May 05 2004;4,59
May 04 2004;4,57
May 03 2004;4,50
Apr 30 2004;4,51
Apr 29 2004;4,54
Apr 28 2004;4,50
Apr 27 2004;4,39
Apr 26 2004;4,45
Apr 23 2004;4,47
Apr 22 2004;4,39
Apr 21 2004;4,43
Apr 20 2004;4,47
Apr 19 2004;4,39
Apr 16 2004;4,34
Apr 15 2004;4,40
Apr 14 2004;4,37
Apr 13 2004;4,35
Apr 12 2004;4,23
Apr 08 2004;4,19
Apr 07 2004;4,17
Apr 06 2004;4,15
Apr 05 2004;4,22
Apr 02 2004;4,15
Apr 01 2004;3,89
Mar 31 2004;3,84
Mar 30 2004;3,90
Mar 29 2004;3,89
Mar 26 2004;3,84
Mar 25 2004;3,74
Mar 24 2004;3,71
Mar 23 2004;3,69
Mar 22 2004;3,72
Mar 19 2004;3,77
Mar 18 2004;3,75
Mar 17 2004;3,72
Mar 16 2004;3,68
Mar 15 2004;3,77
Mar 12 2004;3,79
Mar 11 2004;3,71
Mar 10 2004;3,73
Mar 09 2004;3,73
Mar 08 2004;3,77
Mar 05 2004;3,86
Mar 04 2004;4,02
Mar 03 2004;4,05
Mar 02 2004;4,06
Mar 01 2004;3,98
Feb 27 2004;3,97
Feb 26 2004;4,04
Feb 25 2004;4,02
Feb 24 2004;4,03
Feb 23 2004;4,04
Feb 20 2004;4,11
Feb 19 2004;4,04
Feb 18 2004;4,06
Feb 17 2004;4,04
Feb 16 2004;4,05
Feb 13 2004;4,05
Feb 12 2004;4,08
Feb 11 2004;4,03
Feb 10 2004;4,12
Feb 09 2004;4,06
Feb 06 2004;4,08
Feb 05 2004;4,17
Feb 04 2004;4,12
Feb 03 2004;4,10
Feb 02 2004;4,15
Jan 30 2004;4,13
Jan 29 2004;4,18
Jan 28 2004;4,19
Jan 27 2004;4,09
Jan 26 2004;4,13
Jan 23 2004;4,09
Jan 22 2004;3,97
Jan 21 2004;4,02
Jan 20 2004;4,06
Jan 16 2004;4,03
Jan 15 2004;3,97
Jan 14 2004;4,00
Jan 13 2004;4,02
Jan 12 2004;4,09
Jan 09 2004;4,08
Jan 08 2004;4,27
Jan 07 2004;4,25
Jan 06 2004;4,27
Jan 05 2004;4,38
Jan 02 2004;4,37
Jan 01 2004;4,25
Dec 31 2003;4,25
Dec 30 2003;4,26
Dec 29 2003;4,24
Dec 26 2003;4,15
Dec 24 2003;4,19
Dec 23 2003;4,26
Dec 22 2003;4,17
Dec 19 2003;4,14
Dec 18 2003;4,13
Dec 17 2003;4,18
Dec 16 2003;4,22
Dec 15 2003;4,26
Dec 12 2003;4,24
Dec 11 2003;4,24
Dec 10 2003;4,32
Dec 09 2003;4,35
Dec 08 2003;4,27
Dec 05 2003;4,23
Dec 04 2003;4,37
Dec 03 2003;4,40
Dec 02 2003;4,38
Dec 01 2003;4,39
Nov 28 2003;4,33
Nov 26 2003;4,25
Nov 25 2003;4,19
Nov 24 2003;4,23
Nov 21 2003;4,16
Nov 20 2003;4,16
Nov 19 2003;4,24
Nov 18 2003;4,15
Nov 17 2003;4,20
Nov 14 2003;4,22
Nov 13 2003;4,27
Nov 12 2003;4,40
Nov 11 2003;4,43
Nov 10 2003;4,44
Nov 07 2003;4,44
Nov 06 2003;4,41
Nov 05 2003;4,35
Nov 04 2003;4,30
Nov 03 2003;4,34
Oct 31 2003;4,30
Oct 30 2003;4,35
Oct 29 2003;4,30
Oct 28 2003;4,18
Oct 27 2003;4,28
Oct 24 2003;4,25
Oct 23 2003;4,32
Oct 22 2003;4,25
Oct 21 2003;4,35
Oct 20 2003;4,39
Oct 17 2003;4,39
Oct 16 2003;4,46
Oct 15 2003;4,40
Oct 14 2003;4,35
Oct 13 2003;4,27
Oct 10 2003;4,26
Oct 09 2003;4,29
Oct 08 2003;4,24
Oct 07 2003;4,26
Oct 06 2003;4,17
Oct 03 2003;4,20
Oct 02 2003;4,00
Oct 01 2003;3,93
Sep 30 2003;3,94
Sep 29 2003;4,08
Sep 26 2003;4,00
Sep 25 2003;4,09
Sep 24 2003;4,14
Sep 23 2003;4,21
Sep 22 2003;4,21
Sep 19 2003;4,16
Sep 18 2003;4,16
Sep 17 2003;4,18
Sep 16 2003;4,28
Sep 15 2003;4,27
Sep 12 2003;4,25
Sep 11 2003;4,32
Sep 10 2003;4,27
Sep 09 2003;4,36
Sep 08 2003;4,43
Sep 05 2003;4,35
Sep 04 2003;4,51
Sep 03 2003;4,60
Sep 02 2003;4,61
Sep 01 2003;4,46
Aug 29 2003;4,47
Aug 28 2003;4,42
Aug 27 2003;4,54
Aug 26 2003;4,48
Aug 25 2003;4,53
Aug 22 2003;4,48
Aug 21 2003;4,48
Aug 20 2003;4,44
Aug 19 2003;4,37
Aug 18 2003;4,46
Aug 15 2003;4,53
Aug 14 2003;4,46
Aug 13 2003;4,56
Aug 12 2003;4,43
Aug 11 2003;4,36
Aug 08 2003;4,27
Aug 07 2003;4,18
Aug 06 2003;4,27
Aug 05 2003;4,40
Aug 04 2003;4,29
Aug 01 2003;4,39
Jul 31 2003;4,41
Jul 30 2003;4,31
Jul 29 2003;4,44
Jul 28 2003;4,29
Jul 25 2003;4,18
Jul 24 2003;4,17
Jul 23 2003;4,11
Jul 22 2003;4,13
Jul 21 2003;4,21
Jul 18 2003;4,00
Jul 17 2003;3,92
Jul 16 2003;3,92
Jul 15 2003;3,98
Jul 14 2003;3,73
Jul 11 2003;3,63
Jul 10 2003;3,66
Jul 09 2003;3,68
Jul 08 2003;3,72
Jul 07 2003;3,74
Jul 03 2003;3,66
Jul 02 2003;3,54
Jul 01 2003;3,55
Jun 30 2003;3,52
Jun 27 2003;3,55
Jun 26 2003;3,55
Jun 25 2003;3,41
Jun 24 2003;3,25
Jun 23 2003;3,31
Jun 20 2003;3,37
Jun 19 2003;3,34
Jun 18 2003;3,36
Jun 17 2003;3,26
Jun 16 2003;3,17
Jun 13 2003;3,12
Jun 12 2003;3,17
Jun 11 2003;3,21
Jun 10 2003;3,19
Jun 09 2003;3,28
Jun 06 2003;3,35
Jun 05 2003;3,35
Jun 04 2003;3,30
Jun 03 2003;3,33
Jun 02 2003;3,41
May 30 2003;3,37
May 29 2003;3,34
May 28 2003;3,43
May 27 2003;3,42
May 23 2003;3,34
May 22 2003;3,32
May 21 2003;3,40
May 20 2003;3,36
May 19 2003;3,49
May 16 2003;3,42
May 15 2003;3,53
May 14 2003;3,52
May 13 2003;3,61
May 12 2003;3,64
May 09 2003;3,68
May 08 2003;3,45
May 07 2003;3,68
May 06 2003;3,79
May 05 2003;3,89
May 02 2003;3,93
May 01 2003;3,84
Apr 30 2003;3,84
Apr 29 2003;3,93
Apr 28 2003;3,90
Apr 25 2003;3,89
Apr 24 2003;3,93
Apr 23 2003;3,98
Apr 22 2003;3,97
Apr 21 2003;3,99
Apr 17 2003;3,96
Apr 16 2003;3,94
Apr 15 2003;3,99
Apr 14 2003;4,02
Apr 11 2003;3,97
Apr 10 2003;3,94
Apr 09 2003;3,90
Apr 08 2003;3,94
Apr 07 2003;3,98
Apr 04 2003;3,96
Apr 03 2003;3,91
Apr 02 2003;3,93
Apr 01 2003;3,81
Mar 31 2003;3,80
Mar 28 2003;3,90
Mar 27 2003;3,93
Mar 26 2003;3,94
Mar 25 2003;3,94
Mar 24 2003;3,97
Mar 21 2003;4,11
Mar 20 2003;3,96
Mar 19 2003;3,99
Mar 18 2003;3,91
Mar 17 2003;3,84
Mar 14 2003;3,70
Mar 13 2003;3,75
Mar 12 2003;3,59
Mar 11 2003;3,58
Mar 10 2003;3,56
Mar 07 2003;3,64
Mar 06 2003;3,65
Mar 05 2003;3,63
Mar 04 2003;3,65
Mar 03 2003;3,68
Feb 28 2003;3,69
Feb 27 2003;3,74
Feb 26 2003;3,77
Feb 25 2003;3,82
Feb 24 2003;3,85
Feb 21 2003;3,89
Feb 20 2003;3,87
Feb 19 2003;3,89
Feb 18 2003;3,95
Feb 14 2003;3,96
Feb 13 2003;3,89
Feb 12 2003;3,91
Feb 11 2003;3,96
Feb 10 2003;3,97
Feb 07 2003;3,93
Feb 06 2003;3,95
Feb 05 2003;4,00
Feb 04 2003;3,93
Feb 03 2003;4,00
Jan 31 2003;3,97
Jan 30 2003;3,97
Jan 29 2003;4,02
Jan 28 2003;3,97
Jan 27 2003;3,97
Jan 24 2003;3,94
Jan 23 2003;3,94
Jan 22 2003;3,92
Jan 21 2003;3,97
Jan 17 2003;4,02
Jan 16 2003;4,08
Jan 15 2003;4,06
Jan 14 2003;4,08
Jan 13 2003;4,12
Jan 10 2003;4,14
Jan 09 2003;4,17
Jan 08 2003;4,02
Jan 07 2003;4,01
Jan 06 2003;4,06
Jan 03 2003;4,02
Jan 02 2003;4,03
Dec 31 2002;3,82
Dec 30 2002;3,79
Dec 27 2002;3,81
Dec 26 2002;3,91
Dec 24 2002;3,95
Dec 23 2002;3,97
Dec 20 2002;3,96
Dec 19 2002;3,94
Dec 18 2002;4,04
Dec 17 2002;4,12
Dec 16 2002;4,16
Dec 13 2002;4,07
Dec 12 2002;4,03
Dec 11 2002;4,03
Dec 10 2002;4,06
Dec 09 2002;4,04
Dec 06 2002;4,09
Dec 05 2002;4,14
Dec 04 2002;4,15
Dec 03 2002;4,20
Dec 02 2002;4,23
Nov 29 2002;4,21
Nov 27 2002;4,26
Nov 26 2002;4,07
Nov 25 2002;4,18
Nov 22 2002;4,18
Nov 21 2002;4,16
Nov 20 2002;4,06
Nov 19 2002;3,98
Nov 18 2002;3,99
Nov 15 2002;4,03
Nov 14 2002;4,06
Nov 13 2002;3,84
Nov 12 2002;3,85
Nov 11 2002;3,84
Nov 08 2002;3,84
Nov 07 2002;3,88
Nov 06 2002;4,03
Nov 05 2002;4,07
Nov 04 2002;4,05
Nov 01 2002;4,01
Oct 31 2002;3,90
Oct 30 2002;3,96
Oct 29 2002;3,94
Oct 28 2002;4,09
Oct 25 2002;4,10
Oct 24 2002;4,12
Oct 23 2002;4,23
Oct 22 2002;4,26
Oct 21 2002;4,26
Oct 18 2002;4,11
Oct 17 2002;4,20
Oct 16 2002;4,05
Oct 15 2002;3,99
Oct 14 2002;3,80
Oct 11 2002;3,80
Oct 10 2002;3,66
Oct 09 2002;3,57
Oct 08 2002;3,63
Oct 07 2002;3,62
Oct 04 2002;3,67
Oct 03 2002;3,69
Oct 02 2002;3,67
Oct 01 2002;3,72
Sep 30 2002;3,60
Sep 27 2002;3,66
Sep 26 2002;3,77
Sep 25 2002;3,75
Sep 24 2002;3,65
Sep 23 2002;3,70
Sep 20 2002;3,78
Sep 19 2002;3,78
Sep 18 2002;3,84
Sep 17 2002;3,82
Sep 16 2002;3,91
Sep 13 2002;3,91
Sep 12 2002;3,96
Sep 11 2002;4,06
Sep 10 2002;4,00
Sep 09 2002;4,06
Sep 06 2002;4,02
Sep 05 2002;3,93
Sep 04 2002;3,96
Sep 03 2002;3,97
Aug 30 2002;4,13
Aug 29 2002;4,14
Aug 28 2002;4,21
Aug 27 2002;4,28
Aug 26 2002;4,23
Aug 23 2002;4,24
Aug 22 2002;4,32
Aug 21 2002;4,20
Aug 20 2002;4,15
Aug 19 2002;4,29
Aug 16 2002;4,33
Aug 15 2002;4,18
Aug 14 2002;4,12
Aug 13 2002;4,09
Aug 12 2002;4,21
Aug 09 2002;4,26
Aug 08 2002;4,40
Aug 07 2002;4,31
Aug 06 2002;4,33
Aug 05 2002;4,21
Aug 02 2002;4,30
Aug 01 2002;4,39
Jul 31 2002;4,46
Jul 30 2002;4,59
Jul 29 2002;4,56
Jul 26 2002;4,39
Jul 25 2002;4,38
Jul 24 2002;4,46
Jul 23 2002;4,41
Jul 22 2002;4,45
Jul 19 2002;4,52
Jul 18 2002;4,61
Jul 17 2002;4,69
Jul 16 2002;4,68
Jul 15 2002;4,63
Jul 12 2002;4,57
Jul 11 2002;4,64
Jul 10 2002;4,62
Jul 09 2002;4,73
Jul 08 2002;4,80
Jul 05 2002;4,86
Jul 03 2002;4,76
Jul 02 2002;4,73
Jul 01 2002;4,78
Jun 28 2002;4,81
Jun 27 2002;4,82
Jun 26 2002;4,75
Jun 25 2002;4,82
Jun 24 2002;4,83
Jun 21 2002;4,76
Jun 20 2002;4,79
Jun 19 2002;4,73
Jun 18 2002;4,84
Jun 17 2002;4,85
Jun 14 2002;4,80
Jun 13 2002;4,90
Jun 12 2002;4,96
Jun 11 2002;4,98
Jun 10 2002;5,03
Jun 07 2002;5,07
Jun 06 2002;4,98
Jun 05 2002;5,05
Jun 04 2002;5,03
Jun 03 2002;5,00
May 31 2002;5,05
May 30 2002;5,03
May 29 2002;5,07
May 28 2002;5,13
May 24 2002;5,15
May 23 2002;5,15
May 22 2002;5,12
May 21 2002;5,15
May 20 2002;5,20
May 17 2002;5,26
May 16 2002;5,17
May 15 2002;5,25
May 14 2002;5,28
May 13 2002;5,22
May 10 2002;5,12
May 09 2002;5,17
May 08 2002;5,22
May 07 2002;5,06
May 06 2002;5,07
May 03 2002;5,06
May 02 2002;5,10
May 01 2002;5,06
Apr 30 2002;5,09
Apr 29 2002;5,12
Apr 26 2002;5,06
Apr 25 2002;5,10
Apr 24 2002;5,11
Apr 23 2002;5,16
Apr 22 2002;5,18
Apr 19 2002;5,20
Apr 18 2002;5,20
Apr 17 2002;5,23
Apr 16 2002;5,19
Apr 15 2002;5,14
Apr 12 2002;5,16
Apr 11 2002;5,21
Apr 10 2002;5,24
Apr 09 2002;5,20
Apr 08 2002;5,26
Apr 05 2002;5,21
Apr 04 2002;5,26
Apr 03 2002;5,28
Apr 02 2002;5,34
Apr 01 2002;5,43
Mar 28 2002;5,41
Mar 27 2002;5,34
Mar 26 2002;5,34
Mar 25 2002;5,41
Mar 22 2002;5,40
Mar 21 2002;5,37
Mar 20 2002;5,41
Mar 19 2002;5,29
Mar 18 2002;5,30
Mar 15 2002;5,33
Mar 14 2002;5,41
Mar 13 2002;5,28
Mar 12 2002;5,31
Mar 11 2002;5,32
Mar 08 2002;5,33
Mar 07 2002;5,23
Mar 06 2002;5,05
Mar 05 2002;5,01
Mar 04 2002;5,00
Mar 01 2002;4,98
Feb 28 2002;4,87
Feb 27 2002;4,83
Feb 26 2002;4,93
Feb 25 2002;4,85
Feb 22 2002;4,84
Feb 21 2002;4,86
Feb 20 2002;4,89
Feb 19 2002;4,87
Feb 15 2002;4,86
Feb 14 2002;4,95
Feb 13 2002;4,99
Feb 12 2002;4,98
Feb 11 2002;4,92
Feb 08 2002;4,88
Feb 07 2002;4,93
Feb 06 2002;4,93
Feb 05 2002;4,90
Feb 04 2002;4,91
Feb 01 2002;4,98
Jan 31 2002;5,05
Jan 30 2002;5,01
Jan 29 2002;4,94
Jan 28 2002;5,08
Jan 25 2002;5,07
Jan 24 2002;5,01
Jan 23 2002;5,03
Jan 22 2002;4,92
Jan 18 2002;4,89
Jan 17 2002;4,93
Jan 16 2002;4,84
Jan 15 2002;4,85
Jan 14 2002;4,88
Jan 11 2002;4,87
Jan 10 2002;4,98
Jan 09 2002;5,05
Jan 08 2002;5,08
Jan 07 2002;5,05
Jan 04 2002;5,13
Jan 03 2002;5,11
Jan 02 2002;5,16
Dec 31 2001;5,03
Dec 28 2001;5,11
Dec 27 2001;5,07
Dec 26 2001;5,20
Dec 24 2001;5,14
Dec 21 2001;5,09
Dec 20 2001;5,04
Dec 19 2001;5,04
Dec 18 2001;5,13
Dec 17 2001;5,18
Dec 14 2001;5,19
Dec 13 2001;5,07
Dec 12 2001;5,01
Dec 11 2001;5,06
Dec 10 2001;5,10
Dec 07 2001;5,17
Dec 06 2001;5,01
Dec 05 2001;4,90
Dec 04 2001;4,67
Dec 03 2001;4,69
Nov 30 2001;4,75
Nov 29 2001;4,77
Nov 28 2001;4,93
Nov 27 2001;4,93
Nov 26 2001;5,02
Nov 23 2001;5,01
Nov 21 2001;4,96
Nov 20 2001;4,87
Nov 19 2001;4,80
Nov 16 2001;4,85
Nov 15 2001;4,78
Nov 14 2001;4,53
Nov 13 2001;4,38
Nov 09 2001;4,31
Nov 08 2001;4,29
Nov 07 2001;4,19
Nov 06 2001;4,26
Nov 05 2001;4,31
Nov 02 2001;4,36
Nov 01 2001;4,24
Oct 31 2001;4,24
Oct 30 2001;4,42
Oct 29 2001;4,49
Oct 26 2001;4,52
Oct 25 2001;4,55
Oct 24 2001;4,60
Oct 23 2001;4,65
Oct 22 2001;4,64
Oct 19 2001;4,62
Oct 18 2001;4,58
Oct 17 2001;4,57
Oct 16 2001;4,57
Oct 15 2001;4,60
Oct 12 2001;4,68
Oct 11 2001;4,67
Oct 10 2001;4,60
Oct 09 2001;4,60
Oct 08 2001;4,50
Oct 05 2001;4,51
Oct 04 2001;4,50
Oct 03 2001;4,47
Oct 02 2001;4,51
Oct 01 2001;4,54
Sep 28 2001;4,59
Sep 27 2001;4,56
Sep 26 2001;4,64
Sep 25 2001;4,71
Sep 24 2001;4,72
Sep 21 2001;4,69
Sep 20 2001;4,75
Sep 19 2001;4,70
Sep 18 2001;4,72
Sep 17 2001;4,62
Sep 14 2001;4,56
Sep 13 2001;4,64
Sep 11 2001;4,76
Sep 10 2001;4,84
Sep 07 2001;4,79
Sep 06 2001;4,87
Sep 05 2001;4,96
Sep 04 2001;4,96
Aug 31 2001;4,84
Aug 30 2001;4,81
Aug 29 2001;4,77
Aug 28 2001;4,84
Aug 27 2001;4,93
Aug 24 2001;4,93
Aug 23 2001;4,88
Aug 22 2001;4,90
Aug 21 2001;4,87
Aug 20 2001;4,91
Aug 17 2001;4,84
Aug 16 2001;4,94
Aug 15 2001;5,00
Aug 14 2001;4,97
Aug 13 2001;4,97
Aug 10 2001;4,98
Aug 09 2001;5,04
Aug 08 2001;5,05
Aug 07 2001;5,17
Aug 06 2001;5,16
Aug 03 2001;5,16
Aug 02 2001;5,15
Aug 01 2001;5,07
Jul 31 2001;5,06
Jul 30 2001;5,07
Jul 27 2001;5,10
Jul 26 2001;5,13
Jul 25 2001;5,19
Jul 24 2001;5,11
Jul 23 2001;5,10
Jul 20 2001;5,13
Jul 19 2001;5,11
Jul 18 2001;5,09
Jul 17 2001;5,21
Jul 16 2001;5,17
Jul 13 2001;5,23
Jul 12 2001;5,24
Jul 11 2001;5,29
Jul 10 2001;5,27
Jul 09 2001;5,33
Jul 06 2001;5,36
Jul 05 2001;5,40
Jul 03 2001;5,38
Jul 02 2001;5,33
Jun 29 2001;5,40
Jun 28 2001;5,34
Jun 27 2001;5,24
Jun 26 2001;5,23
Jun 25 2001;5,13
Jun 22 2001;5,12
Jun 21 2001;5,18
Jun 20 2001;5,21
Jun 19 2001;5,24
Jun 18 2001;5,26
Jun 15 2001;5,24
Jun 14 2001;5,23
Jun 13 2001;5,27
Jun 12 2001;5,25
Jun 11 2001;5,29
Jun 08 2001;5,37
Jun 07 2001;5,32
Jun 06 2001;5,26
Jun 05 2001;5,28
Jun 04 2001;5,34
Jun 01 2001;5,38
May 31 2001;5,39
May 30 2001;5,51
May 29 2001;5,52
May 25 2001;5,50
May 24 2001;5,50
May 23 2001;5,39
May 22 2001;5,41
May 21 2001;5,39
May 18 2001;5,40
May 17 2001;5,40
May 16 2001;5,46
May 15 2001;5,50
May 14 2001;5,44
May 11 2001;5,44
May 10 2001;5,29
May 09 2001;5,17
May 08 2001;5,25
May 07 2001;5,20
May 04 2001;5,21
May 03 2001;5,22
May 02 2001;5,29
May 01 2001;5,29
Apr 30 2001;5,34
Apr 27 2001;5,32
Apr 26 2001;5,19
Apr 25 2001;5,26
Apr 24 2001;5,22
Apr 23 2001;5,18
Apr 20 2001;5,29
Apr 19 2001;5,30
Apr 18 2001;5,14
Apr 17 2001;5,22
Apr 16 2001;5,26
Apr 12 2001;5,18
Apr 11 2001;5,13
Apr 10 2001;5,08
Apr 09 2001;4,93
Apr 06 2001;4,89
Apr 05 2001;4,98
Apr 04 2001;4,93
Apr 03 2001;4,93
Apr 02 2001;4,97
Mar 30 2001;4,92
Mar 29 2001;5,00
Mar 28 2001;4,97
Mar 27 2001;5,01
Mar 26 2001;4,87
Mar 23 2001;4,81
Mar 22 2001;4,75
Mar 21 2001;4,77
Mar 20 2001;4,76
Mar 19 2001;4,81
Mar 16 2001;4,77
Mar 15 2001;4,80
Mar 14 2001;4,83
Mar 13 2001;4,94
Mar 12 2001;4,90
Mar 09 2001;4,94
Mar 08 2001;4,91
Mar 07 2001;4,90
Mar 06 2001;4,97
Mar 05 2001;4,98
Mar 02 2001;4,95
Mar 01 2001;4,88
Feb 28 2001;4,90
Feb 27 2001;4,96
Feb 26 2001;5,04
Feb 23 2001;5,10
Feb 22 2001;5,16
Feb 21 2001;5,14
Feb 20 2001;5,11
Feb 16 2001;5,11
Feb 15 2001;5,17
Feb 14 2001;5,16
Feb 13 2001;5,07
Feb 12 2001;5,05
Feb 09 2001;5,03
Feb 08 2001;5,09
Feb 07 2001;5,21
Feb 06 2001;5,19
Feb 05 2001;5,17
Feb 02 2001;5,16
Feb 01 2001;5,09
Jan 31 2001;5,11
Jan 30 2001;5,23
Jan 29 2001;5,32
Jan 26 2001;5,27
Jan 25 2001;5,25
Jan 24 2001;5,31
Jan 23 2001;5,29
Jan 22 2001;5,23
Jan 19 2001;5,17
Jan 18 2001;5,12
Jan 17 2001;5,18
Jan 16 2001;5,23
Jan 12 2001;5,26
Jan 11 2001;5,11
Jan 10 2001;5,10
Jan 09 2001;5,00
Jan 08 2001;4,96
Jan 05 2001;4,93
Jan 04 2001;5,04
Jan 03 2001;5,15
Jan 02 2001;4,92
;
;
;
;
;
;
;
;
;
;
;
;
;
;
;