Date;USD/IDR
Nov 20 2019;14094,5
Nov 19 2019;14090
Nov 18 2019;14076,5
Nov 15 2019;14073
Nov 14 2019;14085
Nov 13 2019;14081
Nov 12 2019;14055
Nov 11 2019;14063
Nov 08 2019;14014
Nov 07 2019;13994,5
Nov 06 2019;14015
Nov 05 2019;13967,5
Nov 04 2019;14015
Nov 01 2019;14035
Oct 31 2019;14037
Oct 30 2019;14027
Oct 29 2019;14025
Oct 28 2019;14025
Oct 25 2019;14035
Oct 24 2019;14059
Oct 23 2019;14029
Oct 22 2019;14040
Oct 21 2019;14078
Oct 18 2019;14144,5
Oct 17 2019;14148
Oct 16 2019;14169
Oct 15 2019;14165
Oct 14 2019;14139
Oct 11 2019;14128
Oct 10 2019;14151,5
Oct 09 2019;14170
Oct 08 2019;14155
Oct 07 2019;14162,5
Oct 04 2019;14135
Oct 03 2019;14172,5
Oct 02 2019;14195
Oct 01 2019;14212,5
Sep 30 2019;14195
Sep 27 2019;14165
Sep 26 2019;14177,5
Sep 25 2019;14150
Sep 24 2019;14112,5
Sep 23 2019;14085
Sep 20 2019;14055
Sep 19 2019;14060
Sep 18 2019;14060
Sep 17 2019;14095
Sep 16 2019;14040
Sep 13 2019;13965
Sep 12 2019;13990
Sep 11 2019;14060
Sep 10 2019;14050
Sep 09 2019;14031
Sep 06 2019;14095
Sep 05 2019;14150
Sep 04 2019;14152,5
Sep 03 2019;14225
Sep 02 2019;14194
Aug 30 2019;14185
Aug 29 2019;14237,5
Aug 28 2019;14255
Aug 27 2019;14255
Aug 26 2019;14240
Aug 23 2019;14212,5
Aug 22 2019;14235
Aug 21 2019;14240
Aug 20 2019;14260
Aug 19 2019;14235
Aug 16 2019;14235
Aug 15 2019;14267,5
Aug 14 2019;14245
Aug 13 2019;14317,5
Aug 12 2019;14247,5
Aug 09 2019;14190
Aug 08 2019;14208
Aug 07 2019;14222,5
Aug 06 2019;14265
Aug 05 2019;14255
Aug 02 2019;14180
Aug 01 2019;14116
Jul 31 2019;14017
Jul 30 2019;14020
Jul 29 2019;14020
Jul 26 2019;14004
Jul 25 2019;13977,5
Jul 24 2019;13993
Jul 23 2019;13984
Jul 22 2019;13945
Jul 19 2019;13935
Jul 18 2019;13960
Jul 17 2019;13980
Jul 16 2019;13935
Jul 15 2019;13919,5
Jul 12 2019;14007
Jul 11 2019;14065
Jul 10 2019;14130
Jul 09 2019;14130
Jul 08 2019;14110
Jul 05 2019;14082,5
Jul 04 2019;14140
Jul 03 2019;14117,5
Jul 02 2019;14137,5
Jul 01 2019;14112,5
Jun 28 2019;14127,5
Jun 27 2019;14140
Jun 26 2019;14175
Jun 25 2019;14125
Jun 24 2019;14140
Jun 21 2019;14155
Jun 20 2019;14182,5
Jun 19 2019;14269,5
Jun 18 2019;14322,5
Jun 17 2019;14335
Jun 14 2019;14325
Jun 13 2019;14280
Jun 12 2019;14235
Jun 11 2019;14237,5
Jun 10 2019;14250
Jun 07 2019;14275
Jun 06 2019;14275
Jun 05 2019;14275
Jun 04 2019;14275
Jun 03 2019;14275
May 31 2019;14275
May 30 2019;14400
May 29 2019;14400
May 28 2019;14375
May 27 2019;14380
May 24 2019;14392,5
May 23 2019;14460
May 22 2019;14525
May 21 2019;14480
May 20 2019;14455
May 17 2019;14450
May 16 2019;14450
May 15 2019;14460
May 14 2019;14430
May 13 2019;14415
May 10 2019;14325
May 09 2019;14350
May 08 2019;14295
May 07 2019;14280
May 06 2019;14292,5
May 03 2019;14255
May 02 2019;14250
May 01 2019;14250
Apr 30 2019;14250
Apr 29 2019;14200
Apr 26 2019;14187,5
Apr 25 2019;14185
Apr 24 2019;14095
Apr 23 2019;14075
Apr 22 2019;14075
Apr 19 2019;14042,5
Apr 18 2019;14042,5
Apr 17 2019;14085
Apr 16 2019;14085
Apr 15 2019;14060
Apr 12 2019;14092,5
Apr 11 2019;14135
Apr 10 2019;14150
Apr 09 2019;14133
Apr 08 2019;14163
Apr 05 2019;14125
Apr 04 2019;14180
Apr 03 2019;14220
Apr 02 2019;14220
Apr 01 2019;14225
Mar 29 2019;14240
Mar 28 2019;14242
Mar 27 2019;14195
Mar 26 2019;14170
Mar 25 2019;14180
Mar 22 2019;14165
Mar 21 2019;14140
Mar 20 2019;14185
Mar 19 2019;14230
Mar 18 2019;14237,5
Mar 15 2019;14259
Mar 14 2019;14267
Mar 13 2019;14265
Mar 12 2019;14265
Mar 11 2019;14290
Mar 08 2019;14310
Mar 07 2019;14140
Mar 06 2019;14140
Mar 05 2019;14120
Mar 04 2019;14130
Mar 01 2019;14115
Feb 28 2019;14065
Feb 27 2019;14030
Feb 26 2019;13991
Feb 25 2019;14017,5
Feb 22 2019;14057,5
Feb 21 2019;14063
Feb 20 2019;14040
Feb 19 2019;14102
Feb 18 2019;14106,5
Feb 15 2019;14142,5
Feb 14 2019;14090
Feb 13 2019;14057,5
Feb 12 2019;14068,5
Feb 11 2019;14040
Feb 08 2019;13965
Feb 07 2019;13972,5
Feb 06 2019;13922
Feb 05 2019;13955
Feb 04 2019;13955
Feb 01 2019;13940
Jan 31 2019;13972,5
Jan 30 2019;14130
Jan 29 2019;14095
Jan 28 2019;14070
Jan 25 2019;14085
Jan 24 2019;14165
Jan 23 2019;14180
Jan 22 2019;14215
Jan 21 2019;14222,5
Jan 18 2019;14175
Jan 17 2019;14180
Jan 16 2019;14122,5
Jan 15 2019;14092,5
Jan 14 2019;14124
Jan 11 2019;14045
Jan 10 2019;14055
Jan 09 2019;14125
Jan 08 2019;14145
Jan 07 2019;14090
Jan 04 2019;14270
Jan 03 2019;14410
Jan 02 2019;14450
Jan 01 2019;14380
Dec 31 2018;14380
Dec 28 2018;14560
Dec 27 2018;14560
Dec 26 2018;14575
Dec 25 2018;14555
Dec 24 2018;14555
Dec 21 2018;14555
Dec 20 2018;14470
Dec 19 2018;14442,5
Dec 18 2018;14500
Dec 17 2018;14575
Dec 14 2018;14585
Dec 13 2018;14497,5
Dec 12 2018;14597,5
Dec 11 2018;14600
Dec 10 2018;14555
Dec 07 2018;14470
Dec 06 2018;14520
Dec 05 2018;14395
Dec 04 2018;14290
Dec 03 2018;14240
Nov 30 2018;14302,5
Nov 29 2018;14382,5
Nov 28 2018;14527,5
Nov 27 2018;14513,5
Nov 26 2018;14475
Nov 23 2018;14540
Nov 22 2018;14577,5
Nov 21 2018;14605
Nov 20 2018;14590
Nov 19 2018;14590
Nov 16 2018;14611,5
Nov 15 2018;14677,5
Nov 14 2018;14787
Nov 13 2018;14810
Nov 12 2018;14815
Nov 09 2018;14685
Nov 08 2018;14540
Nov 07 2018;14580
Nov 06 2018;14802,5
Nov 05 2018;14976
Nov 02 2018;14952,5
Nov 01 2018;15127,5
Oct 31 2018;15202,5
Oct 30 2018;15223
Oct 29 2018;15220
Oct 26 2018;15216,5
Oct 25 2018;15187,5
Oct 24 2018;15197
Oct 23 2018;15190
Oct 22 2018;15185
Oct 19 2018;15187,5
Oct 18 2018;15193,5
Oct 17 2018;15155
Oct 16 2018;15200
Oct 15 2018;15210
Oct 12 2018;15205
Oct 11 2018;15235
Oct 10 2018;15203
Oct 09 2018;15230
Oct 08 2018;15217,5
Oct 05 2018;15180
Oct 04 2018;15170
Oct 03 2018;15075
Oct 02 2018;15045
Oct 01 2018;14910
Sep 28 2018;14901,5
Sep 27 2018;14917
Sep 26 2018;14905
Sep 25 2018;14920
Sep 24 2018;14867,5
Sep 21 2018;14819
Sep 20 2018;14845
Sep 19 2018;14875
Sep 18 2018;14855
Sep 17 2018;14877,5
Sep 14 2018;14805
Sep 13 2018;14840
Sep 12 2018;14825
Sep 11 2018;14857
Sep 10 2018;14857
Sep 07 2018;14820
Sep 06 2018;14890
Sep 05 2018;14935
Sep 04 2018;14935
Sep 03 2018;14815
Aug 31 2018;14730
Aug 30 2018;14690
Aug 29 2018;14655
Aug 28 2018;14622
Aug 27 2018;14620
Aug 24 2018;14642
Aug 23 2018;14630
Aug 22 2018;14580
Aug 21 2018;14580
Aug 20 2018;14590
Aug 17 2018;14610
Aug 16 2018;14610
Aug 15 2018;14600
Aug 14 2018;14580
Aug 13 2018;14595
Aug 10 2018;14475
Aug 09 2018;14410
Aug 08 2018;14435
Aug 07 2018;14440
Aug 06 2018;14470
Aug 03 2018;14492,5
Aug 02 2018;14475
Aug 01 2018;14440
Jul 31 2018;14420
Jul 30 2018;14410
Jul 27 2018;14417,5
Jul 26 2018;14460
Jul 25 2018;14460
Jul 24 2018;14530
Jul 23 2018;14490
Jul 20 2018;14480
Jul 19 2018;14475
Jul 18 2018;14405
Jul 17 2018;14370
Jul 16 2018;14375
Jul 13 2018;14380
Jul 12 2018;14380
Jul 11 2018;14385
Jul 10 2018;14360
Jul 09 2018;14325
Jul 06 2018;14370
Jul 05 2018;14385
Jul 04 2018;14352
Jul 03 2018;14380
Jul 02 2018;14380
Jun 29 2018;14330
Jun 28 2018;14390
Jun 27 2018;14178
Jun 26 2018;14178
Jun 25 2018;14155
Jun 22 2018;14080
Jun 21 2018;14103
Jun 20 2018;13930
Jun 19 2018;13930
Jun 18 2018;13930
Jun 15 2018;13930
Jun 14 2018;13930
Jun 13 2018;13930
Jun 12 2018;13930
Jun 11 2018;13930
Jun 08 2018;13930
Jun 07 2018;13870
Jun 06 2018;13852,5
Jun 05 2018;13879
Jun 04 2018;13872
Jun 01 2018;13895
May 31 2018;13895
May 30 2018;13990
May 29 2018;13990
May 28 2018;13990
May 25 2018;14120
May 24 2018;14135
May 23 2018;14207
May 22 2018;14138
May 21 2018;14185
May 18 2018;14152,5
May 17 2018;14052
May 16 2018;14093
May 15 2018;14037
May 14 2018;13970
May 11 2018;13950
May 10 2018;14080
May 09 2018;14080
May 08 2018;14050
May 07 2018;14000
May 04 2018;13940
May 03 2018;13937,5
May 02 2018;13945
May 01 2018;13912,5
Apr 30 2018;13912,5
Apr 27 2018;13890
Apr 26 2018;13887,5
Apr 25 2018;13920
Apr 24 2018;13887,5
Apr 23 2018;13895
Apr 20 2018;13877,5
Apr 19 2018;13781
Apr 18 2018;13774,5
Apr 17 2018;13766
Apr 16 2018;13774,5
Apr 13 2018;13752,5
Apr 12 2018;13769,5
Apr 11 2018;13758,5
Apr 10 2018;13749
Apr 09 2018;13764,5
Apr 06 2018;13773,5
Apr 05 2018;13766,5
Apr 04 2018;13766,5
Apr 03 2018;13764,5
Apr 02 2018;13754
Mar 30 2018;13765
Mar 29 2018;13765
Mar 28 2018;13763
Mar 27 2018;13742
Mar 26 2018;13740
Mar 23 2018;13782,5
Mar 22 2018;13752,5
Mar 21 2018;13762,5
Mar 20 2018;13750
Mar 19 2018;13764,5
Mar 16 2018;13749
Mar 15 2018;13747,5
Mar 14 2018;13736,5
Mar 13 2018;13750,5
Mar 12 2018;13770
Mar 09 2018;13781
Mar 08 2018;13785
Mar 07 2018;13766
Mar 06 2018;13775
Mar 05 2018;13762,5
Mar 02 2018;13757,5
Mar 01 2018;13747,5
Feb 28 2018;13745
Feb 27 2018;13675
Feb 26 2018;13660
Feb 23 2018;13667,5
Feb 22 2018;13682,5
Feb 21 2018;13618,5
Feb 20 2018;13612,5
Feb 19 2018;13560,5
Feb 16 2018;13558,5
Feb 15 2018;13558,5
Feb 14 2018;13628,5
Feb 13 2018;13657,5
Feb 12 2018;13657,5
Feb 09 2018;13627,5
Feb 08 2018;13605
Feb 07 2018;13553
Feb 06 2018;13552,5
Feb 05 2018;13525
Feb 02 2018;13451,5
Feb 01 2018;13427
Jan 31 2018;13388,5
Jan 30 2018;13432,5
Jan 29 2018;13363,5
Jan 26 2018;13307
Jan 25 2018;13288,5
Jan 24 2018;13313,5
Jan 23 2018;13325
Jan 22 2018;13347,5
Jan 19 2018;13313,5
Jan 18 2018;13346
Jan 17 2018;13357,5
Jan 16 2018;13337,5
Jan 15 2018;13334,5
Jan 12 2018;13353,5
Jan 11 2018;13399,5
Jan 10 2018;13436,5
Jan 09 2018;13437,5
Jan 08 2018;13426,5
Jan 05 2018;13415,5
Jan 04 2018;13423,5
Jan 03 2018;13478
Jan 02 2018;13517,5
Jan 01 2018;13567,5
Dec 29 2017;13567,5
Dec 28 2017;13562
Dec 27 2017;13560,5
Dec 26 2017;13561
Dec 25 2017;13561
Dec 22 2017;13561
Dec 21 2017;13557,5
Dec 20 2017;13577,5
Dec 19 2017;13576,5
Dec 18 2017;13581,5
Dec 15 2017;13578,5
Dec 14 2017;13577,5
Dec 13 2017;13585
Dec 12 2017;13568,5
Dec 11 2017;13552,5
Dec 08 2017;13547,5
Dec 07 2017;13553,5
Dec 06 2017;13539
Dec 05 2017;13519
Dec 04 2017;13526
Dec 01 2017;13526
Nov 30 2017;13526
Nov 29 2017;13502,5
Nov 28 2017;13508,5
Nov 27 2017;13518,5
Nov 24 2017;13502,5
Nov 23 2017;13513
Nov 22 2017;13526
Nov 21 2017;13533,5
Nov 20 2017;13535
Nov 17 2017;13527,5
Nov 16 2017;13542
Nov 15 2017;13535
Nov 14 2017;13553,5
Nov 13 2017;13551,5
Nov 10 2017;13532,5
Nov 09 2017;13515
Nov 08 2017;13517
Nov 07 2017;13513,5
Nov 06 2017;13524,5
Nov 03 2017;13497,5
Nov 02 2017;13551
Nov 01 2017;13580
Oct 31 2017;13562,5
Oct 30 2017;13584
Oct 27 2017;13616,5
Oct 26 2017;13581,5
Oct 25 2017;13577,5
Oct 24 2017;13532,5
Oct 23 2017;13542,5
Oct 20 2017;13518,5
Oct 19 2017;13523
Oct 18 2017;13516
Oct 17 2017;13506,5
Oct 16 2017;13482,5
Oct 13 2017;13499
Oct 12 2017;13504,5
Oct 11 2017;13517
Oct 10 2017;13513
Oct 09 2017;13516,5
Oct 06 2017;13504
Oct 05 2017;13457,5
Oct 04 2017;13476,5
Oct 03 2017;13542,5
Oct 02 2017;13537,5
Sep 29 2017;13471,5
Sep 28 2017;13515
Sep 27 2017;13440
Sep 26 2017;13376,5
Sep 25 2017;13326
Sep 22 2017;13312,5
Sep 21 2017;13281,5
Sep 20 2017;13281,5
Sep 19 2017;13278,5
Sep 18 2017;13255
Sep 15 2017;13240
Sep 14 2017;13249,5
Sep 13 2017;13202,5
Sep 12 2017;13195
Sep 11 2017;13162,5
Sep 08 2017;13204
Sep 07 2017;13306,5
Sep 06 2017;13337,5
Sep 05 2017;13337,5
Sep 04 2017;13342,5
Sep 01 2017;13343
Aug 31 2017;13343
Aug 30 2017;13346,5
Aug 29 2017;13339,5
Aug 28 2017;13340
Aug 25 2017;13345,5
Aug 24 2017;13346,5
Aug 23 2017;13358,5
Aug 22 2017;13343
Aug 21 2017;13350,5
Aug 18 2017;13362
Aug 17 2017;13378,5
Aug 16 2017;13378,5
Aug 15 2017;13361
Aug 14 2017;13349
Aug 11 2017;13357,5
Aug 10 2017;13334
Aug 09 2017;13332,5
Aug 08 2017;13313
Aug 07 2017;13321
Aug 04 2017;13316
Aug 03 2017;13325,5
Aug 02 2017;13324
Aug 01 2017;13324
Jul 31 2017;13325
Jul 28 2017;13326,5
Jul 27 2017;13318
Jul 26 2017;13336
Jul 25 2017;13326
Jul 24 2017;13310
Jul 21 2017;13312,5
Jul 20 2017;13334,5
Jul 19 2017;13318
Jul 18 2017;13309
Jul 17 2017;13327,5
Jul 14 2017;13338,5
Jul 13 2017;13347,5
Jul 12 2017;13369,5
Jul 11 2017;13391
Jul 10 2017;13399
Jul 07 2017;13403
Jul 06 2017;13388
Jul 05 2017;13364
Jul 04 2017;13363,5
Jul 03 2017;13367,5
Jun 30 2017;13327,5
Jun 29 2017;13327,5
Jun 28 2017;13327,5
Jun 27 2017;13327,5
Jun 26 2017;13327,5
Jun 23 2017;13327,5
Jun 22 2017;13327,5
Jun 21 2017;13318,5
Jun 20 2017;13288,5
Jun 19 2017;13289
Jun 16 2017;13297,5
Jun 15 2017;13286
Jun 14 2017;13282,5
Jun 13 2017;13291,5
Jun 12 2017;13298
Jun 09 2017;13291,5
Jun 08 2017;13298
Jun 07 2017;13304
Jun 06 2017;13298
Jun 05 2017;13286
Jun 02 2017;13304
Jun 01 2017;13322,5
May 31 2017;13322,5
May 30 2017;13323,5
May 29 2017;13321,5
May 26 2017;13294,5
May 25 2017;13308,5
May 24 2017;13308,5
May 23 2017;13302,5
May 22 2017;13302,5
May 19 2017;13335
May 18 2017;13355,5
May 17 2017;13323,5
May 16 2017;13300,5
May 15 2017;13304
May 12 2017;13329,5
May 11 2017;13357,5
May 10 2017;13357,5
May 09 2017;13350
May 08 2017;13309,5
May 05 2017;13330
May 04 2017;13327,5
May 03 2017;13305,5
May 02 2017;13311,5
May 01 2017;13329
Apr 28 2017;13329
Apr 27 2017;13314
Apr 26 2017;13285
Apr 25 2017;13277,5
Apr 24 2017;13320
Apr 21 2017;13320
Apr 20 2017;13323,5
Apr 19 2017;13296,5
Apr 18 2017;13296,5
Apr 17 2017;13285,5
Apr 14 2017;13256,5
Apr 13 2017;13256,5
Apr 12 2017;13275
Apr 11 2017;13281,5
Apr 10 2017;13286,5
Apr 07 2017;13317,5
Apr 06 2017;13335,5
Apr 05 2017;13321
Apr 04 2017;13328
Apr 03 2017;13322,5
Mar 31 2017;13325,5
Mar 30 2017;13316
Mar 29 2017;13313,5
Mar 28 2017;13310,5
Mar 27 2017;13310,5
Mar 24 2017;13326,5
Mar 23 2017;13324,5
Mar 22 2017;13329
Mar 21 2017;13319
Mar 20 2017;13313,5
Mar 17 2017;13345
Mar 16 2017;13348,5
Mar 15 2017;13365
Mar 14 2017;13371,5
Mar 13 2017;13356
Mar 10 2017;13379
Mar 09 2017;13386,5
Mar 08 2017;13350
Mar 07 2017;13347
Mar 06 2017;13350
Mar 03 2017;13382,5
Mar 02 2017;13358,5
Mar 01 2017;13362
Feb 28 2017;13336
Feb 27 2017;13342,5
Feb 24 2017;13330,5
Feb 23 2017;13351
Feb 22 2017;13367
Feb 21 2017;13372,5
Feb 20 2017;13354
Feb 17 2017;13332,5
Feb 16 2017;13320
Feb 15 2017;13330,5
Feb 14 2017;13330,5
Feb 13 2017;13326,5
Feb 10 2017;13315,5
Feb 09 2017;13302,5
Feb 08 2017;13325
Feb 07 2017;13328,5
Feb 06 2017;13322,5
Feb 03 2017;13345
Feb 02 2017;13352,5
Feb 01 2017;13372,5
Jan 31 2017;13352
Jan 30 2017;13345
Jan 27 2017;13358,5
Jan 26 2017;13336
Jan 25 2017;13360,5
Jan 24 2017;13331
Jan 23 2017;13360
Jan 20 2017;13410
Jan 19 2017;13373
Jan 18 2017;13342,5
Jan 17 2017;13351,5
Jan 16 2017;13366,5
Jan 13 2017;13331,5
Jan 12 2017;13290
Jan 11 2017;13329
Jan 10 2017;13315
Jan 09 2017;13365
Jan 06 2017;13365
Jan 05 2017;13375
Jan 04 2017;13440
Jan 03 2017;13479,5
Jan 02 2017;13472,5
Dec 30 2016;13472,5
Dec 29 2016;13462,5
Dec 28 2016;13442,5
Dec 27 2016;13447,5
Dec 26 2016;13450
Dec 23 2016;13450
Dec 22 2016;13452,5
Dec 21 2016;13469
Dec 20 2016;13427,5
Dec 19 2016;13384
Dec 16 2016;13390
Dec 15 2016;13397,5
Dec 14 2016;13296
Dec 13 2016;13307,5
Dec 12 2016;13327,5
Dec 09 2016;13327,5
Dec 08 2016;13286,5
Dec 07 2016;13325
Dec 06 2016;13382,5
Dec 05 2016;13432,5
Dec 02 2016;13525
Dec 01 2016;13545
Nov 30 2016;13552,5
Nov 29 2016;13572,5
Nov 28 2016;13530
Nov 25 2016;13517,5
Nov 24 2016;13557,5
Nov 23 2016;13482,5
Nov 22 2016;13442,5
Nov 21 2016;13425
Nov 18 2016;13427,5
Nov 17 2016;13372,5
Nov 16 2016;13377,5
Nov 15 2016;13362,5
Nov 14 2016;13357,5
Nov 11 2016;13287,5
Nov 10 2016;13137,5
Nov 09 2016;13099
Nov 08 2016;13084
Nov 07 2016;13088
Nov 04 2016;13070
Nov 03 2016;13075
Nov 02 2016;13056
Nov 01 2016;13041,5
Oct 31 2016;13048
Oct 28 2016;13050,5
Oct 27 2016;13033
Oct 26 2016;13007,5
Oct 25 2016;13006
Oct 24 2016;13013
Oct 21 2016;13045
Oct 20 2016;13007,5
Oct 19 2016;13007,5
Oct 18 2016;13032
Oct 17 2016;13068,5
Oct 14 2016;13044,5
Oct 13 2016;13077,5
Oct 12 2016;13018,5
Oct 11 2016;13012,5
Oct 10 2016;12977,5
Oct 07 2016;12985
Oct 06 2016;12987
Oct 05 2016;12997,5
Oct 04 2016;12981,5
Oct 03 2016;12982,5
Sep 30 2016;13051
Sep 29 2016;12975
Sep 28 2016;12947,5
Sep 27 2016;12955
Sep 26 2016;13030
Sep 23 2016;13076,5
Sep 22 2016;13090
Sep 21 2016;13135,5
Sep 20 2016;13152,5
Sep 19 2016;13156
Sep 16 2016;13157,5
Sep 15 2016;13175
Sep 14 2016;13204,5
Sep 13 2016;13170
Sep 12 2016;13099,5
Sep 09 2016;13099,5
Sep 08 2016;13062,5
Sep 07 2016;13085
Sep 06 2016;13126,5
Sep 05 2016;13152,5
Sep 02 2016;13247
Sep 01 2016;13268
Aug 31 2016;13267,5
Aug 30 2016;13277,5
Aug 29 2016;13265
Aug 26 2016;13206
Aug 25 2016;13241,5
Aug 24 2016;13247,5
Aug 23 2016;13219
Aug 22 2016;13211,5
Aug 19 2016;13157,5
Aug 18 2016;13116,5
Aug 17 2016;13096
Aug 16 2016;13096
Aug 15 2016;13112,5
Aug 12 2016;13121
Aug 11 2016;13117
Aug 10 2016;13113,5
Aug 09 2016;13132,5
Aug 08 2016;13130
Aug 05 2016;13128,5
Aug 04 2016;13137,5
Aug 03 2016;13125
Aug 02 2016;13097,5
Aug 01 2016;13071
Jul 29 2016;13098,5
Jul 28 2016;13101
Jul 27 2016;13140
Jul 26 2016;13167,5
Jul 25 2016;13140
Jul 22 2016;13108,5
Jul 21 2016;13100
Jul 20 2016;13112,5
Jul 19 2016;13089
Jul 18 2016;13087,5
Jul 15 2016;13091,5
Jul 14 2016;13082,5
Jul 13 2016;13095
Jul 12 2016;13120
Jul 11 2016;13090
Jul 08 2016;13127,5
Jul 07 2016;13127,5
Jul 06 2016;13127,5
Jul 05 2016;13127,5
Jul 04 2016;13127,5
Jul 01 2016;13140
Jun 30 2016;13212,5
Jun 29 2016;13161,5
Jun 28 2016;13177,5
Jun 27 2016;13340
Jun 24 2016;13380
Jun 23 2016;13257,5
Jun 22 2016;13284
Jun 21 2016;13262,5
Jun 20 2016;13265
Jun 17 2016;13337,5
Jun 16 2016;13367,5
Jun 15 2016;13372,5
Jun 14 2016;13365
Jun 13 2016;13278,5
Jun 10 2016;13297,5
Jun 09 2016;13265
Jun 08 2016;13265
Jun 07 2016;13270
Jun 06 2016;13377,5
Jun 03 2016;13591,5
Jun 02 2016;13647,5
Jun 01 2016;13660
May 31 2016;13660
May 30 2016;13645
May 27 2016;13583
May 26 2016;13603,5
May 25 2016;13655
May 24 2016;13690
May 23 2016;13582,5
May 20 2016;13607,5
May 19 2016;13555
May 18 2016;13389
May 17 2016;13298,5
May 16 2016;13302,5
May 13 2016;13317,5
May 12 2016;13297,5
May 11 2016;13305
May 10 2016;13287,5
May 09 2016;13290
May 06 2016;13241,5
May 05 2016;13241,5
May 04 2016;13241,5
May 03 2016;13194,5
May 02 2016;13180
Apr 29 2016;13185
Apr 28 2016;13186,5
Apr 27 2016;13194,5
Apr 26 2016;13200
Apr 25 2016;13197,5
Apr 22 2016;13197,5
Apr 21 2016;13157,5
Apr 20 2016;13141
Apr 19 2016;13147,5
Apr 18 2016;13175
Apr 15 2016;13175
Apr 14 2016;13177,5
Apr 13 2016;13160
Apr 12 2016;13113,5
Apr 11 2016;13127,5
Apr 08 2016;13142,5
Apr 07 2016;13160
Apr 06 2016;13222,5
Apr 05 2016;13219
Apr 04 2016;13166,5
Apr 01 2016;13160
Mar 31 2016;13260
Mar 30 2016;13267,5
Mar 29 2016;13397,5
Mar 28 2016;13367,5
Mar 25 2016;13252,5
Mar 24 2016;13252,5
Mar 23 2016;13177,5
Mar 22 2016;13180
Mar 21 2016;13135
Mar 18 2016;13117,5
Mar 17 2016;13095
Mar 16 2016;13267,5
Mar 15 2016;13177,5
Mar 14 2016;13060
Mar 11 2016;13070
Mar 10 2016;13072,5
Mar 09 2016;13143
Mar 08 2016;13143
Mar 07 2016;13090
Mar 04 2016;13135
Mar 03 2016;13235
Mar 02 2016;13290
Mar 01 2016;13350
Feb 29 2016;13372
Feb 26 2016;13370
Feb 25 2016;13410,5
Feb 24 2016;13412,5
Feb 23 2016;13425
Feb 22 2016;13437,5
Feb 19 2016;13495
Feb 18 2016;13495
Feb 17 2016;13510
Feb 16 2016;13400
Feb 15 2016;13375
Feb 12 2016;13490
Feb 11 2016;13462,5
Feb 10 2016;13462,5
Feb 09 2016;13605
Feb 08 2016;13625
Feb 05 2016;13625
Feb 04 2016;13637,5
Feb 03 2016;13765
Feb 02 2016;13687,5
Feb 01 2016;13637,5
Jan 29 2016;13775
Jan 28 2016;13874,5
Jan 27 2016;13878,5
Jan 26 2016;13900
Jan 25 2016;13872,5
Jan 22 2016;13850
Jan 21 2016;13910
Jan 20 2016;13960
Jan 19 2016;13880
Jan 18 2016;13932,5
Jan 15 2016;13894,5
Jan 14 2016;13910
Jan 13 2016;13827,5
Jan 12 2016;13910
Jan 11 2016;13875
Jan 08 2016;13922,5
Jan 07 2016;13927,5
Jan 06 2016;13947,5
Jan 05 2016;13862,5
Jan 04 2016;13915
Jan 01 2016;13787,5
Dec 31 2015;13787,5
Dec 30 2015;13782,5
Dec 29 2015;13745
Dec 28 2015;13650
Dec 25 2015;13642,5
Dec 24 2015;13642,5
Dec 23 2015;13642,5
Dec 22 2015;13675
Dec 21 2015;13772,5
Dec 18 2015;13917,5
Dec 17 2015;14006,5
Dec 16 2015;14069,5
Dec 15 2015;14056,5
Dec 14 2015;14077,5
Dec 11 2015;13947,5
Dec 10 2015;13935
Dec 09 2015;13872,5
Dec 08 2015;13872,5
Dec 07 2015;13842,5
Dec 04 2015;13832
Dec 03 2015;13843,5
Dec 02 2015;13797,5
Dec 01 2015;13782,5
Nov 30 2015;13835
Nov 27 2015;13780
Nov 26 2015;13728,5
Nov 25 2015;13687,5
Nov 24 2015;13707,5
Nov 23 2015;13723
Nov 20 2015;13655
Nov 19 2015;13777,5
Nov 18 2015;13799,5
Nov 17 2015;13747,5
Nov 16 2015;13727,5
Nov 13 2015;13665
Nov 12 2015;13602,5
Nov 11 2015;13602,5
Nov 10 2015;13609,5
Nov 09 2015;13647,5
Nov 06 2015;13560
Nov 05 2015;13565
Nov 04 2015;13555
Nov 03 2015;13555
Nov 02 2015;13667,5
Oct 30 2015;13687,5
Oct 29 2015;13635
Oct 28 2015;13477,5
Oct 27 2015;13622,5
Oct 26 2015;13645
Oct 23 2015;13635
Oct 22 2015;13657,5
Oct 21 2015;13717
Oct 20 2015;13645
Oct 19 2015;13531,5
Oct 16 2015;13530
Oct 15 2015;13455
Oct 14 2015;13619,5
Oct 13 2015;13619,5
Oct 12 2015;13405
Oct 09 2015;13420
Oct 08 2015;13867,5
Oct 07 2015;13825
Oct 06 2015;14245,5
Oct 05 2015;14495
Oct 02 2015;14642,5
Oct 01 2015;14670
Sep 30 2015;14650
Sep 29 2015;14682,5
Sep 28 2015;14697,5
Sep 25 2015;14685
Sep 24 2015;14647,5
Sep 23 2015;14647,5
Sep 22 2015;14497,5
Sep 21 2015;14455
Sep 18 2015;14375
Sep 17 2015;14457,5
Sep 16 2015;14455
Sep 15 2015;14407,5
Sep 14 2015;14347,5
Sep 11 2015;14330
Sep 10 2015;14332,5
Sep 09 2015;14261,5
Sep 08 2015;14280
Sep 07 2015;14247,5
Sep 04 2015;14165
Sep 03 2015;14169
Sep 02 2015;14130
Sep 01 2015;14097,5
Aug 31 2015;14050
Aug 28 2015;13982,5
Aug 27 2015;13992,5
Aug 26 2015;14122,5
Aug 25 2015;14065
Aug 24 2015;14047
Aug 21 2015;13942,5
Aug 20 2015;13870
Aug 19 2015;13842,5
Aug 18 2015;13818
Aug 17 2015;13787,5
Aug 14 2015;13787,5
Aug 13 2015;13745
Aug 12 2015;13785
Aug 11 2015;13600
Aug 10 2015;13549
Aug 07 2015;13539,5
Aug 06 2015;13541,5
Aug 05 2015;13514
Aug 04 2015;13485,5
Aug 03 2015;13500
Jul 31 2015;13527,5
Jul 30 2015;13467,5
Jul 29 2015;13456
Jul 28 2015;13462,5
Jul 27 2015;13459
Jul 24 2015;13445
Jul 23 2015;13422,5
Jul 22 2015;13377,5
Jul 21 2015;13344,5
Jul 20 2015;13344,5
Jul 17 2015;13344,5
Jul 16 2015;13344,5
Jul 15 2015;13344,5
Jul 14 2015;13335
Jul 13 2015;13300
Jul 10 2015;13313,5
Jul 09 2015;13336
Jul 08 2015;13345
Jul 07 2015;13327,5
Jul 06 2015;13349,5
Jul 03 2015;13320
Jul 02 2015;13337,5
Jul 01 2015;13326
Jun 30 2015;13332,5
Jun 29 2015;13345
Jun 26 2015;13310
Jun 25 2015;13327,5
Jun 24 2015;13303,5
Jun 23 2015;13255
Jun 22 2015;13310
Jun 19 2015;13331,5
Jun 18 2015;13305
Jun 17 2015;13367,5
Jun 16 2015;13353
Jun 15 2015;13335
Jun 12 2015;13332,5
Jun 11 2015;13320,5
Jun 10 2015;13312,5
Jun 09 2015;13302,5
Jun 08 2015;13379,5
Jun 05 2015;13275,5
Jun 04 2015;13282
Jun 03 2015;13221
Jun 02 2015;13222,5
Jun 01 2015;13222,5
May 29 2015;13224
May 28 2015;13221,5
May 27 2015;13202
May 26 2015;13210
May 25 2015;13186,5
May 22 2015;13155
May 21 2015;13129,5
May 20 2015;13175
May 19 2015;13115,5
May 18 2015;13137
May 15 2015;13091
May 14 2015;13137,5
May 13 2015;13137,5
May 12 2015;13198
May 11 2015;13155
May 08 2015;13127,5
May 07 2015;13145
May 06 2015;13035
May 05 2015;13047,5
May 04 2015;12980
May 01 2015;12962,5
Apr 30 2015;12962,5
Apr 29 2015;12940
Apr 28 2015;12980
Apr 27 2015;12980
Apr 24 2015;12919,5
Apr 23 2015;12955
Apr 22 2015;12900
Apr 21 2015;12957,5
Apr 20 2015;12890
Apr 17 2015;12850
Apr 16 2015;12856
Apr 15 2015;12900,5
Apr 14 2015;12980,5
Apr 13 2015;12985
Apr 10 2015;12915
Apr 09 2015;12898
Apr 08 2015;12955
Apr 07 2015;12985
Apr 06 2015;12958,5
Apr 03 2015;13002,5
Apr 02 2015;13002,5
Apr 01 2015;13042,5
Mar 31 2015;13075
Mar 30 2015;13075
Mar 27 2015;13065
Mar 26 2015;13019
Mar 25 2015;12986
Mar 24 2015;12905
Mar 23 2015;13019,5
Mar 20 2015;13116
Mar 19 2015;13035
Mar 18 2015;13170
Mar 17 2015;13167,5
Mar 16 2015;13242
Mar 13 2015;13195
Mar 12 2015;13182,5
Mar 11 2015;13190,5
Mar 10 2015;13091,5
Mar 09 2015;13050
Mar 06 2015;12980
Mar 05 2015;12990
Mar 04 2015;12982,5
Mar 03 2015;12965
Mar 02 2015;12970
Feb 27 2015;12925
Feb 26 2015;12837,5
Feb 25 2015;12873,5
Feb 24 2015;12897,5
Feb 23 2015;12834,5
Feb 20 2015;12812,5
Feb 19 2015;12842,5
Feb 18 2015;12842,5
Feb 17 2015;12769,5
Feb 16 2015;12752,5
Feb 13 2015;12787,5
Feb 12 2015;12792,5
Feb 11 2015;12715
Feb 10 2015;12672,5
Feb 09 2015;12647,5
Feb 06 2015;12614,5
Feb 05 2015;12632,5
Feb 04 2015;12625
Feb 03 2015;12654
Feb 02 2015;12685
Jan 30 2015;12667,5
Jan 29 2015;12567,5
Jan 28 2015;12486
Jan 27 2015;12476,5
Jan 26 2015;12510
Jan 23 2015;12472,5
Jan 22 2015;12487,5
Jan 21 2015;12480
Jan 20 2015;12584
Jan 19 2015;12618,5
Jan 16 2015;12587,5
Jan 15 2015;12560
Jan 14 2015;12613
Jan 13 2015;12597,5
Jan 12 2015;12597,5
Jan 09 2015;12651,5
Jan 08 2015;12680
Jan 07 2015;12738,5
Jan 06 2015;12657,5
Jan 05 2015;12627,5
Jan 02 2015;12542,5
Jan 01 2015;12385
Dec 31 2014;12385
Dec 30 2014;12446,5
Dec 29 2014;12447
Dec 26 2014;12467,5
Dec 25 2014;12467,5
Dec 24 2014;12467,5
Dec 23 2014;12450
Dec 22 2014;12439
Dec 19 2014;12485
Dec 18 2014;12562,5
Dec 17 2014;12657,5
Dec 16 2014;12680
Dec 15 2014;12697,5
Dec 12 2014;12457,5
Dec 11 2014;12348,5
Dec 10 2014;12336,5
Dec 09 2014;12329,5
Dec 08 2014;12348,5
Dec 05 2014;12296,5
Dec 04 2014;12307,5
Dec 03 2014;12298,5
Dec 02 2014;12270
Dec 01 2014;12272,5
Nov 28 2014;12204
Nov 27 2014;12177
Nov 26 2014;12175
Nov 25 2014;12164
Nov 24 2014;12151,5
Nov 21 2014;12148,5
Nov 20 2014;12175
Nov 19 2014;12147,5
Nov 18 2014;12150
Nov 17 2014;12204,5
Nov 14 2014;12211
Nov 13 2014;12202,5
Nov 12 2014;12198,5
Nov 11 2014;12205
Nov 10 2014;12152,5
Nov 07 2014;12172,5
Nov 06 2014;12140
Nov 05 2014;12142,5
Nov 04 2014;12107,5
Nov 03 2014;12107,5
Oct 31 2014;12085
Oct 30 2014;12125
Oct 29 2014;12080
Oct 28 2014;12170
Oct 27 2014;12112,5
Oct 24 2014;12066
Oct 23 2014;12060
Oct 22 2014;12012,5
Oct 21 2014;12000
Oct 20 2014;12032,5
Oct 17 2014;12106,5
Oct 16 2014;12247,5
Oct 15 2014;12225
Oct 14 2014;12207,5
Oct 13 2014;12216
Oct 10 2014;12220
Oct 09 2014;12185
Oct 08 2014;12240
Oct 07 2014;12202,5
Oct 06 2014;12210
Oct 03 2014;12176,5
Oct 02 2014;12150
Oct 01 2014;12127,5
Sep 30 2014;12185
Sep 29 2014;12170
Sep 26 2014;12022,5
Sep 25 2014;11978,5
Sep 24 2014;11952,5
Sep 23 2014;11972,5
Sep 22 2014;11973,5
Sep 19 2014;11967,5
Sep 18 2014;11980
Sep 17 2014;11955
Sep 16 2014;11965
Sep 15 2014;11927,5
Sep 12 2014;11820
Sep 11 2014;11825
Sep 10 2014;11812
Sep 09 2014;11766,5
Sep 08 2014;11729,5
Sep 05 2014;11755
Sep 04 2014;11764
Sep 03 2014;11765
Sep 02 2014;11747,5
Sep 01 2014;11716
Aug 29 2014;11690
Aug 28 2014;11700,5
Aug 27 2014;11681,5
Aug 26 2014;11713
Aug 25 2014;11718
Aug 22 2014;11678,5
Aug 21 2014;11690
Aug 20 2014;11700
Aug 19 2014;11679
Aug 18 2014;11684,5
Aug 15 2014;11675
Aug 14 2014;11672,5
Aug 13 2014;11691
Aug 12 2014;11687,5
Aug 11 2014;11670
Aug 08 2014;11777,5
Aug 07 2014;11795
Aug 06 2014;11750
Aug 05 2014;11697
Aug 04 2014;11758
Aug 01 2014;11800
Jul 31 2014;11577,5
Jul 30 2014;11577,5
Jul 29 2014;11577,5
Jul 28 2014;11577,5
Jul 25 2014;11577,5
Jul 24 2014;11567,5
Jul 23 2014;11500
Jul 22 2014;11605
Jul 21 2014;11570
Jul 18 2014;11615
Jul 17 2014;11685
Jul 16 2014;11695
Jul 15 2014;11735
Jul 14 2014;11661,5
Jul 11 2014;11585
Jul 10 2014;11575
Jul 09 2014;11625
Jul 08 2014;11625
Jul 07 2014;11700
Jul 04 2014;11872,5
Jul 03 2014;11917,5
Jul 02 2014;11910
Jul 01 2014;11855
Jun 30 2014;11855
Jun 27 2014;11995
Jun 26 2014;12099
Jun 25 2014;12090
Jun 24 2014;11987,5
Jun 23 2014;11990
Jun 20 2014;11971,5
Jun 19 2014;11934
Jun 18 2014;11996,5
Jun 17 2014;11892,5
Jun 16 2014;11817,5
Jun 13 2014;11794,5
Jun 12 2014;11788
Jun 11 2014;11810
Jun 10 2014;11810
Jun 09 2014;11775,5
Jun 06 2014;11835
Jun 05 2014;11855
Jun 04 2014;11890
Jun 03 2014;11784
Jun 02 2014;11765
May 30 2014;11675
May 29 2014;11630
May 28 2014;11630
May 27 2014;11577,5
May 26 2014;11577,5
May 23 2014;11610
May 22 2014;11530,5
May 21 2014;11507,5
May 20 2014;11487,5
May 19 2014;11417,5
May 16 2014;11412,5
May 15 2014;11445,5
May 14 2014;11445,5
May 13 2014;11536,5
May 12 2014;11521
May 09 2014;11530
May 08 2014;11560
May 07 2014;11575
May 06 2014;11517
May 05 2014;11517,5
May 02 2014;11522,5
May 01 2014;11561,5
Apr 30 2014;11561,5
Apr 29 2014;11547,5
Apr 28 2014;11580
Apr 25 2014;11564,5
Apr 24 2014;11600
Apr 23 2014;11630
Apr 22 2014;11520
Apr 21 2014;11445
Apr 18 2014;11420
Apr 17 2014;11420
Apr 16 2014;11434,5
Apr 15 2014;11430
Apr 14 2014;11440
Apr 11 2014;11412,5
Apr 10 2014;11354
Apr 09 2014;11288,5
Apr 08 2014;11288,5
Apr 07 2014;11305
Apr 04 2014;11316,5
Apr 03 2014;11321
Apr 02 2014;11292,5
Apr 01 2014;11312,5
Mar 31 2014;11360
Mar 28 2014;11360
Mar 27 2014;11447,5
Mar 26 2014;11410
Mar 25 2014;11392,5
Mar 24 2014;11380
Mar 21 2014;11422,5
Mar 20 2014;11445
Mar 19 2014;11314
Mar 18 2014;11320
Mar 17 2014;11292,5
Mar 14 2014;11355
Mar 13 2014;11382,5
Mar 12 2014;11425
Mar 11 2014;11395
Mar 10 2014;11365
Mar 07 2014;11439,5
Mar 06 2014;11472,5
Mar 05 2014;11581,5
Mar 04 2014;11595
Mar 03 2014;11589,5
Feb 28 2014;11609
Feb 27 2014;11665
Feb 26 2014;11640
Feb 25 2014;11667,5
Feb 24 2014;11647,5
Feb 21 2014;11740
Feb 20 2014;11812,5
Feb 19 2014;11770
Feb 18 2014;11835
Feb 17 2014;11785
Feb 14 2014;11825
Feb 13 2014;11975
Feb 12 2014;12085
Feb 11 2014;12145
Feb 10 2014;12172,5
Feb 07 2014;12160
Feb 06 2014;12185
Feb 05 2014;12192,5
Feb 04 2014;12202,5
Feb 03 2014;12240
Jan 31 2014;12210
Jan 30 2014;12210
Jan 29 2014;12165
Jan 28 2014;12190
Jan 27 2014;12230
Jan 24 2014;12180
Jan 23 2014;12165
Jan 22 2014;12140
Jan 21 2014;12132,5
Jan 20 2014;12110
Jan 17 2014;12090
Jan 16 2014;12117,5
Jan 15 2014;12085
Jan 14 2014;12050
Jan 13 2014;12050
Jan 10 2014;12161,5
Jan 09 2014;12190
Jan 08 2014;12235
Jan 07 2014;12237,5
Jan 06 2014;12180
Jan 03 2014;12170
Jan 02 2014;12160
Jan 01 2014;12170
Dec 31 2013;12170
Dec 30 2013;12210
Dec 27 2013;12260
Dec 26 2013;12200
Dec 25 2013;12200
Dec 24 2013;12200
Dec 23 2013;12192,5
Dec 20 2013;12212,5
Dec 19 2013;12207,5
Dec 18 2013;12165
Dec 17 2013;12122,5
Dec 16 2013;12105
Dec 13 2013;12117,5
Dec 12 2013;12022,5
Dec 11 2013;11990
Dec 10 2013;11985
Dec 09 2013;11972,5
Dec 06 2013;11962,5
Dec 05 2013;11962,5
Dec 04 2013;11985
Dec 03 2013;11885
Dec 02 2013;11770
Nov 29 2013;11962,5
Nov 28 2013;12015
Nov 27 2013;11885
Nov 26 2013;11762,5
Nov 25 2013;11747,5
Nov 22 2013;11695
Nov 21 2013;11702,5
Nov 20 2013;11657,5
Nov 19 2013;11597,5
Nov 18 2013;11632,5
Nov 15 2013;11620
Nov 14 2013;11542,5
Nov 13 2013;11605
Nov 12 2013;11592,5
Nov 11 2013;11560
Nov 08 2013;11410
Nov 07 2013;11390
Nov 06 2013;11407,5
Nov 05 2013;11355
Nov 04 2013;11355
Nov 01 2013;11332,5
Oct 31 2013;11272,5
Oct 30 2013;11175
Oct 29 2013;11102,5
Oct 28 2013;11053
Oct 25 2013;11015
Oct 24 2013;11155
Oct 23 2013;11269
Oct 22 2013;11291,5
Oct 21 2013;11335
Oct 18 2013;11322,5
Oct 17 2013;11330
Oct 16 2013;11365
Oct 15 2013;11365
Oct 14 2013;11365
Oct 11 2013;11365
Oct 10 2013;11490
Oct 09 2013;11532,5
Oct 08 2013;11516
Oct 07 2013;11525
Oct 04 2013;11522,5
Oct 03 2013;11527,5
Oct 02 2013;11530
Oct 01 2013;11505
Sep 30 2013;11580
Sep 27 2013;11537,5
Sep 26 2013;11457,5
Sep 25 2013;11485
Sep 24 2013;11470
Sep 23 2013;11445
Sep 20 2013;11350
Sep 19 2013;11282,5
Sep 18 2013;11475
Sep 17 2013;11445
Sep 16 2013;11377,5
Sep 13 2013;11410
Sep 12 2013;11350
Sep 11 2013;11345
Sep 10 2013;11235
Sep 09 2013;11160
Sep 06 2013;11175
Sep 05 2013;11125
Sep 04 2013;11125
Sep 03 2013;11065
Sep 02 2013;10977,5
Aug 30 2013;10920
Aug 29 2013;10935
Aug 28 2013;10945
Aug 27 2013;10925
Aug 26 2013;10845
Aug 23 2013;10780
Aug 22 2013;10817,5
Aug 21 2013;10775
Aug 20 2013;10685
Aug 19 2013;10490
Aug 16 2013;10385
Aug 15 2013;10350
Aug 14 2013;10292,5
Aug 13 2013;10290
Aug 12 2013;10290
Aug 09 2013;10285
Aug 08 2013;10285
Aug 07 2013;10285
Aug 06 2013;10285
Aug 05 2013;10285
Aug 02 2013;10285
Aug 01 2013;10280
Jul 31 2013;10277,5
Jul 30 2013;10272,5
Jul 29 2013;10272,5
Jul 26 2013;10265
Jul 25 2013;10267,5
Jul 24 2013;10260
Jul 23 2013;10200
Jul 22 2013;10065
Jul 19 2013;10077,5
Jul 18 2013;10060
Jul 17 2013;10045
Jul 16 2013;10035
Jul 15 2013;10017,5
Jul 12 2013;9992,5
Jul 11 2013;9970
Jul 10 2013;9965
Jul 09 2013;9957,5
Jul 08 2013;9955
Jul 05 2013;9942,5
Jul 04 2013;9940
Jul 03 2013;9940
Jul 02 2013;9933
Jul 01 2013;9927,5
Jun 28 2013;9925
Jun 27 2013;9925
Jun 26 2013;9925
Jun 25 2013;9920
Jun 24 2013;9930
Jun 21 2013;9925
Jun 20 2013;9925
Jun 19 2013;9907,5
Jun 18 2013;9905
Jun 17 2013;9887,5
Jun 14 2013;9872,5
Jun 13 2013;9882,5
Jun 12 2013;9860
Jun 11 2013;9825
Jun 10 2013;9812,5
Jun 07 2013;9805
Jun 06 2013;9792,5
Jun 05 2013;9792,5
Jun 04 2013;9800
Jun 03 2013;9805
May 31 2013;9795
May 30 2013;9805
May 29 2013;9802,5
May 28 2013;9792,5
May 27 2013;9790
May 24 2013;9772,5
May 23 2013;9771,5
May 22 2013;9765,5
May 21 2013;9762,5
May 20 2013;9757,5
May 17 2013;9755,5
May 16 2013;9750
May 15 2013;9747,5
May 14 2013;9737,5
May 13 2013;9737,5
May 10 2013;9734
May 09 2013;9730
May 08 2013;9730
May 07 2013;9734,5
May 06 2013;9734,5
May 03 2013;9734,5
May 02 2013;9737
May 01 2013;9722,5
Apr 30 2013;9722,5
Apr 29 2013;9720,5
Apr 26 2013;9720,5
Apr 25 2013;9718
Apr 24 2013;9717,5
Apr 23 2013;9723,5
Apr 22 2013;9717,5
Apr 19 2013;9712,5
Apr 18 2013;9714,5
Apr 17 2013;9710
Apr 16 2013;9717
Apr 15 2013;9712
Apr 12 2013;9712,5
Apr 11 2013;9703
Apr 10 2013;9690
Apr 09 2013;9720
Apr 08 2013;9748,5
Apr 05 2013;9747
Apr 04 2013;9749
Apr 03 2013;9747
Apr 02 2013;9737
Apr 01 2013;9737,5
Mar 29 2013;9717,5
Mar 28 2013;9717,5
Mar 27 2013;9724,5
Mar 26 2013;9731,5
Mar 25 2013;9734
Mar 22 2013;9742,5
Mar 21 2013;9733
Mar 20 2013;9724
Mar 19 2013;9712
Mar 18 2013;9711
Mar 15 2013;9704,5
Mar 14 2013;9702,5
Mar 13 2013;9690,5
Mar 12 2013;9697
Mar 11 2013;9697
Mar 08 2013;9684,5
Mar 07 2013;9692,5
Mar 06 2013;9687,5
Mar 05 2013;9692,5
Mar 04 2013;9706
Mar 01 2013;9677,5
Feb 28 2013;9663,5
Feb 27 2013;9685,5
Feb 26 2013;9707
Feb 25 2013;9705
Feb 22 2013;9709
Feb 21 2013;9702,5
Feb 20 2013;9683
Feb 19 2013;9702,5
Feb 18 2013;9680,5
Feb 15 2013;9669,5
Feb 14 2013;9659,5
Feb 13 2013;9646,5
Feb 12 2013;9645,5
Feb 11 2013;9620
Feb 08 2013;9667
Feb 07 2013;9692,5
Feb 06 2013;9710
Feb 05 2013;9675,5
Feb 04 2013;9670,5
Feb 01 2013;9712,5
Jan 31 2013;9697,5
Jan 30 2013;9687,5
Jan 29 2013;9677,5
Jan 28 2013;9677,5
Jan 25 2013;9652,5
Jan 24 2013;9625
Jan 23 2013;9625
Jan 22 2013;9620
Jan 21 2013;9617,5
Jan 18 2013;9630
Jan 17 2013;9649,5
Jan 16 2013;9655
Jan 15 2013;9650
Jan 14 2013;9635
Jan 11 2013;9635
Jan 10 2013;9660
Jan 09 2013;9660
Jan 08 2013;9670
Jan 07 2013;9667,5
Jan 04 2013;9660
Jan 03 2013;9655
Jan 02 2013;9650
Jan 01 2013;9637,5
Dec 31 2012;9637,5
Dec 28 2012;9637,5
Dec 27 2012;9662,5
Dec 26 2012;9657,5
Dec 25 2012;9657,5
Dec 24 2012;9657,5
Dec 21 2012;9657,5
Dec 20 2012;9652,5
Dec 19 2012;9650
Dec 18 2012;9643,5
Dec 17 2012;9640
Dec 14 2012;9637,5
Dec 13 2012;9635
Dec 12 2012;9630
Dec 11 2012;9635
Dec 10 2012;9630
Dec 07 2012;9620
Dec 06 2012;9610
Dec 05 2012;9600
Dec 04 2012;9600
Dec 03 2012;9595
Nov 30 2012;9593,5
Nov 29 2012;9600
Nov 28 2012;9600
Nov 27 2012;9600
Nov 26 2012;9600
Nov 23 2012;9612,5
Nov 22 2012;9627,5
Nov 21 2012;9635,5
Nov 20 2012;9633
Nov 19 2012;9630
Nov 16 2012;9625
Nov 15 2012;9625
Nov 14 2012;9625
Nov 13 2012;9625
Nov 12 2012;9620
Nov 09 2012;9620
Nov 08 2012;9630
Nov 07 2012;9605
Nov 06 2012;9620
Nov 05 2012;9620
Nov 02 2012;9615
Nov 01 2012;9620
Oct 31 2012;9605
Oct 30 2012;9615
Oct 29 2012;9605
Oct 26 2012;9605
Oct 25 2012;9605
Oct 24 2012;9610
Oct 23 2012;9607,5
Oct 22 2012;9605
Oct 19 2012;9592,5
Oct 18 2012;9588
Oct 17 2012;9574
Oct 16 2012;9585
Oct 15 2012;9590
Oct 12 2012;9577,5
Oct 11 2012;9582,5
Oct 10 2012;9592
Oct 09 2012;9592
Oct 08 2012;9591
Oct 05 2012;9589
Oct 04 2012;9590
Oct 03 2012;9585
Oct 02 2012;9580
Oct 01 2012;9580
Sep 28 2012;9570
Sep 27 2012;9575
Sep 26 2012;9585
Sep 25 2012;9575
Sep 24 2012;9562,5
Sep 21 2012;9545
Sep 20 2012;9540
Sep 19 2012;9537,5
Sep 18 2012;9502,5
Sep 17 2012;9462,5
Sep 14 2012;9505
Sep 13 2012;9577,5
Sep 12 2012;9568
Sep 11 2012;9577,5
Sep 10 2012;9577
Sep 07 2012;9570
Sep 06 2012;9565
Sep 05 2012;9570
Sep 04 2012;9571
Sep 03 2012;9535
Aug 31 2012;9535
Aug 30 2012;9545
Aug 29 2012;9547,5
Aug 28 2012;9535
Aug 27 2012;9515
Aug 24 2012;9505
Aug 23 2012;9494
Aug 22 2012;9490
Aug 21 2012;9490
Aug 20 2012;9490
Aug 17 2012;9490
Aug 16 2012;9490
Aug 15 2012;9497,5
Aug 14 2012;9482,5
Aug 13 2012;9485
Aug 10 2012;9477,5
Aug 09 2012;9471,5
Aug 08 2012;9470,5
Aug 07 2012;9467,5
Aug 06 2012;9465
Aug 03 2012;9467,5
Aug 02 2012;9467,5
Aug 01 2012;9442,5
Jul 31 2012;9445
Jul 30 2012;9455
Jul 27 2012;9455
Jul 26 2012;9477,5
Jul 25 2012;9482,5
Jul 24 2012;9467,5
Jul 23 2012;9455
Jul 20 2012;9450
Jul 19 2012;9447,5
Jul 18 2012;9450
Jul 17 2012;9440
Jul 16 2012;9450
Jul 13 2012;9447,5
Jul 12 2012;9445
Jul 11 2012;9415
Jul 10 2012;9430
Jul 09 2012;9410
Jul 06 2012;9442
Jul 05 2012;9384
Jul 04 2012;9342,5
Jul 03 2012;9324
Jul 02 2012;9395
Jun 29 2012;9392,5
Jun 28 2012;9445
Jun 27 2012;9445
Jun 26 2012;9440
Jun 25 2012;9440
Jun 22 2012;9437,5
Jun 21 2012;9430
Jun 20 2012;9420
Jun 19 2012;9405
Jun 18 2012;9387,5
Jun 15 2012;9385
Jun 14 2012;9420
Jun 13 2012;9420
Jun 12 2012;9405
Jun 11 2012;9405
Jun 08 2012;9385
Jun 07 2012;9370
Jun 06 2012;9300
Jun 05 2012;9402,5
Jun 04 2012;9400
Jun 01 2012;9387,5
May 31 2012;9400
May 30 2012;9435
May 29 2012;9395
May 28 2012;9330
May 25 2012;9287,5
May 24 2012;9265
May 23 2012;9260
May 22 2012;9227,5
May 21 2012;9250
May 18 2012;9242
May 17 2012;9242
May 16 2012;9242
May 15 2012;9240
May 14 2012;9235
May 11 2012;9190
May 10 2012;9180
May 09 2012;9230
May 08 2012;9195
May 07 2012;9195
May 04 2012;9190
May 03 2012;9190
May 02 2012;9198
May 01 2012;9192,5
Apr 30 2012;9190,5
Apr 27 2012;9189
Apr 26 2012;9185
Apr 25 2012;9197,5
Apr 24 2012;9192,5
Apr 23 2012;9186,5
Apr 20 2012;9183,5
Apr 19 2012;9179
Apr 18 2012;9177,5
Apr 17 2012;9180
Apr 16 2012;9175
Apr 13 2012;9140
Apr 12 2012;9162,5
Apr 11 2012;9152,5
Apr 10 2012;9150
Apr 09 2012;9150
Apr 06 2012;9110
Apr 05 2012;9110
Apr 04 2012;9140
Apr 03 2012;9130
Apr 02 2012;9140
Mar 30 2012;9144
Mar 29 2012;9165
Mar 28 2012;9147,5
Mar 27 2012;9157,5
Mar 26 2012;9175
Mar 23 2012;9157,5
Mar 22 2012;9157,5
Mar 21 2012;9145
Mar 20 2012;9155
Mar 19 2012;9125
Mar 16 2012;9130
Mar 15 2012;9167,5
Mar 14 2012;9170
Mar 13 2012;9165
Mar 12 2012;9157,5
Mar 09 2012;9132,5
Mar 08 2012;9135
Mar 07 2012;9110
Mar 06 2012;9137,5
Mar 05 2012;9122,5
Mar 02 2012;9080
Mar 01 2012;9080
Feb 29 2012;9020
Feb 28 2012;9030
Feb 27 2012;9125
Feb 24 2012;9045
Feb 23 2012;9045
Feb 22 2012;9050
Feb 21 2012;9040
Feb 20 2012;9000
Feb 17 2012;9000
Feb 16 2012;9005
Feb 15 2012;8955
Feb 14 2012;9005
Feb 13 2012;9000
Feb 10 2012;8985
Feb 09 2012;8945
Feb 08 2012;8880
Feb 07 2012;8942,5
Feb 06 2012;8985
Feb 03 2012;8970
Feb 02 2012;8940
Feb 01 2012;8982,5
Jan 31 2012;8990
Jan 30 2012;8990
Jan 27 2012;8972,5
Jan 26 2012;8965
Jan 25 2012;8890
Jan 24 2012;9002,5
Jan 23 2012;8945
Jan 20 2012;8945
Jan 19 2012;8970
Jan 18 2012;9030
Jan 17 2012;9085
Jan 16 2012;9130
Jan 13 2012;9080
Jan 12 2012;9160
Jan 11 2012;9160
Jan 10 2012;9155
Jan 09 2012;9150
Jan 06 2012;9095
Jan 05 2012;9125
Jan 04 2012;9145
Jan 03 2012;9135
Jan 02 2012;9080
Dec 30 2011;9067,5
Dec 29 2011;9072,5
Dec 28 2011;9072,5
Dec 27 2011;9075
Dec 26 2011;9055
Dec 23 2011;9055
Dec 22 2011;9065
Dec 21 2011;9070
Dec 20 2011;9080
Dec 19 2011;9065
Dec 16 2011;9035
Dec 15 2011;9090
Dec 14 2011;9085
Dec 13 2011;9070
Dec 12 2011;9050
Dec 09 2011;9050
Dec 08 2011;8995
Dec 07 2011;9035
Dec 06 2011;9035
Dec 05 2011;9035
Dec 02 2011;9015
Dec 01 2011;8995
Nov 30 2011;9110
Nov 29 2011;9155
Nov 28 2011;9115
Nov 25 2011;9055
Nov 24 2011;8990
Nov 23 2011;9045
Nov 22 2011;9045
Nov 21 2011;9025
Nov 18 2011;9020
Nov 17 2011;9000
Nov 16 2011;8993,5
Nov 15 2011;8995
Nov 14 2011;8965
Nov 11 2011;8968
Nov 10 2011;8970
Nov 09 2011;8890
Nov 08 2011;8920
Nov 07 2011;8955
Nov 04 2011;8950
Nov 03 2011;8970
Nov 02 2011;8930
Nov 01 2011;8893,5
Oct 31 2011;8852,5
Oct 28 2011;8790
Oct 27 2011;8865
Oct 26 2011;8873
Oct 25 2011;8850
Oct 24 2011;8840
Oct 21 2011;8860
Oct 20 2011;8825
Oct 19 2011;8800
Oct 18 2011;8817,5
Oct 17 2011;8817,5
Oct 14 2011;8846
Oct 13 2011;8870
Oct 12 2011;8927,5
Oct 11 2011;8912,5
Oct 10 2011;8892,5
Oct 07 2011;8897,5
Oct 06 2011;8905
Oct 05 2011;8910
Oct 04 2011;8905
Oct 03 2011;8897,5
Sep 30 2011;8790
Sep 29 2011;8855
Sep 28 2011;8890
Sep 27 2011;8905
Sep 26 2011;9060
Sep 23 2011;8780
Sep 22 2011;8762,5
Sep 21 2011;8870
Sep 20 2011;8840
Sep 19 2011;8850
Sep 16 2011;8765
Sep 15 2011;8770
Sep 14 2011;8720
Sep 13 2011;8635
Sep 12 2011;8600
Sep 09 2011;8570
Sep 08 2011;8568
Sep 07 2011;8555
Sep 06 2011;8553
Sep 05 2011;8540
Sep 02 2011;8533
Sep 01 2011;8533
Aug 31 2011;8533
Aug 30 2011;8533
Aug 29 2011;8533
Aug 26 2011;8533
Aug 25 2011;8580
Aug 24 2011;8548
Aug 23 2011;8537,5
Aug 22 2011;8542,5
Aug 19 2011;8550
Aug 18 2011;8535
Aug 17 2011;8530
Aug 16 2011;8530
Aug 15 2011;8536
Aug 12 2011;8543
Aug 11 2011;8535
Aug 10 2011;8525
Aug 09 2011;8544
Aug 08 2011;8505
Aug 05 2011;8515
Aug 04 2011;8499
Aug 03 2011;8480
Aug 02 2011;8467,5
Aug 01 2011;8460
Jul 29 2011;8500
Jul 28 2011;8499
Jul 27 2011;8487,5
Jul 26 2011;8505
Jul 25 2011;8523
Jul 22 2011;8527
Jul 21 2011;8534
Jul 20 2011;8535
Jul 19 2011;8547,5
Jul 18 2011;8558
Jul 15 2011;8534
Jul 14 2011;8532
Jul 13 2011;8547,5
Jul 12 2011;8567
Jul 11 2011;8526
Jul 08 2011;8512,5
Jul 07 2011;8533,5
Jul 06 2011;8540
Jul 05 2011;8537,5
Jul 04 2011;8522,5
Jul 01 2011;8545,5
Jun 30 2011;8576,5
Jun 29 2011;8617
Jun 28 2011;8617
Jun 27 2011;8620
Jun 24 2011;8600
Jun 23 2011;8600
Jun 22 2011;8589,5
Jun 21 2011;8597
Jun 20 2011;8615
Jun 17 2011;8583
Jun 16 2011;8588
Jun 15 2011;8547,5
Jun 14 2011;8534
Jun 13 2011;8539,5
Jun 10 2011;8517,5
Jun 09 2011;8520
Jun 08 2011;8516,5
Jun 07 2011;8515,5
Jun 06 2011;8507,5
Jun 03 2011;8520,5
Jun 02 2011;8545
Jun 01 2011;8535,5
May 31 2011;8535,5
May 30 2011;8544,5
May 27 2011;8560
May 26 2011;8577
May 25 2011;8592
May 24 2011;8567
May 23 2011;8574,5
May 20 2011;8537,5
May 19 2011;8552,5
May 18 2011;8559,5
May 17 2011;8572,5
May 16 2011;8572,5
May 13 2011;8542,5
May 12 2011;8567,5
May 11 2011;8526,5
May 10 2011;8557,5
May 09 2011;8553,5
May 06 2011;8577,5
May 05 2011;8566
May 04 2011;8551
May 03 2011;8542,5
May 02 2011;8547,5
Apr 29 2011;8564
Apr 28 2011;8582,5
Apr 27 2011;8627,5
Apr 26 2011;8652,5
Apr 25 2011;8622,5
Apr 22 2011;8627,5
Apr 21 2011;8627,5
Apr 20 2011;8650
Apr 19 2011;8676
Apr 18 2011;8673,5
Apr 15 2011;8662,5
Apr 14 2011;8665,5
Apr 13 2011;8656,5
Apr 12 2011;8657,5
Apr 11 2011;8653,5
Apr 08 2011;8654
Apr 07 2011;8677,5
Apr 06 2011;8653,5
Apr 05 2011;8662,5
Apr 04 2011;8662,5
Apr 01 2011;8699,5
Mar 31 2011;8707,5
Mar 30 2011;8719
Mar 29 2011;8722,5
Mar 28 2011;8714,5
Mar 25 2011;8713,5
Mar 24 2011;8717
Mar 23 2011;8721,5
Mar 22 2011;8723,5
Mar 21 2011;8723,5
Mar 18 2011;8770
Mar 17 2011;8780
Mar 16 2011;8775
Mar 15 2011;8776
Mar 14 2011;8762,5
Mar 11 2011;8777
Mar 10 2011;8783,5
Mar 09 2011;8783,5
Mar 08 2011;8788
Mar 07 2011;8786
Mar 04 2011;8790,5
Mar 03 2011;8805,5
Mar 02 2011;8812,5
Mar 01 2011;8812,5
Feb 28 2011;8821,5
Feb 25 2011;8841,5
Feb 24 2011;8870
Feb 23 2011;8854,5
Feb 22 2011;8877
Feb 21 2011;8857,5
Feb 18 2011;8857,5
Feb 17 2011;8887,5
Feb 16 2011;8895
Feb 15 2011;8914,5
Feb 14 2011;8914,5
Feb 11 2011;8933,5
Feb 10 2011;8927,5
Feb 09 2011;8930
Feb 08 2011;8925
Feb 07 2011;8955
Feb 04 2011;8992,5
Feb 03 2011;9021
Feb 02 2011;9021
Feb 01 2011;9037,5
Jan 31 2011;9048
Jan 28 2011;9028
Jan 27 2011;9027
Jan 26 2011;9033
Jan 25 2011;9036,5
Jan 24 2011;9063
Jan 21 2011;9062
Jan 20 2011;9060
Jan 19 2011;9050
Jan 18 2011;9054
Jan 17 2011;9060
Jan 14 2011;9052
Jan 13 2011;9050
Jan 12 2011;9030
Jan 11 2011;9044
Jan 10 2011;9051
Jan 07 2011;9027,5
Jan 06 2011;8997,5
Jan 05 2011;8984
Jan 04 2011;8986
Jan 03 2011;8990
Dec 31 2010;9010
Dec 30 2010;8995
Dec 29 2010;9001,5
Dec 28 2010;9017,5
Dec 27 2010;9038
Dec 24 2010;9042
Dec 23 2010;9042
Dec 22 2010;9042
Dec 21 2010;9042
Dec 20 2010;9043
Dec 17 2010;9034,5
Dec 16 2010;9034,5
Dec 15 2010;9022,5
Dec 14 2010;9009,5
Dec 13 2010;9016,5
Dec 10 2010;9022
Dec 09 2010;9015,5
Dec 08 2010;9020
Dec 07 2010;9010
Dec 06 2010;9010
Dec 03 2010;9017,5
Dec 02 2010;9015,5
Dec 01 2010;9018,5
Nov 30 2010;9034
Nov 29 2010;9015,5
Nov 26 2010;9005
Nov 25 2010;8967,5
Nov 24 2010;8962,5
Nov 23 2010;8972,5
Nov 22 2010;8929,5
Nov 19 2010;8931,5
Nov 18 2010;8942,5
Nov 17 2010;8945,5
Nov 16 2010;8945,5
Nov 15 2010;8967,5
Nov 12 2010;8924,5
Nov 11 2010;8897,5
Nov 10 2010;8889
Nov 09 2010;8903,5
Nov 08 2010;8904,5
Nov 05 2010;8905
Nov 04 2010;8910
Nov 03 2010;8922
Nov 02 2010;8924
Nov 01 2010;8923
Oct 29 2010;8937,5
Oct 28 2010;8934
Oct 27 2010;8943
Oct 26 2010;8913,5
Oct 25 2010;8907,5
Oct 22 2010;8937
Oct 21 2010;8929
Oct 20 2010;8932,5
Oct 19 2010;8926
Oct 18 2010;8933
Oct 15 2010;8922,5
Oct 14 2010;8922,5
Oct 13 2010;8923
Oct 12 2010;8940
Oct 11 2010;8922,5
Oct 08 2010;8932,5
Oct 07 2010;8922,5
Oct 06 2010;8923
Oct 05 2010;8934,5
Oct 04 2010;8926,5
Oct 01 2010;8922,5
Sep 30 2010;8925
Sep 29 2010;8934,5
Sep 28 2010;8953,5
Sep 27 2010;8949,5
Sep 24 2010;8953,5
Sep 23 2010;8959
Sep 22 2010;8957,5
Sep 21 2010;8968
Sep 20 2010;8978
Sep 17 2010;8987
Sep 16 2010;8978
Sep 15 2010;8988
Sep 14 2010;8976
Sep 13 2010;9000
Sep 10 2010;9000
Sep 09 2010;9000
Sep 08 2010;9000
Sep 07 2010;9017
Sep 06 2010;9002
Sep 03 2010;9004
Sep 02 2010;9010,5
Sep 01 2010;9012,5
Aug 31 2010;9035
Aug 30 2010;9014,5
Aug 27 2010;9015
Aug 26 2010;8987,5
Aug 25 2010;8976
Aug 24 2010;8977,5
Aug 23 2010;8967
Aug 20 2010;8972,5
Aug 19 2010;8962,5
Aug 18 2010;8970,5
Aug 17 2010;8980
Aug 16 2010;8980
Aug 13 2010;8970
Aug 12 2010;9010
Aug 11 2010;8973
Aug 10 2010;8955
Aug 09 2010;8933,5
Aug 06 2010;8938
Aug 05 2010;8937,5
Aug 04 2010;8945
Aug 03 2010;8938,5
Aug 02 2010;8945
Jul 30 2010;8940
Jul 29 2010;8977,5
Jul 28 2010;9004
Jul 27 2010;9015
Jul 26 2010;9030
Jul 23 2010;9040
Jul 22 2010;9050
Jul 21 2010;9070
Jul 20 2010;9045
Jul 19 2010;9060
Jul 16 2010;9042
Jul 15 2010;9052,5
Jul 14 2010;9048
Jul 13 2010;9050
Jul 12 2010;9047
Jul 09 2010;9045
Jul 08 2010;9065
Jul 07 2010;9070
Jul 06 2010;9060
Jul 05 2010;9060
Jul 02 2010;9055
Jul 01 2010;9072
Jun 30 2010;9060
Jun 29 2010;9055
Jun 28 2010;9020
Jun 25 2010;9055
Jun 24 2010;9047,5
Jun 23 2010;9030
Jun 22 2010;9022,5
Jun 21 2010;9015
Jun 18 2010;9091
Jun 17 2010;9153
Jun 16 2010;9152
Jun 15 2010;9172,5
Jun 14 2010;9165
Jun 11 2010;9200
Jun 10 2010;9227,5
Jun 09 2010;9250
Jun 08 2010;9250
Jun 07 2010;9250
Jun 04 2010;9180
Jun 03 2010;9190
Jun 02 2010;9220
Jun 01 2010;9217,5
May 31 2010;9175
May 28 2010;9260
May 27 2010;9260
May 26 2010;9320
May 25 2010;9360
May 24 2010;9260
May 21 2010;9270
May 20 2010;9250
May 19 2010;9160
May 18 2010;9105
May 17 2010;9130
May 14 2010;9094
May 13 2010;9085
May 12 2010;9085
May 11 2010;9095
May 10 2010;9075
May 07 2010;9190
May 06 2010;9200
May 05 2010;9090
May 04 2010;9025
May 03 2010;9025
Apr 30 2010;9012,5
Apr 29 2010;9019,5
Apr 28 2010;9041
Apr 27 2010;9007
Apr 26 2010;9007,5
Apr 23 2010;9011
Apr 22 2010;9013,5
Apr 21 2010;9017
Apr 20 2010;9005
Apr 19 2010;9042
Apr 16 2010;9007,5
Apr 15 2010;9002,5
Apr 14 2010;9007,5
Apr 13 2010;9025
Apr 12 2010;9020
Apr 09 2010;9027,5
Apr 08 2010;9060
Apr 07 2010;9047,5
Apr 06 2010;9045
Apr 05 2010;9057
Apr 02 2010;9065
Apr 01 2010;9071,5
Mar 31 2010;9090
Mar 30 2010;9105
Mar 29 2010;9090
Mar 26 2010;9120
Mar 25 2010;9130
Mar 24 2010;9127,5
Mar 23 2010;9115
Mar 22 2010;9120
Mar 19 2010;9171,5
Mar 18 2010;9125
Mar 17 2010;9110
Mar 16 2010;9160
Mar 15 2010;9165
Mar 12 2010;9152,5
Mar 11 2010;9190
Mar 10 2010;9170
Mar 09 2010;9195
Mar 08 2010;9175
Mar 05 2010;9235
Mar 04 2010;9265
Mar 03 2010;9275
Mar 02 2010;9290
Mar 01 2010;9260
Feb 26 2010;9337
Feb 25 2010;9335
Feb 24 2010;9305
Feb 23 2010;9315
Feb 22 2010;9290
Feb 19 2010;9340
Feb 18 2010;9295
Feb 17 2010;9270
Feb 16 2010;9310
Feb 15 2010;9350
Feb 12 2010;9340
Feb 11 2010;9370
Feb 10 2010;9360
Feb 09 2010;9380
Feb 08 2010;9395
Feb 05 2010;9385
Feb 04 2010;9320
Feb 03 2010;9292,5
Feb 02 2010;9360
Feb 01 2010;9385
Jan 29 2010;9350
Jan 28 2010;9325
Jan 27 2010;9400
Jan 26 2010;9380
Jan 25 2010;9320
Jan 22 2010;9315
Jan 21 2010;9285
Jan 20 2010;9295
Jan 19 2010;9230
Jan 18 2010;9225
Jan 15 2010;9190
Jan 14 2010;9165
Jan 13 2010;9185
Jan 12 2010;9175
Jan 11 2010;9152,5
Jan 08 2010;9215
Jan 07 2010;9240
Jan 06 2010;9245
Jan 05 2010;9320
Jan 04 2010;9345
Jan 01 2010;9425
Dec 31 2009;9425
Dec 30 2009;9435
Dec 29 2009;9434,5
Dec 28 2009;9440
Dec 25 2009;9475
Dec 24 2009;9475
Dec 23 2009;9500
Dec 22 2009;9490
Dec 21 2009;9500
Dec 18 2009;9475
Dec 17 2009;9475
Dec 16 2009;9465
Dec 15 2009;9450
Dec 14 2009;9450
Dec 11 2009;9440
Dec 10 2009;9437
Dec 09 2009;9430
Dec 08 2009;9440
Dec 07 2009;9435
Dec 04 2009;9415
Dec 03 2009;9418
Dec 02 2009;9435
Dec 01 2009;9445
Nov 30 2009;9455
Nov 27 2009;9415
Nov 26 2009;9415
Nov 25 2009;9390
Nov 24 2009;9480
Nov 23 2009;9455
Nov 20 2009;9465
Nov 19 2009;9540
Nov 18 2009;9395
Nov 17 2009;9385
Nov 16 2009;9390
Nov 13 2009;9375
Nov 12 2009;9410
Nov 11 2009;9390
Nov 10 2009;9415
Nov 09 2009;9410
Nov 06 2009;9460
Nov 05 2009;9510
Nov 04 2009;9510
Nov 03 2009;9575
Nov 02 2009;9560
Oct 30 2009;9550
Oct 29 2009;9590
Oct 28 2009;9610
Oct 27 2009;9535
Oct 26 2009;9485
Oct 23 2009;9430
Oct 22 2009;9490
Oct 21 2009;9420
Oct 20 2009;9395
Oct 19 2009;9400
Oct 16 2009;9395
Oct 15 2009;9335
Oct 14 2009;9370
Oct 13 2009;9450
Oct 12 2009;9475
Oct 09 2009;9455
Oct 08 2009;9440
Oct 07 2009;9425
Oct 06 2009;9444
Oct 05 2009;9552
Oct 02 2009;9640
Oct 01 2009;9625
Sep 30 2009;9645
Sep 29 2009;9692,5
Sep 28 2009;9705
Sep 25 2009;9655
Sep 24 2009;9652,5
Sep 23 2009;9700
Sep 22 2009;9700
Sep 21 2009;9705
Sep 18 2009;9700
Sep 17 2009;9695
Sep 16 2009;9690
Sep 15 2009;9892,5
Sep 14 2009;9940
Sep 11 2009;9915
Sep 10 2009;9932,5
Sep 09 2009;9925
Sep 08 2009;9990
Sep 07 2009;10060
Sep 04 2009;10115
Sep 03 2009;10110
Sep 02 2009;10185
Sep 01 2009;10075
Aug 31 2009;10080
Aug 28 2009;10050
Aug 27 2009;10065
Aug 26 2009;10025
Aug 25 2009;10000
Aug 24 2009;9995
Aug 21 2009;10015
Aug 20 2009;10035
Aug 19 2009;10070
Aug 18 2009;9970
Aug 17 2009;9930
Aug 14 2009;9930
Aug 13 2009;9927,5
Aug 12 2009;9955
Aug 11 2009;9920
Aug 10 2009;9905
Aug 07 2009;9900
Aug 06 2009;9885
Aug 05 2009;9880
Aug 04 2009;9865
Aug 03 2009;9900
Jul 31 2009;9925
Jul 30 2009;9990
Jul 29 2009;9955
Jul 28 2009;9925
Jul 27 2009;9965
Jul 24 2009;9990
Jul 23 2009;10033
Jul 22 2009;10070
Jul 21 2009;10050
Jul 20 2009;10155
Jul 17 2009;10155
Jul 16 2009;10095
Jul 15 2009;10122
Jul 14 2009;10185
Jul 13 2009;10200
Jul 10 2009;10142,5
Jul 09 2009;10142,5
Jul 08 2009;10200
Jul 07 2009;10200
Jul 06 2009;10212,5
Jul 03 2009;10190
Jul 02 2009;10185
Jul 01 2009;10190
Jun 30 2009;10207,5
Jun 29 2009;10235
Jun 26 2009;10230
Jun 25 2009;10260
Jun 24 2009;10350
Jun 23 2009;10365
Jun 22 2009;10345
Jun 19 2009;10310
Jun 18 2009;10280
Jun 17 2009;10215
Jun 16 2009;10180
Jun 15 2009;10120
Jun 12 2009;10065
Jun 11 2009;10090
Jun 10 2009;10022,5
Jun 09 2009;10060
Jun 08 2009;10025
Jun 05 2009;9940
Jun 04 2009;10080
Jun 03 2009;10115
Jun 02 2009;10260
Jun 01 2009;10235
May 29 2009;10290
May 28 2009;10325
May 27 2009;10310
May 26 2009;10335
May 25 2009;10285
May 22 2009;10270
May 21 2009;10345
May 20 2009;10345
May 19 2009;10320
May 18 2009;10405
May 15 2009;10400
May 14 2009;10375
May 13 2009;10340
May 12 2009;10340
May 11 2009;10330
May 08 2009;10375
May 07 2009;10370
May 06 2009;10435
May 05 2009;10410
May 04 2009;10500
May 01 2009;10610
Apr 30 2009;10585
Apr 29 2009;10825
Apr 28 2009;10835
Apr 27 2009;10820
Apr 24 2009;10790
Apr 23 2009;10885
Apr 22 2009;10855
Apr 21 2009;10825
Apr 20 2009;10720
Apr 17 2009;10705
Apr 16 2009;10725
Apr 15 2009;10895
Apr 14 2009;10920
Apr 13 2009;11110
Apr 10 2009;11320
Apr 09 2009;11320
Apr 08 2009;11320
Apr 07 2009;11320
Apr 06 2009;11280
Apr 03 2009;11465
Apr 02 2009;11490
Apr 01 2009;11565
Mar 31 2009;11555
Mar 30 2009;11555
Mar 27 2009;11485
Mar 26 2009;11530
Mar 25 2009;11530
Mar 24 2009;11465
Mar 23 2009;11565
Mar 20 2009;11755
Mar 19 2009;11895
Mar 18 2009;11970
Mar 17 2009;11965
Mar 16 2009;11955
Mar 13 2009;11980
Mar 12 2009;11985
Mar 11 2009;11977,5
Mar 10 2009;11980
Mar 09 2009;12010
Mar 06 2009;12010
Mar 05 2009;12020
Mar 04 2009;12020
Mar 03 2009;11995
Mar 02 2009;11992,5
Feb 27 2009;11980
Feb 26 2009;11975
Feb 25 2009;11945
Feb 24 2009;11930
Feb 23 2009;11910
Feb 20 2009;11960
Feb 19 2009;11970
Feb 18 2009;11920
Feb 17 2009;11900
Feb 16 2009;11825
Feb 13 2009;11770
Feb 12 2009;11780
Feb 11 2009;11760
Feb 10 2009;11710
Feb 09 2009;11675
Feb 06 2009;11680
Feb 05 2009;11675
Feb 04 2009;11745
Feb 03 2009;11675
Feb 02 2009;11775
Jan 30 2009;11380
Jan 29 2009;11315
Jan 28 2009;11310
Jan 27 2009;11300
Jan 26 2009;11170
Jan 23 2009;11170
Jan 22 2009;11225
Jan 21 2009;11200
Jan 20 2009;11150
Jan 19 2009;11137,5
Jan 16 2009;11120
Jan 15 2009;11125
Jan 14 2009;11100
Jan 13 2009;11125
Jan 12 2009;11062,5
Jan 09 2009;10900
Jan 08 2009;10950
Jan 07 2009;10750
Jan 06 2009;10950
Jan 05 2009;10925
Jan 02 2009;10900
Jan 01 2009;10900
Dec 31 2008;10900
Dec 30 2008;10950
Dec 29 2008;11100
Dec 26 2008;11100
Dec 25 2008;10950
Dec 24 2008;10950
Dec 23 2008;11075
Dec 22 2008;11030
Dec 19 2008;10950
Dec 18 2008;10960
Dec 17 2008;10987,5
Dec 16 2008;11050
Dec 15 2008;11075
Dec 12 2008;11050
Dec 11 2008;11000
Dec 10 2008;10912,5
Dec 09 2008;10920
Dec 08 2008;11650
Dec 05 2008;11650
Dec 04 2008;11825
Dec 03 2008;11950
Dec 02 2008;12050
Dec 01 2008;12200
Nov 28 2008;12025
Nov 27 2008;12012,5
Nov 26 2008;12075
Nov 25 2008;12150
Nov 24 2008;12100
Nov 21 2008;12050
Nov 20 2008;12050
Nov 19 2008;11900
Nov 18 2008;11850
Nov 17 2008;11750
Nov 14 2008;11575
Nov 13 2008;11625
Nov 12 2008;11550
Nov 11 2008;11150
Nov 10 2008;10925
Nov 07 2008;10900
Nov 06 2008;10897,5
Nov 05 2008;10900
Nov 04 2008;10900
Nov 03 2008;10950
Oct 31 2008;10900
Oct 30 2008;10675
Oct 29 2008;10780
Oct 28 2008;10800
Oct 27 2008;10799,5
Oct 24 2008;10007,5
Oct 23 2008;9945
Oct 22 2008;9900
Oct 21 2008;9830
Oct 20 2008;9815
Oct 17 2008;9802,5
Oct 16 2008;9865
Oct 15 2008;9780
Oct 14 2008;9745
Oct 13 2008;9820
Oct 10 2008;9867,5
Oct 09 2008;9595
Oct 08 2008;9600
Oct 07 2008;9565
Oct 06 2008;9570
Oct 03 2008;9430
Oct 02 2008;9430
Oct 01 2008;9430
Sep 30 2008;9415
Sep 29 2008;9430
Sep 26 2008;9385
Sep 25 2008;9372,5
Sep 24 2008;9335
Sep 23 2008;9325
Sep 22 2008;9290
Sep 19 2008;9375
Sep 18 2008;9405
Sep 17 2008;9400
Sep 16 2008;9455
Sep 15 2008;9450
Sep 12 2008;9430
Sep 11 2008;9425
Sep 10 2008;9330
Sep 09 2008;9320
Sep 08 2008;9299
Sep 05 2008;9375
Sep 04 2008;9211
Sep 03 2008;9207
Sep 02 2008;9210
Sep 01 2008;9160
Aug 29 2008;9150
Aug 28 2008;9145
Aug 27 2008;9160
Aug 26 2008;9175
Aug 25 2008;9160
Aug 22 2008;9140
Aug 21 2008;9151
Aug 20 2008;9160
Aug 19 2008;9188
Aug 18 2008;9165
Aug 15 2008;9190
Aug 14 2008;9180,5
Aug 13 2008;9180
Aug 12 2008;9170
Aug 11 2008;9175
Aug 08 2008;9170
Aug 07 2008;9100
Aug 06 2008;9072,5
Aug 05 2008;9078
Aug 04 2008;9087
Aug 01 2008;9096
Jul 31 2008;9095
Jul 30 2008;9120
Jul 29 2008;9123
Jul 28 2008;9118,5
Jul 25 2008;9122
Jul 24 2008;9132
Jul 23 2008;9142
Jul 22 2008;9148
Jul 21 2008;9152
Jul 18 2008;9150
Jul 17 2008;9148
Jul 16 2008;9141
Jul 15 2008;9140
Jul 14 2008;9151,5
Jul 11 2008;9158
Jul 10 2008;9159
Jul 09 2008;9173
Jul 08 2008;9205
Jul 07 2008;9210,5
Jul 04 2008;9212
Jul 03 2008;9210
Jul 02 2008;9215
Jul 01 2008;9218
Jun 30 2008;9220
Jun 27 2008;9215
Jun 26 2008;9195
Jun 25 2008;9255
Jun 24 2008;9263
Jun 23 2008;9273
Jun 20 2008;9260
Jun 19 2008;9287
Jun 18 2008;9285
Jun 17 2008;9303
Jun 16 2008;9315
Jun 13 2008;9310
Jun 12 2008;9325
Jun 11 2008;9305
Jun 10 2008;9318,5
Jun 09 2008;9315
Jun 06 2008;9310
Jun 05 2008;9305
Jun 04 2008;9315,5
Jun 03 2008;9310
Jun 02 2008;9305
May 30 2008;9315
May 29 2008;9310
May 28 2008;9300
May 27 2008;9325
May 26 2008;9350
May 23 2008;9313
May 22 2008;9310
May 21 2008;9292
May 20 2008;9260
May 19 2008;9280
May 16 2008;9285
May 15 2008;9290
May 14 2008;9295
May 13 2008;9242
May 12 2008;9244
May 09 2008;9240
May 08 2008;9265
May 07 2008;9225
May 06 2008;9210
May 05 2008;9213
May 02 2008;9225
May 01 2008;9230
Apr 30 2008;9222
Apr 29 2008;9230
Apr 28 2008;9215
Apr 25 2008;9224
Apr 24 2008;9220
Apr 23 2008;9210
Apr 22 2008;9185
Apr 21 2008;9190
Apr 18 2008;9185
Apr 17 2008;9195
Apr 16 2008;9191
Apr 15 2008;9195
Apr 14 2008;9190
Apr 11 2008;9183
Apr 10 2008;9192,5
Apr 09 2008;9210
Apr 08 2008;9200
Apr 07 2008;9195
Apr 04 2008;9200
Apr 03 2008;9215
Apr 02 2008;9222,5
Apr 01 2008;9223
Mar 31 2008;9215
Mar 28 2008;9205
Mar 27 2008;9200
Mar 26 2008;9180
Mar 25 2008;9197
Mar 24 2008;9200
Mar 21 2008;9185
Mar 20 2008;9190
Mar 19 2008;9185
Mar 18 2008;9215
Mar 17 2008;9265
Mar 14 2008;9235
Mar 13 2008;9215
Mar 12 2008;9160
Mar 11 2008;9187
Mar 10 2008;9180
Mar 07 2008;9060
Mar 06 2008;9060
Mar 05 2008;9089
Mar 04 2008;9115
Mar 03 2008;9110
Feb 29 2008;9065
Feb 28 2008;9075
Feb 27 2008;9053
Feb 26 2008;9082,5
Feb 25 2008;9130
Feb 22 2008;9172
Feb 21 2008;9165
Feb 20 2008;9190
Feb 19 2008;9160
Feb 18 2008;9161
Feb 15 2008;9170
Feb 14 2008;9212,5
Feb 13 2008;9270
Feb 12 2008;9265
Feb 11 2008;9272,5
Feb 08 2008;9237,5
Feb 07 2008;9240
Feb 06 2008;9242
Feb 05 2008;9212,5
Feb 04 2008;9225
Feb 01 2008;9209,5
Jan 31 2008;9246,5
Jan 30 2008;9287,5
Jan 29 2008;9323
Jan 28 2008;9350
Jan 25 2008;9330
Jan 24 2008;9376,5
Jan 23 2008;9392,5
Jan 22 2008;9455
Jan 21 2008;9460
Jan 18 2008;9447,5
Jan 17 2008;9437
Jan 16 2008;9427,5
Jan 15 2008;9435
Jan 14 2008;9430
Jan 11 2008;9437
Jan 10 2008;9390
Jan 09 2008;9437,5
Jan 08 2008;9450,5
Jan 07 2008;9441
Jan 04 2008;9430
Jan 03 2008;9417
Jan 02 2008;9380
Jan 01 2008;9392,5
Dec 31 2007;9392,5
Dec 28 2007;9395
Dec 27 2007;9417,5
Dec 26 2007;9405
Dec 25 2007;9405
Dec 24 2007;9405
Dec 21 2007;9427,5
Dec 20 2007;9430
Dec 19 2007;9430
Dec 18 2007;9395
Dec 17 2007;9415
Dec 14 2007;9327,5
Dec 13 2007;9310
Dec 12 2007;9300,5
Dec 11 2007;9270
Dec 10 2007;9275
Dec 07 2007;9272
Dec 06 2007;9262,5
Dec 05 2007;9265
Dec 04 2007;9295
Dec 03 2007;9330
Nov 30 2007;9370
Nov 29 2007;9380
Nov 28 2007;9417,5
Nov 27 2007;9400
Nov 26 2007;9357,5
Nov 23 2007;9362,5
Nov 22 2007;9380,5
Nov 21 2007;9405
Nov 20 2007;9350
Nov 19 2007;9330
Nov 16 2007;9320
Nov 15 2007;9312
Nov 14 2007;9220
Nov 13 2007;9185
Nov 12 2007;9170
Nov 09 2007;9127,5
Nov 08 2007;9134,5
Nov 07 2007;9120
Nov 06 2007;9117,5
Nov 05 2007;9160
Nov 02 2007;9132,5
Nov 01 2007;9102,5
Oct 31 2007;9097,5
Oct 30 2007;9105
Oct 29 2007;9095
Oct 26 2007;9122,5
Oct 25 2007;9155
Oct 24 2007;9182,5
Oct 23 2007;9140
Oct 22 2007;9135
Oct 19 2007;9090
Oct 18 2007;9092,5
Oct 17 2007;9095
Oct 16 2007;9075
Oct 15 2007;9070
Oct 12 2007;9065
Oct 11 2007;9060
Oct 10 2007;9065
Oct 09 2007;9075
Oct 08 2007;9070
Oct 05 2007;9090
Oct 04 2007;9125
Oct 03 2007;9124
Oct 02 2007;9090,5
Oct 01 2007;9085
Sep 28 2007;9145
Sep 27 2007;9140
Sep 26 2007;9161
Sep 25 2007;9167,5
Sep 24 2007;9125
Sep 21 2007;9165
Sep 20 2007;9160
Sep 19 2007;9225
Sep 18 2007;9377,5
Sep 17 2007;9387
Sep 14 2007;9380
Sep 13 2007;9402,5
Sep 12 2007;9407,5
Sep 11 2007;9440
Sep 10 2007;9415
Sep 07 2007;9395
Sep 06 2007;9397,5
Sep 05 2007;9400
Sep 04 2007;9405
Sep 03 2007;9389
Aug 31 2007;9390
Aug 30 2007;9420
Aug 29 2007;9415
Aug 28 2007;9395
Aug 27 2007;9380
Aug 24 2007;9405
Aug 23 2007;9353
Aug 22 2007;9395
Aug 21 2007;9440
Aug 20 2007;9390
Aug 17 2007;9430
Aug 16 2007;9475
Aug 15 2007;9426
Aug 14 2007;9355
Aug 13 2007;9342,5
Aug 10 2007;9347,5
Aug 09 2007;9330
Aug 08 2007;9294,5
Aug 07 2007;9335
Aug 06 2007;9300
Aug 03 2007;9273
Aug 02 2007;9300
Aug 01 2007;9305
Jul 31 2007;9225
Jul 30 2007;9210
Jul 27 2007;9195
Jul 26 2007;9138
Jul 25 2007;9105
Jul 24 2007;9042,5
Jul 23 2007;9075
Jul 20 2007;9057,5
Jul 19 2007;9090
Jul 18 2007;9100
Jul 17 2007;9055
Jul 16 2007;9045
Jul 13 2007;9021
Jul 12 2007;9060
Jul 11 2007;9033
Jul 10 2007;8995
Jul 09 2007;9020
Jul 06 2007;9045
Jul 05 2007;9010
Jul 04 2007;9007,5
Jul 03 2007;9010
Jul 02 2007;9015
Jun 29 2007;9035
Jun 28 2007;9077
Jun 27 2007;9133
Jun 26 2007;9082
Jun 25 2007;9035
Jun 22 2007;9005
Jun 21 2007;9015
Jun 20 2007;8945
Jun 19 2007;8925
Jun 18 2007;8900
Jun 15 2007;9045
Jun 14 2007;9070
Jun 13 2007;9083
Jun 12 2007;8980
Jun 11 2007;9075
Jun 08 2007;9105
Jun 07 2007;8875
Jun 06 2007;8905
Jun 05 2007;8795
Jun 04 2007;8775
Jun 01 2007;8827
May 31 2007;8827
May 30 2007;8840
May 29 2007;8815
May 28 2007;8743
May 25 2007;8750
May 24 2007;8740
May 23 2007;8710
May 22 2007;8679
May 21 2007;8756
May 18 2007;8820
May 17 2007;8795
May 16 2007;8795
May 15 2007;8805
May 14 2007;8800
May 11 2007;8870
May 10 2007;8765
May 09 2007;8815
May 08 2007;8889,5
May 07 2007;8860
May 04 2007;8953
May 03 2007;9026,5
May 02 2007;9075
May 01 2007;9078
Apr 30 2007;9088
Apr 27 2007;9077,5
Apr 26 2007;9070
Apr 25 2007;9090
Apr 24 2007;9088
Apr 23 2007;9093
Apr 20 2007;9096
Apr 19 2007;9102,5
Apr 18 2007;9091
Apr 17 2007;9090
Apr 16 2007;9097,5
Apr 13 2007;9095
Apr 12 2007;9113
Apr 11 2007;9085
Apr 10 2007;9105
Apr 09 2007;9095
Apr 06 2007;9100
Apr 05 2007;9100
Apr 04 2007;9126
Apr 03 2007;9095
Apr 02 2007;9125
Mar 30 2007;9120
Mar 29 2007;9126
Mar 28 2007;9150
Mar 27 2007;9120,5
Mar 26 2007;9105
Mar 23 2007;9110
Mar 22 2007;9106,5
Mar 21 2007;9135
Mar 20 2007;9155
Mar 19 2007;9235
Mar 16 2007;9225
Mar 15 2007;9225
Mar 14 2007;9219,5
Mar 13 2007;9215
Mar 12 2007;9172,5
Mar 09 2007;9176
Mar 08 2007;9175
Mar 07 2007;9210
Mar 06 2007;9220
Mar 05 2007;9255
Mar 02 2007;9167,5
Mar 01 2007;9152,5
Feb 28 2007;9131,5
Feb 27 2007;9092,5
Feb 26 2007;9067,5
Feb 23 2007;9079,5
Feb 22 2007;9081
Feb 21 2007;9069
Feb 20 2007;9062,5
Feb 19 2007;9074
Feb 16 2007;9050
Feb 15 2007;9037
Feb 14 2007;9075
Feb 13 2007;9075
Feb 12 2007;9043,5
Feb 09 2007;9052,5
Feb 08 2007;9055
Feb 07 2007;9038,5
Feb 06 2007;9054
Feb 05 2007;9065
Feb 02 2007;9077
Feb 01 2007;9081,5
Jan 31 2007;9100
Jan 30 2007;9112,5
Jan 29 2007;9115,5
Jan 26 2007;9117,5
Jan 25 2007;9050
Jan 24 2007;9065
Jan 23 2007;9085
Jan 22 2007;9078
Jan 19 2007;9084
Jan 18 2007;9102
Jan 17 2007;9107,5
Jan 16 2007;9077,5
Jan 15 2007;9115
Jan 12 2007;9122
Jan 11 2007;9120,5
Jan 10 2007;9074,5
Jan 09 2007;9035
Jan 08 2007;9040
Jan 05 2007;9015
Jan 04 2007;9000
Jan 03 2007;8965
Jan 02 2007;8990
Jan 01 2007;8993,5
Dec 29 2006;8993,5
Dec 28 2006;9040
Dec 27 2006;9075
Dec 26 2006;9082
Dec 25 2006;9080
Dec 22 2006;9080
Dec 21 2006;9065,5
Dec 20 2006;9127,5
Dec 19 2006;9140
Dec 18 2006;9090
Dec 15 2006;9082,5
Dec 14 2006;9070
Dec 13 2006;9070
Dec 12 2006;9070
Dec 11 2006;9091
Dec 08 2006;9100
Dec 07 2006;9110
Dec 06 2006;9115
Dec 05 2006;9110
Dec 04 2006;9147,5
Dec 01 2006;9170
Nov 30 2006;9165
Nov 29 2006;9170
Nov 28 2006;9179
Nov 27 2006;9140
Nov 24 2006;9145
Nov 23 2006;9130,5
Nov 22 2006;9140
Nov 21 2006;9150
Nov 20 2006;9161
Nov 17 2006;9175
Nov 16 2006;9155,5
Nov 15 2006;9192
Nov 14 2006;9128
Nov 13 2006;9128
Nov 10 2006;9115
Nov 09 2006;9123
Nov 08 2006;9110
Nov 07 2006;9140
Nov 06 2006;9130
Nov 03 2006;9110
Nov 02 2006;9104,5
Nov 01 2006;9091
Oct 31 2006;9094
Oct 30 2006;9102,5
Oct 27 2006;9100
Oct 26 2006;9163
Oct 25 2006;9165,5
Oct 24 2006;9130
Oct 23 2006;9165
Oct 20 2006;9130
Oct 19 2006;9140
Oct 18 2006;9150
Oct 17 2006;9155
Oct 16 2006;9197
Oct 13 2006;9208
Oct 12 2006;9215
Oct 11 2006;9220
Oct 10 2006;9224,5
Oct 09 2006;9228
Oct 06 2006;9207,5
Oct 05 2006;9208
Oct 04 2006;9215
Oct 03 2006;9177,5
Oct 02 2006;9190
Sep 29 2006;9205
Sep 28 2006;9217,5
Sep 27 2006;9210
Sep 26 2006;9230
Sep 25 2006;9245
Sep 22 2006;9200
Sep 21 2006;9165
Sep 20 2006;9160
Sep 19 2006;9160
Sep 18 2006;9145
Sep 15 2006;9120
Sep 14 2006;9130
Sep 13 2006;9170
Sep 12 2006;9165
Sep 11 2006;9130
Sep 08 2006;9135
Sep 07 2006;9105
Sep 06 2006;9120
Sep 05 2006;9120
Sep 04 2006;9082,5
Sep 01 2006;9096
Aug 31 2006;9117
Aug 30 2006;9116
Aug 29 2006;9090
Aug 28 2006;9135
Aug 25 2006;9135
Aug 24 2006;9145
Aug 23 2006;9099,5
Aug 22 2006;9070,5
Aug 21 2006;9065,5
Aug 18 2006;9065,5
Aug 17 2006;9092,5
Aug 16 2006;9092,5
Aug 15 2006;9095,5
Aug 14 2006;9090
Aug 11 2006;9074
Aug 10 2006;9085
Aug 09 2006;9090
Aug 08 2006;9085
Aug 07 2006;9070
Aug 04 2006;9084,5
Aug 03 2006;9090
Aug 02 2006;9110
Aug 01 2006;9095
Jul 31 2006;9095
Jul 28 2006;9087,5
Jul 27 2006;9070
Jul 26 2006;9120
Jul 25 2006;9120
Jul 24 2006;9165
Jul 21 2006;9146
Jul 20 2006;9165
Jul 19 2006;9255
Jul 18 2006;9240
Jul 17 2006;9294
Jul 14 2006;9175
Jul 13 2006;9105
Jul 12 2006;9110
Jul 11 2006;9045
Jul 10 2006;9050
Jul 07 2006;9065
Jul 06 2006;9150
Jul 05 2006;9120
Jul 04 2006;9064
Jul 03 2006;9150
Jun 30 2006;9263
Jun 29 2006;9366
Jun 28 2006;9340,5
Jun 27 2006;9295
Jun 26 2006;9400
Jun 23 2006;9402,5
Jun 22 2006;9357,5
Jun 21 2006;9362,5
Jun 20 2006;9380
Jun 19 2006;9380
Jun 16 2006;9292,5
Jun 15 2006;9387
Jun 14 2006;9475
Jun 13 2006;9495
Jun 12 2006;9416
Jun 09 2006;9395
Jun 08 2006;9425
Jun 07 2006;9380
Jun 06 2006;9345
Jun 05 2006;9285
Jun 02 2006;9258
Jun 01 2006;9340
May 31 2006;9255
May 30 2006;9180
May 29 2006;9217,5
May 26 2006;9260
May 25 2006;9360
May 24 2006;9375
May 23 2006;9255
May 22 2006;9325
May 19 2006;9197,5
May 18 2006;9176
May 17 2006;8997,5
May 16 2006;9195
May 15 2006;9117,5
May 12 2006;8765
May 11 2006;8702,5
May 10 2006;8722
May 09 2006;8737,5
May 08 2006;8735
May 05 2006;8780
May 04 2006;8775
May 03 2006;8775
May 02 2006;8774,5
May 01 2006;8770
Apr 28 2006;8785
Apr 27 2006;8780
Apr 26 2006;8795
Apr 25 2006;8817,5
Apr 24 2006;8830
Apr 21 2006;8883,5
Apr 20 2006;8885
Apr 19 2006;8883
Apr 18 2006;8982,5
Apr 17 2006;8985
Apr 14 2006;8987,5
Apr 13 2006;8987,5
Apr 12 2006;8995
Apr 11 2006;8992,5
Apr 10 2006;8980
Apr 07 2006;8982,5
Apr 06 2006;9017,5
Apr 05 2006;9000
Apr 04 2006;8982,5
Apr 03 2006;9022,5
Mar 31 2006;9087
Mar 30 2006;9110
Mar 29 2006;9140
Mar 28 2006;9045
Mar 27 2006;9032,5
Mar 24 2006;9122
Mar 23 2006;9087,5
Mar 22 2006;9092,5
Mar 21 2006;9115
Mar 20 2006;9140
Mar 17 2006;9135
Mar 16 2006;9140
Mar 15 2006;9125
Mar 14 2006;9168
Mar 13 2006;9239
Mar 10 2006;9240
Mar 09 2006;9310
Mar 08 2006;9317
Mar 07 2006;9250
Mar 06 2006;9187
Mar 03 2006;9185
Mar 02 2006;9185
Mar 01 2006;9175
Feb 28 2006;9182,5
Feb 27 2006;9235
Feb 24 2006;9292,5
Feb 23 2006;9265
Feb 22 2006;9355
Feb 21 2006;9262,5
Feb 20 2006;9231
Feb 17 2006;9230
Feb 16 2006;9215
Feb 15 2006;9227,5
Feb 14 2006;9230
Feb 13 2006;9236
Feb 10 2006;9233
Feb 09 2006;9235
Feb 08 2006;9272,5
Feb 07 2006;9190
Feb 06 2006;9222,5
Feb 03 2006;9295
Feb 02 2006;9345
Feb 01 2006;9330
Jan 31 2006;9370
Jan 30 2006;9386,5
Jan 27 2006;9388,5
Jan 26 2006;9367,5
Jan 25 2006;9343
Jan 24 2006;9488
Jan 23 2006;9445
Jan 20 2006;9435
Jan 19 2006;9397
Jan 18 2006;9500
Jan 17 2006;9470
Jan 16 2006;9475
Jan 13 2006;9355
Jan 12 2006;9345
Jan 11 2006;9465
Jan 10 2006;9452
Jan 09 2006;9460
Jan 06 2006;9549,5
Jan 05 2006;9590
Jan 04 2006;9635,5
Jan 03 2006;9712,5
Jan 02 2006;9830
Dec 30 2005;9830
Dec 29 2005;9835
Dec 28 2005;9830
Dec 27 2005;9825
Dec 26 2005;9809
Dec 23 2005;9860
Dec 22 2005;9840
Dec 21 2005;9825
Dec 20 2005;9855
Dec 19 2005;9860
Dec 16 2005;9883
Dec 15 2005;9836
Dec 14 2005;9795
Dec 13 2005;9770
Dec 12 2005;9765
Dec 09 2005;9685
Dec 08 2005;9787,5
Dec 07 2005;9835
Dec 06 2005;9920
Dec 05 2005;9960
Dec 02 2005;9995
Dec 01 2005;10020
Nov 30 2005;10025
Nov 29 2005;10040
Nov 28 2005;10045
Nov 25 2005;10060
Nov 24 2005;10055
Nov 23 2005;10047,5
Nov 22 2005;10045
Nov 21 2005;10055
Nov 18 2005;10077,5
Nov 17 2005;10020
Nov 16 2005;10010
Nov 15 2005;10010
Nov 14 2005;9970
Nov 11 2005;9987
Nov 10 2005;9977,5
Nov 09 2005;9920
Nov 08 2005;10102,5
Nov 07 2005;10092,5
Nov 04 2005;10070
Nov 03 2005;10055
Nov 02 2005;10051
Nov 01 2005;10030
Oct 31 2005;10122,5
Oct 28 2005;10040
Oct 27 2005;10015
Oct 26 2005;9986
Oct 25 2005;9982
Oct 24 2005;10065
Oct 21 2005;10100
Oct 20 2005;10077,5
Oct 19 2005;10090
Oct 18 2005;10092,5
Oct 17 2005;10107,5
Oct 14 2005;10112,5
Oct 13 2005;10110
Oct 12 2005;10110
Oct 11 2005;10062,5
Oct 10 2005;10073
Oct 07 2005;10047,5
Oct 06 2005;10045
Oct 05 2005;10030
Oct 04 2005;10195
Oct 03 2005;10302,5
Sep 30 2005;10300
Sep 29 2005;10325
Sep 28 2005;10375
Sep 27 2005;10285
Sep 26 2005;10220
Sep 23 2005;10235
Sep 22 2005;10380
Sep 21 2005;10225
Sep 20 2005;10185
Sep 19 2005;10155
Sep 16 2005;10160
Sep 15 2005;10060
Sep 14 2005;10010
Sep 13 2005;10092,5
Sep 12 2005;10100
Sep 09 2005;10205
Sep 08 2005;10360
Sep 07 2005;10370
Sep 06 2005;10355
Sep 05 2005;10300
Sep 02 2005;10350
Sep 01 2005;10280
Aug 31 2005;10300
Aug 30 2005;10450
Aug 29 2005;10755
Aug 26 2005;10385
Aug 25 2005;10325
Aug 24 2005;10270
Aug 23 2005;10060
Aug 22 2005;10005
Aug 19 2005;9987
Aug 18 2005;9977,5
Aug 17 2005;9907,5
Aug 16 2005;9900
Aug 15 2005;9887,5
Aug 12 2005;9795
Aug 11 2005;9795
Aug 10 2005;9769,5
Aug 09 2005;9792
Aug 08 2005;9787,5
Aug 05 2005;9750
Aug 04 2005;9725
Aug 03 2005;9760
Aug 02 2005;9755
Aug 01 2005;9790
Jul 29 2005;9805
Jul 28 2005;9835
Jul 27 2005;9840
Jul 26 2005;9810,5
Jul 25 2005;9815
Jul 22 2005;9795
Jul 21 2005;9782,5
Jul 20 2005;9828
Jul 19 2005;9792
Jul 18 2005;9795
Jul 15 2005;9790
Jul 14 2005;9805
Jul 13 2005;9797,5
Jul 12 2005;9765
Jul 11 2005;9752,5
Jul 08 2005;9800
Jul 07 2005;9795,5
Jul 06 2005;9779,5
Jul 05 2005;9882
Jul 04 2005;9865
Jul 01 2005;9805
Jun 30 2005;9760
Jun 29 2005;9710
Jun 28 2005;9706
Jun 27 2005;9660
Jun 24 2005;9649,5
Jun 23 2005;9645
Jun 22 2005;9650
Jun 21 2005;9656,5
Jun 20 2005;9670
Jun 17 2005;9598
Jun 16 2005;9632
Jun 15 2005;9599,5
Jun 14 2005;9615
Jun 13 2005;9611
Jun 10 2005;9615
Jun 09 2005;9625
Jun 08 2005;9595
Jun 07 2005;9545
Jun 06 2005;9592
Jun 03 2005;9590
Jun 02 2005;9572,5
Jun 01 2005;9575
May 31 2005;9518
May 30 2005;9486
May 27 2005;9485
May 26 2005;9488,5
May 25 2005;9476,5
May 24 2005;9472
May 23 2005;9465
May 20 2005;9455
May 19 2005;9450
May 18 2005;9440
May 17 2005;9430
May 16 2005;9470
May 13 2005;9474
May 12 2005;9472,5
May 11 2005;9462
May 10 2005;9454
May 09 2005;9481,5
May 06 2005;9497,5
May 05 2005;9515
May 04 2005;9512,5
May 03 2005;9530
May 02 2005;9525
Apr 29 2005;9570
Apr 28 2005;9575
Apr 27 2005;9563,5
Apr 26 2005;9690
Apr 25 2005;9750
Apr 22 2005;9680
Apr 21 2005;9682,5
Apr 20 2005;9574
Apr 19 2005;9569,5
Apr 18 2005;9570
Apr 15 2005;9533
Apr 14 2005;9520
Apr 13 2005;9495
Apr 12 2005;9490
Apr 11 2005;9490
Apr 08 2005;9492,5
Apr 07 2005;9505
Apr 06 2005;9484,5
Apr 05 2005;9490
Apr 04 2005;9480,5
Apr 01 2005;9475
Mar 31 2005;9471
Mar 30 2005;9515
Mar 29 2005;9522,5
Mar 28 2005;9451
Mar 25 2005;9417
Mar 24 2005;9417
Mar 23 2005;9415
Mar 22 2005;9410
Mar 21 2005;9415
Mar 18 2005;9362,5
Mar 17 2005;9362,5
Mar 16 2005;9338
Mar 15 2005;9355
Mar 14 2005;9375
Mar 11 2005;9365
Mar 10 2005;9365
Mar 09 2005;9340
Mar 08 2005;9385
Mar 07 2005;9330
Mar 04 2005;9346
Mar 03 2005;9291
Mar 02 2005;9278,5
Mar 01 2005;9278
Feb 28 2005;9264,5
Feb 25 2005;9265
Feb 24 2005;9255
Feb 23 2005;9210
Feb 22 2005;9197
Feb 21 2005;9270
Feb 18 2005;9250
Feb 17 2005;9289,5
Feb 16 2005;9290
Feb 15 2005;9274
Feb 14 2005;9248
Feb 11 2005;9280
Feb 10 2005;9282,5
Feb 09 2005;9287
Feb 08 2005;9290
Feb 07 2005;9225
Feb 04 2005;9200
Feb 03 2005;9200
Feb 02 2005;9180
Feb 01 2005;9232,5
Jan 31 2005;9165
Jan 28 2005;9150
Jan 27 2005;9149,5
Jan 26 2005;9140
Jan 25 2005;9151
Jan 24 2005;9140
Jan 21 2005;9150
Jan 20 2005;9160
Jan 19 2005;9163
Jan 18 2005;9157
Jan 17 2005;9135
Jan 14 2005;9162
Jan 13 2005;9141,5
Jan 12 2005;9195
Jan 11 2005;9287,5
Jan 10 2005;9302,5
Jan 07 2005;9310
Jan 06 2005;9327,5
Jan 05 2005;9310
Jan 04 2005;9300
Jan 03 2005;9283
Dec 31 2004;9282,5
Dec 30 2004;9322
Dec 29 2004;9320
Dec 28 2004;9323
Dec 27 2004;9290
Dec 24 2004;9270
Dec 23 2004;9277,5
Dec 22 2004;9327
Dec 21 2004;9325
Dec 20 2004;9300
Dec 17 2004;9300
Dec 16 2004;9287
Dec 15 2004;9252,5
Dec 14 2004;9313,5
Dec 13 2004;9280
Dec 10 2004;9255
Dec 09 2004;9165
Dec 08 2004;9170
Dec 07 2004;9080
Dec 06 2004;9065
Dec 03 2004;9030
Dec 02 2004;9036
Dec 01 2004;9000
Nov 30 2004;9000
Nov 29 2004;9005
Nov 26 2004;8995
Nov 25 2004;8960
Nov 24 2004;8970
Nov 23 2004;8980
Nov 22 2004;8970
Nov 19 2004;8940
Nov 18 2004;9002,5
Nov 17 2004;8997
Nov 16 2004;8997
Nov 15 2004;8998
Nov 12 2004;8990
Nov 11 2004;9062
Nov 10 2004;9050
Nov 09 2004;8980
Nov 08 2004;8937,5
Nov 05 2004;9057,5
Nov 04 2004;9085,5
Nov 03 2004;9114
Nov 02 2004;9090
Nov 01 2004;9087
Oct 29 2004;9087,5
Oct 28 2004;9100
Oct 27 2004;9120
Oct 26 2004;9095
Oct 25 2004;9072
Oct 22 2004;9085
Oct 21 2004;9107,5
Oct 20 2004;9083
Oct 19 2004;9075
Oct 18 2004;9115
Oct 15 2004;9090
Oct 14 2004;9099,5
Oct 13 2004;9128,5
Oct 12 2004;9139,5
Oct 11 2004;9085
Oct 08 2004;9087,5
Oct 07 2004;9099,5
Oct 06 2004;9105
Oct 05 2004;9095
Oct 04 2004;9100
Oct 01 2004;9160
Sep 30 2004;9149,5
Sep 29 2004;9186
Sep 28 2004;9232
Sep 27 2004;9190
Sep 24 2004;9120
Sep 23 2004;9123
Sep 22 2004;9162
Sep 21 2004;9018
Sep 20 2004;9030
Sep 17 2004;9037,5
Sep 16 2004;9002
Sep 15 2004;9115
Sep 14 2004;9117,5
Sep 13 2004;9247
Sep 10 2004;9277
Sep 09 2004;9295
Sep 08 2004;9292
Sep 07 2004;9272
Sep 06 2004;9278
Sep 03 2004;9278,5
Sep 02 2004;9280
Sep 01 2004;9314,5
Aug 31 2004;9367,5
Aug 30 2004;9333,5
Aug 27 2004;9322
Aug 26 2004;9300
Aug 25 2004;9280
Aug 24 2004;9269
Aug 23 2004;9295
Aug 20 2004;9230
Aug 19 2004;9255
Aug 18 2004;9267,5
Aug 17 2004;9285
Aug 16 2004;9289,5
Aug 13 2004;9252
Aug 12 2004;9241
Aug 11 2004;9270
Aug 10 2004;9235
Aug 09 2004;9175
Aug 06 2004;9172,5
Aug 05 2004;9177,5
Aug 04 2004;9210
Aug 03 2004;9178
Aug 02 2004;9145
Jul 30 2004;9142
Jul 29 2004;9185
Jul 28 2004;9120
Jul 27 2004;9093
Jul 26 2004;9138
Jul 23 2004;9085
Jul 22 2004;9057
Jul 21 2004;9016,5
Jul 20 2004;8980
Jul 19 2004;8963,5
Jul 16 2004;8916
Jul 15 2004;8980
Jul 14 2004;8960
Jul 13 2004;8938
Jul 12 2004;8811
Jul 09 2004;8900
Jul 08 2004;8981
Jul 07 2004;9007
Jul 06 2004;8997
Jul 05 2004;9147,5
Jul 02 2004;9130
Jul 01 2004;9298
Jun 30 2004;9395
Jun 29 2004;9432,5
Jun 28 2004;9427
Jun 25 2004;9421
Jun 24 2004;9415
Jun 23 2004;9425
Jun 22 2004;9412
Jun 21 2004;9401
Jun 18 2004;9399,5
Jun 17 2004;9389
Jun 16 2004;9430
Jun 15 2004;9403
Jun 14 2004;9380,5
Jun 11 2004;9380
Jun 10 2004;9360
Jun 09 2004;9360
Jun 08 2004;9250
Jun 07 2004;9305
Jun 04 2004;9440
Jun 03 2004;9456
Jun 02 2004;9462
Jun 01 2004;9370
May 31 2004;9267,5
May 28 2004;9275
May 27 2004;9259,5
May 26 2004;9250
May 25 2004;9260
May 24 2004;9110
May 21 2004;9065
May 20 2004;9047
May 19 2004;9049
May 18 2004;9070
May 17 2004;9010
May 14 2004;9035
May 13 2004;8990,5
May 12 2004;8946
May 11 2004;8987,5
May 10 2004;8976
May 07 2004;8739
May 06 2004;8709
May 05 2004;8693,5
May 04 2004;8720
May 03 2004;8788
Apr 30 2004;8783
Apr 29 2004;8777,5
Apr 28 2004;8640,5
Apr 27 2004;8625
Apr 26 2004;8605
Apr 23 2004;8620,5
Apr 22 2004;8653
Apr 21 2004;8650,5
Apr 20 2004;8618,5
Apr 19 2004;8602,5
Apr 16 2004;8619,5
Apr 15 2004;8632,5
Apr 14 2004;8603,5
Apr 13 2004;8592,5
Apr 12 2004;8590,5
Apr 09 2004;8585,5
Apr 08 2004;8585,5
Apr 07 2004;8580,5
Apr 06 2004;8576,5
Apr 05 2004;8595
Apr 02 2004;8573
Apr 01 2004;8585
Mar 31 2004;8563,5
Mar 30 2004;8605
Mar 29 2004;8610
Mar 26 2004;8616
Mar 25 2004;8616,5
Mar 24 2004;8575
Mar 23 2004;8586,5
Mar 22 2004;8562,5
Mar 19 2004;8562,5
Mar 18 2004;8537
Mar 17 2004;8562,5
Mar 16 2004;8610
Mar 15 2004;8637,5
Mar 12 2004;8660
Mar 11 2004;8630
Mar 10 2004;8585
Mar 09 2004;8550
Mar 08 2004;8584,5
Mar 05 2004;8597,5
Mar 04 2004;8555
Mar 03 2004;8565
Mar 02 2004;8490
Mar 01 2004;8462,5
Feb 27 2004;8455
Feb 26 2004;8470
Feb 25 2004;8440
Feb 24 2004;8451,5
Feb 23 2004;8440
Feb 20 2004;8440
Feb 19 2004;8432,5
Feb 18 2004;8402
Feb 17 2004;8402
Feb 16 2004;8387
Feb 13 2004;8402,5
Feb 12 2004;8409
Feb 11 2004;8415
Feb 10 2004;8395
Feb 09 2004;8440
Feb 06 2004;8459,5
Feb 05 2004;8450
Feb 04 2004;8450
Feb 03 2004;8447
Feb 02 2004;8458,5
Jan 30 2004;8458,5
Jan 29 2004;8430,5
Jan 28 2004;8417,5
Jan 27 2004;8426,5
Jan 26 2004;8459
Jan 23 2004;8405
Jan 22 2004;8405
Jan 21 2004;8405
Jan 20 2004;8400
Jan 19 2004;8377,5
Jan 16 2004;8350
Jan 15 2004;8365
Jan 14 2004;8343
Jan 13 2004;8330
Jan 12 2004;8305
Jan 09 2004;8330
Jan 08 2004;8345
Jan 07 2004;8363
Jan 06 2004;8333
Jan 05 2004;8385
Jan 02 2004;8450
Dec 31 2003;8422,5
Dec 30 2003;8478
Dec 29 2003;8464,5
Dec 26 2003;8495
Dec 25 2003;8495
Dec 24 2003;8495
Dec 23 2003;8498,5
Dec 22 2003;8490,5
Dec 19 2003;8492,5
Dec 18 2003;8495,5
Dec 17 2003;8492,5
Dec 16 2003;8481,5
Dec 15 2003;8478,5
Dec 12 2003;8475
Dec 11 2003;8490
Dec 10 2003;8493,5
Dec 09 2003;8493,5
Dec 08 2003;8494,5
Dec 05 2003;8495
Dec 04 2003;8497,5
Dec 03 2003;8487,5
Dec 02 2003;8492,5
Dec 01 2003;8505,5
Nov 28 2003;8505
Nov 27 2003;8517,5
Nov 26 2003;8517,5
Nov 25 2003;8517,5
Nov 24 2003;8517,5
Nov 21 2003;8500
Nov 20 2003;8550
Nov 19 2003;8473,5
Nov 18 2003;8480
Nov 17 2003;8487
Nov 14 2003;8495
Nov 13 2003;8525
Nov 12 2003;8478
Nov 11 2003;8482,5
Nov 10 2003;8480
Nov 07 2003;8488,5
Nov 06 2003;8494,5
Nov 05 2003;8475
Nov 04 2003;8505
Nov 03 2003;8518
Oct 31 2003;8496,5
Oct 30 2003;8480
Oct 29 2003;8530
Oct 28 2003;8580
Oct 27 2003;8551
Oct 24 2003;8497
Oct 23 2003;8475
Oct 22 2003;8465
Oct 21 2003;8445
Oct 20 2003;8430
Oct 17 2003;8440
Oct 16 2003;8445
Oct 15 2003;8425
Oct 14 2003;8440
Oct 13 2003;8374,5
Oct 10 2003;8380
Oct 09 2003;8374
Oct 08 2003;8362
Oct 07 2003;8385
Oct 06 2003;8384
Oct 03 2003;8370
Oct 02 2003;8375
Oct 01 2003;8384
Sep 30 2003;8395
Sep 29 2003;8417
Sep 26 2003;8437,5
Sep 25 2003;8442,5
Sep 24 2003;8438
Sep 23 2003;8415
Sep 22 2003;8450
Sep 19 2003;8470
Sep 18 2003;8490,5
Sep 17 2003;8472,5
Sep 16 2003;8460
Sep 15 2003;8463
Sep 12 2003;8452,5
Sep 11 2003;8465
Sep 10 2003;8425
Sep 09 2003;8510
Sep 08 2003;8485
Sep 05 2003;8485
Sep 04 2003;8485,5
Sep 03 2003;8465
Sep 02 2003;8470
Sep 01 2003;8470
Aug 29 2003;8485
Aug 28 2003;8515
Aug 27 2003;8470
Aug 26 2003;8465
Aug 25 2003;8440
Aug 22 2003;8430
Aug 21 2003;8390
Aug 20 2003;8418
Aug 19 2003;8475,5
Aug 18 2003;8510
Aug 15 2003;8537
Aug 14 2003;8550
Aug 13 2003;8545
Aug 12 2003;8515
Aug 11 2003;8540
Aug 08 2003;8563
Aug 07 2003;8585
Aug 06 2003;8597,5
Aug 05 2003;8625
Aug 04 2003;8492,5
Aug 01 2003;8540
Jul 31 2003;8510
Jul 30 2003;8510
Jul 29 2003;8612,5
Jul 28 2003;8530
Jul 25 2003;8505
Jul 24 2003;8590
Jul 23 2003;8605
Jul 22 2003;8415
Jul 21 2003;8310
Jul 18 2003;8330
Jul 17 2003;8258,5
Jul 16 2003;8233,5
Jul 15 2003;8222,5
Jul 14 2003;8225
Jul 11 2003;8215
Jul 10 2003;8218
Jul 09 2003;8195,5
Jul 08 2003;8220
Jul 07 2003;8176,5
Jul 04 2003;8183
Jul 03 2003;8225
Jul 02 2003;8220
Jul 01 2003;8235
Jun 30 2003;8250
Jun 27 2003;8275
Jun 26 2003;8265
Jun 25 2003;8223
Jun 24 2003;8220
Jun 23 2003;8237,5
Jun 20 2003;8225
Jun 19 2003;8247,5
Jun 18 2003;8232
Jun 17 2003;8207,5
Jun 16 2003;8200
Jun 13 2003;8215
Jun 12 2003;8260
Jun 11 2003;8231,5
Jun 10 2003;8202,5
Jun 09 2003;8187,5
Jun 06 2003;8175
Jun 05 2003;8260
Jun 04 2003;8152,5
Jun 03 2003;8215
Jun 02 2003;8260
May 30 2003;8310
May 29 2003;8350
May 28 2003;8250
May 27 2003;8170
May 26 2003;8175
May 23 2003;8270
May 22 2003;8335
May 21 2003;8325
May 20 2003;8390
May 19 2003;8410
May 16 2003;8460
May 15 2003;8450
May 14 2003;8450
May 13 2003;8432,5
May 12 2003;8415
May 09 2003;8560
May 08 2003;8545
May 07 2003;8502,5
May 06 2003;8600
May 05 2003;8582,5
May 02 2003;8660,5
May 01 2003;8675
Apr 30 2003;8673,5
Apr 29 2003;8707,5
Apr 28 2003;8738
Apr 25 2003;8740
Apr 24 2003;8727,5
Apr 23 2003;8730
Apr 22 2003;8740
Apr 21 2003;8680
Apr 18 2003;8725
Apr 17 2003;8725
Apr 16 2003;8807,5
Apr 15 2003;8842,5
Apr 14 2003;8854,5
Apr 11 2003;8877,5
Apr 10 2003;8853
Apr 09 2003;8864,5
Apr 08 2003;8877,5
Apr 07 2003;8883,5
Apr 04 2003;8892,5
Apr 03 2003;8894,5
Apr 02 2003;8884
Apr 01 2003;8885
Mar 31 2003;8901,5
Mar 28 2003;8912,5
Mar 27 2003;8900
Mar 26 2003;8915
Mar 25 2003;8905
Mar 24 2003;8950
Mar 21 2003;8972,5
Mar 20 2003;9020
Mar 19 2003;9087,5
Mar 18 2003;9040
Mar 17 2003;8970
Mar 14 2003;8917,5
Mar 13 2003;8905
Mar 12 2003;8892,5
Mar 11 2003;8882,5
Mar 10 2003;8883
Mar 07 2003;8885
Mar 06 2003;8866
Mar 05 2003;8845
Mar 04 2003;8830
Mar 03 2003;8883,5
Feb 28 2003;8883,5
Feb 27 2003;8897,5
Feb 26 2003;8887,5
Feb 25 2003;8887,5
Feb 24 2003;8895
Feb 21 2003;8915,5
Feb 20 2003;8845
Feb 19 2003;8880
Feb 18 2003;8877,5
Feb 17 2003;8905
Feb 14 2003;8920
Feb 13 2003;8945
Feb 12 2003;8965
Feb 11 2003;8965
Feb 10 2003;8865
Feb 07 2003;8868,5
Feb 06 2003;8869
Feb 05 2003;8867
Feb 04 2003;8870
Feb 03 2003;8876
Jan 31 2003;8870
Jan 30 2003;8870
Jan 29 2003;8850
Jan 28 2003;8855
Jan 27 2003;8892,5
Jan 24 2003;8892,5
Jan 23 2003;8886,5
Jan 22 2003;8855
Jan 21 2003;8880
Jan 20 2003;8875
Jan 17 2003;8870
Jan 16 2003;8860
Jan 15 2003;8865
Jan 14 2003;8872,5
Jan 13 2003;8880
Jan 10 2003;8917,5
Jan 09 2003;8932,5
Jan 08 2003;8930
Jan 07 2003;8925
Jan 06 2003;8934,5
Jan 03 2003;8927,5
Jan 02 2003;8920
Jan 01 2003;8950
Dec 31 2002;8950
Dec 30 2002;8950
Dec 27 2002;8917,5
Dec 26 2002;8890
Dec 25 2002;8895
Dec 24 2002;8895
Dec 23 2002;8895
Dec 20 2002;8888
Dec 19 2002;8895
Dec 18 2002;8890
Dec 17 2002;8880
Dec 16 2002;8815
Dec 13 2002;8875
Dec 12 2002;8867,5
Dec 11 2002;8885
Dec 10 2002;8977,5
Dec 09 2002;8977,5
Dec 06 2002;8990
Dec 05 2002;8990
Dec 04 2002;8990
Dec 03 2002;8980
Dec 02 2002;8977,5
Nov 29 2002;8977,5
Nov 28 2002;8982,5
Nov 27 2002;8935
Nov 26 2002;8987,5
Nov 25 2002;8975
Nov 22 2002;8985
Nov 21 2002;9020
Nov 20 2002;8967,5
Nov 19 2002;8965
Nov 18 2002;8995
Nov 15 2002;9027
Nov 14 2002;9022,5
Nov 13 2002;9047
Nov 12 2002;9075
Nov 11 2002;9147
Nov 08 2002;9193
Nov 07 2002;9205
Nov 06 2002;9211
Nov 05 2002;9205
Nov 04 2002;9211,5
Nov 01 2002;9225
Oct 31 2002;9230
Oct 30 2002;9227
Oct 29 2002;9250
Oct 28 2002;9224
Oct 25 2002;9240
Oct 24 2002;9215
Oct 23 2002;9215
Oct 22 2002;9200
Oct 21 2002;9193
Oct 18 2002;9214
Oct 17 2002;9175
Oct 16 2002;9194
Oct 15 2002;9290
Oct 14 2002;9345
Oct 11 2002;9007
Oct 10 2002;9010
Oct 09 2002;8996,5
Oct 08 2002;9005
Oct 07 2002;9015
Oct 04 2002;9014,5
Oct 03 2002;9014,5
Oct 02 2002;9007
Oct 01 2002;9000
Sep 30 2002;8994
Sep 27 2002;9017,5
Sep 26 2002;9010
Sep 25 2002;9000
Sep 24 2002;9037,5
Sep 23 2002;9075
Sep 20 2002;9032,5
Sep 19 2002;9025
Sep 18 2002;9000
Sep 17 2002;9060
Sep 16 2002;9050
Sep 13 2002;8975
Sep 12 2002;8919,5
Sep 11 2002;8893
Sep 10 2002;8871
Sep 09 2002;8825
Sep 06 2002;8870
Sep 05 2002;8863
Sep 04 2002;8870
Sep 03 2002;8842,5
Sep 02 2002;8851
Aug 30 2002;8855
Aug 29 2002;8865
Aug 28 2002;8886
Aug 27 2002;8887,5
Aug 26 2002;8930
Aug 23 2002;8887,5
Aug 22 2002;8845
Aug 21 2002;8875
Aug 20 2002;8845
Aug 19 2002;8847,5
Aug 16 2002;8815
Aug 15 2002;8857,5
Aug 14 2002;8775
Aug 13 2002;8880
Aug 12 2002;8850
Aug 09 2002;9002,5
Aug 08 2002;8990
Aug 07 2002;9060
Aug 06 2002;9085
Aug 05 2002;9087,5
Aug 02 2002;9075
Aug 01 2002;9155
Jul 31 2002;9064,5
Jul 30 2002;9115
Jul 29 2002;9250
Jul 26 2002;9150
Jul 25 2002;9005
Jul 24 2002;9062,5
Jul 23 2002;9005
Jul 22 2002;8817,5
Jul 19 2002;8775
Jul 18 2002;8870
Jul 17 2002;8965
Jul 16 2002;9040
Jul 15 2002;9047,5
Jul 12 2002;9075
Jul 11 2002;9135
Jul 10 2002;8907,5
Jul 09 2002;8910
Jul 08 2002;8900
Jul 05 2002;8860
Jul 04 2002;8855
Jul 03 2002;8965
Jul 02 2002;8805
Jul 01 2002;8710
Jun 28 2002;8713
Jun 27 2002;8640
Jun 26 2002;8680
Jun 25 2002;8657,5
Jun 24 2002;8585
Jun 21 2002;8630
Jun 20 2002;8597,5
Jun 19 2002;8695
Jun 18 2002;8655
Jun 17 2002;8688
Jun 14 2002;8660
Jun 13 2002;8751
Jun 12 2002;8715
Jun 11 2002;8775
Jun 10 2002;8730
Jun 07 2002;8875
Jun 06 2002;9045
Jun 05 2002;8925
Jun 04 2002;8650
Jun 03 2002;8545
May 31 2002;8697,5
May 30 2002;8843
May 29 2002;8850
May 28 2002;8867,5
May 27 2002;8905
May 24 2002;8957,5
May 23 2002;8945
May 22 2002;9065
May 21 2002;9035
May 20 2002;9040
May 17 2002;9090
May 16 2002;9150
May 15 2002;9240
May 14 2002;9270
May 13 2002;9277
May 10 2002;9285
May 09 2002;9285
May 08 2002;9290
May 07 2002;9290
May 06 2002;9289
May 03 2002;9310
May 02 2002;9340
May 01 2002;9327,5
Apr 30 2002;9330
Apr 29 2002;9325
Apr 26 2002;9305
Apr 25 2002;9370
Apr 24 2002;9325
Apr 23 2002;9430
Apr 22 2002;9351,5
Apr 19 2002;9351,5
Apr 18 2002;9390
Apr 17 2002;9430
Apr 16 2002;9450
Apr 15 2002;9395
Apr 12 2002;9545
Apr 11 2002;9550
Apr 10 2002;9580
Apr 09 2002;9665
Apr 08 2002;9547
Apr 05 2002;9550
Apr 04 2002;9655
Apr 03 2002;9802,5
Apr 02 2002;9770
Apr 01 2002;9750
Mar 29 2002;9825
Mar 28 2002;9825
Mar 27 2002;9660
Mar 26 2002;9575
Mar 25 2002;9705
Mar 22 2002;9825
Mar 21 2002;9870
Mar 20 2002;9892
Mar 19 2002;9965
Mar 18 2002;9969,5
Mar 15 2002;9995
Mar 14 2002;9975
Mar 13 2002;9975
Mar 12 2002;9970
Mar 11 2002;9945
Mar 08 2002;10015
Mar 07 2002;9942,5
Mar 06 2002;9955
Mar 05 2002;9985
Mar 04 2002;10078
Mar 01 2002;10100
Feb 28 2002;10150
Feb 27 2002;10182,5
Feb 26 2002;10175
Feb 25 2002;10177,5
Feb 22 2002;10215
Feb 21 2002;10205
Feb 20 2002;10187
Feb 19 2002;10185
Feb 18 2002;10280
Feb 15 2002;10247
Feb 14 2002;10230
Feb 13 2002;10187,5
Feb 12 2002;10175
Feb 11 2002;10210
Feb 08 2002;10250
Feb 07 2002;10270
Feb 06 2002;10325
Feb 05 2002;10305,5
Feb 04 2002;10315
Feb 01 2002;10325
Jan 31 2002;10315
Jan 30 2002;10325
Jan 29 2002;10295
Jan 28 2002;10385
Jan 25 2002;10435
Jan 24 2002;10375
Jan 23 2002;10400
Jan 22 2002;10385
Jan 21 2002;10385
Jan 18 2002;10395,5
Jan 17 2002;10395,5
Jan 16 2002;10385,5
Jan 15 2002;10387,5
Jan 14 2002;10405
Jan 11 2002;10431
Jan 10 2002;10430
Jan 09 2002;10420
Jan 08 2002;10425
Jan 07 2002;10375
Jan 04 2002;10415
Jan 03 2002;10375
Jan 02 2002;10415
Dec 31 2001;10400
Dec 28 2001;10475
Dec 27 2001;10412,5
Dec 26 2001;10187,5
Dec 25 2001;10190
Dec 24 2001;10190
Dec 21 2001;10160
Dec 20 2001;10117,5
Dec 19 2001;10095
Dec 18 2001;10155
Dec 17 2001;10195
Dec 14 2001;10195
Dec 13 2001;10110
Dec 12 2001;10025
Dec 11 2001;10165
Dec 10 2001;10240
Dec 07 2001;10365
Dec 06 2001;10400
Dec 05 2001;10470
Dec 04 2001;10470
Dec 03 2001;10455
Nov 30 2001;10465
Nov 29 2001;10412
Nov 28 2001;10400
Nov 27 2001;10430
Nov 26 2001;10350
Nov 23 2001;10495
Nov 22 2001;10550
Nov 21 2001;10440
Nov 20 2001;10535
Nov 19 2001;10572,5
Nov 16 2001;10635
Nov 15 2001;10625
Nov 14 2001;10645
Nov 13 2001;10677,5
Nov 12 2001;10610,5
Nov 09 2001;10410
Nov 08 2001;10470
Nov 07 2001;10637,5
Nov 06 2001;10835
Nov 05 2001;10925
Nov 02 2001;10675
Nov 01 2001;10525
Oct 31 2001;10475
Oct 30 2001;10400
Oct 29 2001;10270
Oct 26 2001;10260
Oct 25 2001;10265
Oct 24 2001;10230
Oct 23 2001;10170
Oct 22 2001;10112,5
Oct 19 2001;10090
Oct 18 2001;10035
Oct 17 2001;10012,5
Oct 16 2001;10000
Oct 15 2001;9965
Oct 12 2001;9970
Oct 11 2001;9937,5
Oct 10 2001;9985
Oct 09 2001;10000
Oct 08 2001;10162,5
Oct 05 2001;9865
Oct 04 2001;9725
Oct 03 2001;9905
Oct 02 2001;10050
Oct 01 2001;9900
Sep 28 2001;9707,5
Sep 27 2001;9672,5
Sep 26 2001;9635
Sep 25 2001;9517,5
Sep 24 2001;9455
Sep 21 2001;9415
Sep 20 2001;9445
Sep 19 2001;9605
Sep 18 2001;9575
Sep 17 2001;9315
Sep 14 2001;9110
Sep 13 2001;9102,5
Sep 12 2001;9040
Sep 11 2001;9090
Sep 10 2001;9075
Sep 07 2001;9150
Sep 06 2001;9000
Sep 05 2001;9055
Sep 04 2001;8990
Sep 03 2001;8987,5
Aug 31 2001;8862,5
Aug 30 2001;8920
Aug 29 2001;9150
Aug 28 2001;9030
Aug 27 2001;8735
Aug 24 2001;8695
Aug 23 2001;8725
Aug 22 2001;8615
Aug 21 2001;8542,5
Aug 20 2001;8525
Aug 17 2001;8750
Aug 16 2001;8750
Aug 15 2001;8775
Aug 14 2001;8485
Aug 13 2001;8550
Aug 10 2001;9110
Aug 09 2001;9200
Aug 08 2001;9330
Aug 07 2001;9355
Aug 06 2001;9390
Aug 03 2001;9515
Aug 02 2001;9625
Aug 01 2001;9625
Jul 31 2001;9500
Jul 30 2001;9700
Jul 27 2001;10050
Jul 26 2001;10050
Jul 25 2001;10050
Jul 24 2001;10050
Jul 23 2001;10187,5
Jul 20 2001;11140
Jul 19 2001;11249
Jul 18 2001;11275
Jul 17 2001;11335
Jul 16 2001;11340
Jul 13 2001;11330
Jul 12 2001;11360
Jul 11 2001;11340
Jul 10 2001;11352
Jul 09 2001;11329,5
Jul 06 2001;11330
Jul 05 2001;11357
Jul 04 2001;11365
Jul 03 2001;11322
Jul 02 2001;11320
Jun 29 2001;11390
Jun 28 2001;11447,5
Jun 27 2001;11395
Jun 26 2001;11372
Jun 25 2001;11365
Jun 22 2001;11355
Jun 21 2001;11345
Jun 20 2001;11290
Jun 19 2001;11390
Jun 18 2001;11295
Jun 15 2001;11260
Jun 14 2001;11225
Jun 13 2001;11225
Jun 12 2001;11237,5
Jun 11 2001;11265
Jun 08 2001;11212,5
Jun 07 2001;11190
Jun 06 2001;11195
Jun 05 2001;11225
Jun 04 2001;11450
Jun 01 2001;11450
May 31 2001;11125
May 30 2001;11395
May 29 2001;11200
May 28 2001;11590
May 25 2001;11455
May 24 2001;11425
May 23 2001;11421
May 22 2001;11425
May 21 2001;11465
May 18 2001;11375
May 17 2001;11300
May 16 2001;11407,5
May 15 2001;11445
May 14 2001;11400
May 11 2001;11277,5
May 10 2001;11165
May 09 2001;11075
May 08 2001;10945
May 07 2001;10950
May 04 2001;10950
May 03 2001;11075
May 02 2001;11225
May 01 2001;11210
Apr 30 2001;11600
Apr 27 2001;11850
Apr 26 2001;12019
Apr 25 2001;11985
Apr 24 2001;11840
Apr 23 2001;11950
Apr 20 2001;11775
Apr 19 2001;11095
Apr 18 2001;10945
Apr 17 2001;10855
Apr 16 2001;10805
Apr 13 2001;10612,5
Apr 12 2001;10612,5
Apr 11 2001;10575
Apr 10 2001;10652,5
Apr 09 2001;10813,5
Apr 06 2001;10845
Apr 05 2001;10705
Apr 04 2001;10610
Apr 03 2001;10445
Apr 02 2001;10432,5
Mar 30 2001;10417,5
Mar 29 2001;10397,5
Mar 28 2001;10390
Mar 27 2001;10425
Mar 26 2001;10400
Mar 23 2001;10385
Mar 22 2001;10395
Mar 21 2001;10435
Mar 20 2001;10415
Mar 19 2001;10428
Mar 16 2001;10315
Mar 15 2001;9925
Mar 14 2001;10160
Mar 13 2001;10287,5
Mar 12 2001;10500
Mar 09 2001;10155
Mar 08 2001;9925
Mar 07 2001;9885
Mar 06 2001;9880
Mar 05 2001;9860
Mar 02 2001;9875
Mar 01 2001;9875
Feb 28 2001;9865
Feb 27 2001;9855
Feb 26 2001;9850
Feb 23 2001;9660
Feb 22 2001;9625
Feb 21 2001;9625
Feb 20 2001;9660
Feb 19 2001;9610
Feb 16 2001;9651
Feb 15 2001;9600
Feb 14 2001;9600
Feb 13 2001;9610
Feb 12 2001;9602,5
Feb 09 2001;9625
Feb 08 2001;9650
Feb 07 2001;9650
Feb 06 2001;9562,5
Feb 05 2001;9550
Feb 02 2001;9550
Feb 01 2001;9540
Jan 31 2001;9450
Jan 30 2001;9440
Jan 29 2001;9425
Jan 26 2001;9425
Jan 25 2001;9450
Jan 24 2001;9400
Jan 23 2001;9400
Jan 22 2001;9400
Jan 19 2001;9475
Jan 18 2001;9400
Jan 17 2001;9450
Jan 16 2001;9445
Jan 15 2001;9475
Jan 12 2001;9610
Jan 11 2001;9625
Jan 10 2001;9535
Jan 09 2001;9490
Jan 08 2001;9485
Jan 05 2001;9507,5
Jan 04 2001;9485
Jan 03 2001;9500
Jan 02 2001;9495
Dec 29 2000;9675
Dec 28 2000;9620
Dec 27 2000;9450
Dec 26 2000;9450
Dec 25 2000;9287,5
Dec 22 2000;9287,5
Dec 21 2000;9315
Dec 20 2000;9250
Dec 19 2000;9255
Dec 18 2000;9385
Dec 15 2000;9355
Dec 14 2000;9375
Dec 13 2000;9460
Dec 12 2000;9495
Dec 11 2000;9310
Dec 08 2000;9550
Dec 07 2000;9577,5
Dec 06 2000;9600
Dec 05 2000;9505
Dec 04 2000;9520
Dec 01 2000;9505
Nov 30 2000;9530
Nov 29 2000;9500
Nov 28 2000;9455
Nov 27 2000;9455
Nov 24 2000;9455
Nov 23 2000;9435
Nov 22 2000;9395
Nov 21 2000;9470
Nov 20 2000;9475
Nov 17 2000;9460
Nov 16 2000;9390
Nov 15 2000;9390
Nov 14 2000;9362,5
Nov 13 2000;9302,5
Nov 10 2000;9225
Nov 09 2000;9260
Nov 08 2000;9207,5
Nov 07 2000;9282,5
Nov 06 2000;9185
Nov 03 2000;9175
Nov 02 2000;9175
Nov 01 2000;9155
Oct 31 2000;9347,5
Oct 30 2000;9445
Oct 27 2000;9140
Oct 26 2000;9060
Oct 25 2000;8950
Oct 24 2000;8917,5
Oct 23 2000;8950
Oct 20 2000;8937,5
Oct 19 2000;8870
Oct 18 2000;8905
Oct 17 2000;8900
Oct 16 2000;8905
Oct 13 2000;8905
Oct 12 2000;8990
Oct 11 2000;8847,5
Oct 10 2000;8840
Oct 09 2000;8825
Oct 06 2000;8805
Oct 05 2000;8790
Oct 04 2000;8800
Oct 03 2000;8775
Oct 02 2000;8782,5
Sep 29 2000;8760
Sep 28 2000;8830
Sep 27 2000;8825
Sep 26 2000;8780
Sep 25 2000;8875
Sep 22 2000;8805
Sep 21 2000;8760
Sep 20 2000;8795
Sep 19 2000;8675
Sep 18 2000;8735